"File","Import"
"src\main.tsx","./styles/app.css"
"src\main.tsx","@/styles/wm-visual-calm-pass.css"
"src\main.tsx","@/styles/wm-shell-normalize.css"
"src\main.tsx","@/styles/utilities.css"
"src\main.tsx","@/styles/components.css"
"src\main.tsx","@/styles/layout.css"
"src\main.tsx","@/styles/base.css"
"src\main.tsx","@/styles/tokens.css"
"src\main.tsx","@/styles/typography.css"
"src\main.tsx","@/styles/wingman-global.css"
"src\main.tsx","./styles/wm-feature-hotfix.css"
"src\main.tsx","@/styles/wingman-global.css"
"src\main.tsx","./styles/wm-layout-pass.css"
"src\main.tsx","@/styles/wingman-global.css"
"src\main.tsx","@/styles/wm-global-compact-pass.css"
"src\main.tsx","@/styles/wingman-global.css"
"src\main.tsx","@/styles/wm-compact-ui.css"
"src\main.tsx","@/styles/wingman-global.css"
"src\main.tsx","@/styles/wm-typography-overrides.css"
"src\main.tsx","@/styles/wingman-global.css"
"src\main.tsx","./styles/index.css"
"src\main.tsx","@/styles/wingman-global.css"
"src\main.tsx","@/styles/wingman-global.css"
"src\main.tsx","@/styles/wingman-global.css"
"src\main.tsx","@/design/system/tokens.css"
"src\main.tsx","@/design/system/layout.css"
"src\main.tsx","@/design/system/components.css"
