"FileName","Path","Directory","Kind","LineCount","NormalizedHash"
"Footer.tsx","src\app\components\Footer.tsx","src\app\components","RealImplementation","44","c0b31c1b49dc31657b6b807c568e1a31f142e549759fcaaf8a3ae6fdddb425b0"
"GuruFloatingButton.tsx","src\app\components\GuruFloatingButton.tsx","src\app\components","RealImplementation","37","17876251e06ec8b6019ba00bc9b5e4ce2987aa17dc350f013c9d6eb02e7e200a"
"ProfileModal.tsx","src\app\components\ProfileModal.tsx","src\app\components","RealImplementation","24","6510ace5d5f9e2ccdbc37ddd8fdce656769579d9948cfad1249015a38fd163ef"
"extractRequirements.ts","src\app\import\extractRequirements.ts","src\app\import","RealImplementation","68","30b85d607a72042dee2e34968517e8f0040cfe0ce481911e7156091ff816832c"
"recommendWyrestorm.ts","src\app\import\recommendWyrestorm.ts","src\app\import","RealImplementation","26","41bcb6bd9902d3cec6642bd169c998fdd09748c80d3b3e25a8a22bc95b862690"
"recommendWyrestorm.tsx","src\app\import\recommendWyrestorm.tsx","src\app\import","WrapperOrReExport","3","725f2a71b37d26d3c37a2f029891037b82e4abf9b91d7d7f9c5265c0a4ca2cb6"
"textExtractors.ts","src\app\import\textExtractors.ts","src\app\import","RealImplementation","17","2651f3b1ac76bfc50b62c6187a93abafba8fc3d4847a6d1cbedf0dae960017c1"
"AppLayout.tsx","src\app\layout\AppLayout.tsx","src\app\layout","RealImplementation","41","a4bf040442b4852852f0c19af5a851ab9c70dba81be443d7cc3641f2671a5f5b"
"AppPageFrame.tsx","src\app\layout\AppPageFrame.tsx","src\app\layout","RealImplementation","14","7c04ea85fc096eec287dcc2e5daf250aa7e36168f5877719d5ff62ff43346258"
"Footer.tsx","src\app\layout\Footer.tsx","src\app\layout","RealImplementation","28","4e0edbf1a9bd01fb5d1a9f43bb78ead13cf031e5c1de6f6e2936d8f115f9da74"
"Header.tsx","src\app\layout\Header.tsx","src\app\layout","RealImplementation","47","3de2cd9d993694339887f2504f0c6c24b446ced52905bd8fe18110b4a4d73d60"
"Logo.tsx","src\app\layout\Logo.tsx","src\app\layout","RealImplementation","21","e3899a04286ba9d638cb4821c575e5527bc0bc0d58f683699f24340e22737c90"
"MobileNavMenu.tsx","src\app\layout\MobileNavMenu.tsx","src\app\layout","RealImplementation","44","03d6db0b21cdaefd42616f31e99547a9b90828bc8e44eda904964b82e1eeabe6"
"NavDropdown.tsx","src\app\layout\NavDropdown.tsx","src\app\layout","RealImplementation","43","665a4a824f38cfa53876e2d2703c8a9cddbc4f50556111eb1379f3ecc062e07d"
"PageShell.tsx","src\app\layout\PageShell.tsx","src\app\layout","RealImplementation","61","096a397b925719c12c6951f115bffa2d2c7b03f8cc551c5862a8785ba062aaec"
"ProposalLayout.tsx","src\app\layout\ProposalLayout.tsx","src\app\layout","RealImplementation","12","9d68d74eceb6470dc89f0358a33c8d60098a38b28bef747f3ae9978c9dfecd55"
"Search.tsx","src\app\layout\Search.tsx","src\app\layout","RealImplementation","184","88319b6b478040b2171bf6c97f6f56df4e1e7f9a0fe1e9ac79c39353e1520f93"
"CategoryMenu.tsx","src\app\navigation\CategoryMenu.tsx","src\app\navigation","RealImplementation","119","d291fad6d70c95de641befe5af4b47f718ebba53170eb65ce33f5b4956b6a9d7"
"nav.data.ts","src\app\navigation\nav.data.ts","src\app\navigation","Other","28","d40d0e409211ec9c04ba52ad17c1aa05fae678e7862526488767fa94fe237586"
"TopBar.tsx","src\app\navigation\TopBar.tsx","src\app\navigation","RealImplementation","81","6b1752eeff1b04cb3a590238c2aa46e434c12246bd31025b95b1978f8b0f9bb0"
"CompletionChecklistPage.tsx","src\app\pages\CompletionChecklistPage.tsx","src\app\pages","RealImplementation","470","89a72cda74613c269a09d19095918d5744ad6d08578d8ea58e797427ef80552c"
"WingmanProviders.tsx","src\app\providers\WingmanProviders.tsx","src\app\providers","RealImplementation","16","5e46267feea72adacacaa0821a6bdcdbd24f882ed70d01178bce9a464747acb0"
"navConfig.ts","src\app\routes\navConfig.ts","src\app\routes","RealImplementation","26","48a7809305c3f8bee1a842ba67b5d3eacee84add309410623b93feecce8fc28a"
"routes.ts","src\app\routing\routes.ts","src\app\routing","Other","22","8be740058ce176d59263de8503a6b1d95badb51e1feef819f7014ca53d791a34"
"templateSeed.ts","src\app\schema\templateSeed.ts","src\app\schema","RealImplementation","93","8c38d95447a969d9cf033eeb9b41193f2ad9759642fa1fdf5735bcf7e3016839"
"AppShell.tsx","src\app\shell\AppShell.tsx","src\app\shell","RealImplementation","50","8db39b2bd7f7ae6590fbb17adf7d83bb1f13665df0942d62802a074784f13b63"
"PublicShell.tsx","src\app\shell\PublicShell.tsx","src\app\shell","RealImplementation","168","5abce482ad4fd0c068516c4a82f8e8d053522271b67dbfa693240d56484c2def"
"ToolsLayout.tsx","src\app\shell\ToolsLayout.tsx","src\app\shell","RealImplementation","42","faec1586a8038eadc2ab30ae5f76ef7ac64f573b6c3417911adff42dc5ac84ca"
"useLocalStorage.ts","src\app\storage\useLocalStorage.ts","src\app\storage","Other","15","f706b34fb9bd64c032503f965bf7ebfb22c138bc992081b0d42ab5567a91384a"
"userProfile.ts","src\app\storage\userProfile.ts","src\app\storage","RealImplementation","27","f7c5083eb2b26c8658b29c4569744b7f413f6055e57868b3ce2cd25fd86ea2ce"
"NotFoundPage.tsx","src\app\system\NotFoundPage.tsx","src\app\system","RealImplementation","14","2498f80ce3d3bbd23ab8775e6a89888746cecdf9f8e678048d62db1d649cd3ce"
"theme.ts","src\app\theme\theme.ts","src\app\theme","RealImplementation","55","8ced9336681c9db7bcf46563444c5e4fb3c98a47832ceaffb92bd19e77519093"
"ThemeToggle.tsx","src\app\theme\ThemeToggle.tsx","src\app\theme","RealImplementation","40","ffc3297e7d4863ccd6ad7336bdde3bdd7312bd0d831207ead9b51ad896f959cf"
"safeLazy.tsx","src\app\utils\safeLazy.tsx","src\app\utils","RealImplementation","39","f318487d0038f17964772764453ec225de4b849704b836070fe6a7bddcf4111d"
"schema.ts","src\app\utils\schema.ts","src\app\utils","RealImplementation","19","97cb0b41da9b068d2270c8518b4707e3ff0f74f807ab11b0d9f8a85841c3765f"
"ComparisonTray.tsx","src\app\ComparisonTray.tsx","src\app","RealImplementation","39","f535ef4ec076a5875a9b7674f2d9953468f0eb4f4e83e08ca6aebf9c6e4f6d60"
"FeedbackModal.tsx","src\app\FeedbackModal.tsx","src\app","RealImplementation","69","4c9cfbd430fa9c184ff35e7afae5d4dc63e7d8fb091c74bd42bccbf8e17431ce"
"Icons.tsx","src\app\Icons.tsx","src\app","WrapperOrReExport","2","3eeb9dc207593bae0ac99908d7a07ec203ba076631e45cd3cebfe93c6a1c7e79"
"ProfileModal.tsx","src\app\ProfileModal.tsx","src\app","RealImplementation","169","31192a36a2d72a7886c3ef16bed6a6db479cb88c4a37bed6a7e08722b5da432e"
"auth.ts","src\auth\auth.ts","src\auth","RealImplementation","28","2a52a99b6416e42f0f97ab9ce8f40f2dcae1f5aa131495acb0aaedb996eff2a3"
"AuthContext.tsx","src\auth\AuthContext.tsx","src\auth","RealImplementation","31","9ae114fd0da6e88fa9580bc4aa9f30ae8fb7208edc114f3d34ff1d54f86224d2"
"authStore.ts","src\auth\authStore.ts","src\auth","RealImplementation","20","9ced9b763b701abe0a95636f5eac69e3570f89c7d9be7b458b4596832b020b63"
"RequireAuth.tsx","src\auth\RequireAuth.tsx","src\auth","RealImplementation","9","950cf7f2b5bf3325322e1333264fa18b3ab7334f49a2345c2e91a163542125b2"
"CatalogAdvisor.ts","src\catalog\intelligence\CatalogAdvisor.ts","src\catalog\intelligence","RealImplementation","15","9911c39fc8c8c826868bc57c597c7b293afae09f10731b1b27b6ca441b0cff6b"
"CatalogRepository.ts","src\catalog\CatalogRepository.ts","src\catalog","RealImplementation","17","15405714715f1a8ad65cd7b9b95f20d1516faa26d9926fca6e2022d25e0a992c"
"CatalogService.ts","src\catalog\CatalogService.ts","src\catalog","Other","3","8f0d55c59bc42ddd9728d178ac86c344134109ee288a7c7ff790cfc9cd8f5958"
"model.ts","src\catalog\model.ts","src\catalog","Other","45","f96c08bff1ab8dd88cd3a91c15d68e3db839deb2317135dc98099f57c90f8aec"
"types.ts","src\catalog\types.ts","src\catalog","Other","12","cae8be22e925b4d1fd9d2b13ad54cbe47c1a8238445c10032c65592ed4cf603e"
"competitorDataset.ts","src\competitor\competitorDataset.ts","src\competitor","Other","45","352e6c93b246a9967705a8d510f006e7b741f4f4b97ac61413a15e495cd8d665"
"CompetitorMatchService.ts","src\competitor\CompetitorMatchService.ts","src\competitor","RealImplementation","123","84306091038c7c67de9009237557b472c2ee23fbd470373c9268bae291d60832"
"CompetitorStore.ts","src\competitor\CompetitorStore.ts","src\competitor","RealImplementation","11","5e70ce074a4943e40ad41770d47f5ecc9a6a8b09118ca588538e760516498c8c"
"csv.ts","src\competitor\csv.ts","src\competitor","RealImplementation","137","ede7bac96885d39591550a1e2aa8490a680120c03b4626b3b4b5a3bb86a52966"
"types.ts","src\competitor\types.ts","src\competitor","Other","51","9b46418ebf0c0ab19901ff964e9c83b6071780ca170b8781901ec52f596812f4"
"Room3DViewer.tsx","src\components\3D\Room3DViewer.tsx","src\components\3D","RealImplementation","179","ce751c0af7972c0b48839830b19501fda929502d9e795ac1e00e3f4726be9304"
"Room3DViewerAdvanced.tsx","src\components\3D\Room3DViewerAdvanced.tsx","src\components\3D","RealImplementation","364","9d9c4dfe146421d13b2a091b265a577fea596518e001de9888af8af3a9c30014"
"CompetitorMatchFinderPanel.tsx","src\components\app\tools\competitor-compare\CompetitorMatchFinderPanel.tsx","src\components\app\tools\competitor-compare","WrapperOrReExport","3","09d8906f95fc827c50914378ded92091d89eb9e25f12e5489a586bf08a740cbd"
"recentTools.ts","src\components\app\tools\recentTools.ts","src\components\app\tools","RealImplementation","78","14ef29351470566935ef36a90eb2c1a851d0868fb53a988e590ee8661f59250f"
"recentTools.tsx","src\components\app\tools\recentTools.tsx","src\components\app\tools","WrapperOrReExport","3","277f503d5ff20d227f5e7ad4151f3565d065048e34a3ec2ed253e2a48567a490"
"ToolGrid.tsx","src\components\app\tools\ToolGrid.tsx","src\components\app\tools","RealImplementation","21","4247d9b83546f6d7e5b8b8a8a1fe1821d7108eaa3ffb74c89a7396355f9123e7"
"LoginForm.tsx","src\components\auth\LoginForm.tsx","src\components\auth","RealImplementation","35","0bf7b722bfd5379c2ea077f804c5fbe5242de29e08ed8ad77cf60b6164a67329"
"LogoLockup.tsx","src\components\brand\LogoLockup.tsx","src\components\brand","RealImplementation","4","6550044820aa27efd8ebe36673c5c06b95f7bf75c15207e9655df20fc3c0a8f1"
"BrandLogo.tsx","src\components\branding\BrandLogo.tsx","src\components\branding","RealImplementation","54","a26fb623720b9c585899be5f04fa57ea3ca0276c7853b53bd1d6c8cb5615cdb6"
"WingmanBrand.tsx","src\components\branding\WingmanBrand.tsx","src\components\branding","RealImplementation","14","d901d4526b2154b454b6e3ab82e6fa9b6b079f5167c79180d7d98f0df5ab320b"
"Chips.tsx","src\components\catalog\Chips.tsx","src\components\catalog","RealImplementation","6","bd283675032b956ad8028088fc7f1bcf1e5947c9e5aa3680c018fcb7643288d2"
"CompetitorMatchFinderPanel.tsx","src\components\competitor\CompetitorMatchFinderPanel.tsx","src\components\competitor","RealImplementation","4","0caff526ae6f2f57faa5dcb58b6a9fb98cd4b10f6b0f6cf177b0a33c1743dee2"
"AncillaryCostsForm.tsx","src\components\financials\AncillaryCostsForm.tsx","src\components\financials","Other","1","dab1872173eb598c48a1fcee6a54efeba83d471d7fb63848e659d68aace3628c"
"CostSummaryDisplay.tsx","src\components\financials\CostSummaryDisplay.tsx","src\components\financials","Other","1","dab1872173eb598c48a1fcee6a54efeba83d471d7fb63848e659d68aace3628c"
"AudioDesignStep.tsx","src\components\guidedWizard\steps\AudioDesignStep.tsx","src\components\guidedWizard\steps","RealImplementation","159","5152011f3a8a4c3f1ec675043bf78fd787044d52d454a82d4c6c713cfa0e5b8b"
"DisplayOutputsStep.tsx","src\components\guidedWizard\steps\DisplayOutputsStep.tsx","src\components\guidedWizard\steps","RealImplementation","194","50edd838da4157eae3825eabf664934078d7f4dfbb83bfb3d9cb02974c542499"
"InputSourcesStep.tsx","src\components\guidedWizard\steps\InputSourcesStep.tsx","src\components\guidedWizard\steps","RealImplementation","216","d53636e6dfc305dfaa3152ad84dafa468692b5346c34fb1ed2335337fd28bc2b"
"NeedsAssessmentStep.tsx","src\components\guidedWizard\steps\NeedsAssessmentStep.tsx","src\components\guidedWizard\steps","RealImplementation","138","917847376c23389161618cfbcf8b2e938d2f565b19643702b39c3f00abb8b0b0"
"ProjectContextStep.tsx","src\components\guidedWizard\steps\ProjectContextStep.tsx","src\components\guidedWizard\steps","RealImplementation","211","9d9b23ad9ff4104820f3663953ebe3b26b4dcb52e9abb9e8e2e28994bec8a3b2"
"RoomTypeStep.tsx","src\components\guidedWizard\steps\RoomTypeStep.tsx","src\components\guidedWizard\steps","RealImplementation","11","ae717daf6d4e47c1d4a48e4307121234dc371d919d30a384bfcb7f2c06918cf5"
"TierSelectionStep.tsx","src\components\guidedWizard\steps\TierSelectionStep.tsx","src\components\guidedWizard\steps","RealImplementation","71","3e9c645df8c612ee3ff9a7e6633d5038dcb3355e8ab0712e2f5a03fc5b0f9476"
"AppIcons.tsx","src\components\icons\AppIcons.tsx","src\components\icons","RealImplementation","121","d28c15f752741ddcc16f5bf0a65e53b599218c05aa1f942cacb31abb9f952197"
"UIIcons.tsx","src\components\icons\UIIcons.tsx","src\components\icons","RealImplementation","89","06e0132005b15e507738c489dedb3bec51ff3ff5afcffd72751b51b73ba8b3b3"
"AssignedInputs.tsx","src\components\io\AssignedInputs.tsx","src\components\io","RealImplementation","45","9cca50b0d2cbe25456797ba731db57f75b764fde4997951b9af03f7504fb4395"
"DeviceAttributeSelector.tsx","src\components\io\DeviceAttributeSelector.tsx","src\components\io","RealImplementation","25","21b967edd4ebd76721e873c1b0858136611d56ebdc0786c175446815e8b15cd5"
"InputsPanel.tsx","src\components\io\InputsPanel.tsx","src\components\io","RealImplementation","21","3d37fb46dcbf90f11aa943f5929dcc842cbaa14a201de5be269977300559255a"
"io-icons.tsx","src\components\io\io-icons.tsx","src\components\io","RealImplementation","65","be2c2079e5c86df4fa4a29e256c296f1a5ff64005fbd1d681ea6ee66c01c59f6"
"IoColumnPanel.tsx","src\components\io\IoColumnPanel.tsx","src\components\io","RealImplementation","38","e06c1148226d26644f1e210f65815bb71733a0f7f68307be9bb986376a493fa0"
"IOConfigurationPanel.tsx","src\components\io\IOConfigurationPanel.tsx","src\components\io","RealImplementation","49","41d1f2bcac9b6ab55b003c19de70b540f58b3434be774e30f58ee141483b3c5a"
"IoDeviceCard.tsx","src\components\io\IoDeviceCard.tsx","src\components\io","RealImplementation","57","61ad52f91e9ef0cc46d68c3680775d6db7c08c7411b1d105f24e14bce5627724"
"IOWizardModal.tsx","src\components\io\IOWizardModal.tsx","src\components\io","RealImplementation","75","4398b286d70629fcb9c966039cdcd789955986e1ff8c22f950f14625c5e03665"
"OutputsPanel.tsx","src\components\io\OutputsPanel.tsx","src\components\io","RealImplementation","21","61a22fe3c79cb2113bbb57cdb57eccb903856544c8ed035a9aa17d5b47741fe6"
"MobileNavMenu.tsx","src\components\layout\MobileNavMenu.tsx","src\components\layout","WrapperOrReExport","2","529944b3ec9464fef430c242acc2ddfae38bc3ada79485c1ccf90118557c76c5"
"NavDropdown.tsx","src\components\layout\NavDropdown.tsx","src\components\layout","WrapperOrReExport","2","3a6fde54650d5fea96573dacc505e1fc7c2daddf4ecc18a58b8fe2782eb25661"
"PageShell.tsx","src\components\layout\PageShell.tsx","src\components\layout","WrapperOrReExport","2","e9ef6a5791c1aebbafd41a4ee92bf3d9912473cdb48d10919213ea977477c8c9"
"ContextualLoadingUI.tsx","src\components\loading\ContextualLoadingUI.tsx","src\components\loading","RealImplementation","47","10e518bbf7359a99958bd5c47faa2e9bc8fe943145121bf48bf0ec85eb442ad0"
"PlannerCanvas.tsx","src\components\planner\PlannerCanvas.tsx","src\components\planner","Other","1","dab1872173eb598c48a1fcee6a54efeba83d471d7fb63848e659d68aace3628c"
"ConfiguredRoomCard.tsx","src\components\projectSetup\ConfiguredRoomCard.tsx","src\components\projectSetup","RealImplementation","26","40af4c91f34591bfaafec39aaec343cba56a66531bb2f4b9caf8494cf40bcddc"
"ProjectDetailsForm.tsx","src\components\projectSetup\ProjectDetailsForm.tsx","src\components\projectSetup","RealImplementation","49","22240d42b36fe35ffff6b176b4a0f4f6fdc6c9cd9c93c6e99a5ee21cbc661ff4"
"EditableSection.tsx","src\components\proposal\EditableSection.tsx","src\components\proposal","RealImplementation","42","86d11237f508e6bf1b2bf12e63fede73a797c19f002d862ce68d4c58e02c3470"
"EquipmentTable.tsx","src\components\proposal\EquipmentTable.tsx","src\components\proposal","RealImplementation","27","9ff16682d236f3e3788f4eeafa015dea1cce3934fdbfb770d5cc3dc3be4dac45"
"ProposalHeader.tsx","src\components\proposal\ProposalHeader.tsx","src\components\proposal","RealImplementation","23","49fca914f232924a96740b6c4737bdcd09d051b5a101bdf08bce54a8c61674ed"
"ProposalSection.tsx","src\components\proposal\ProposalSection.tsx","src\components\proposal","RealImplementation","14","e2c9dfd1d3995aa43088da72989399652e2090525e65c9d0099b81259d805c61"
"TranslateProposalModal.tsx","src\components\proposal\TranslateProposalModal.tsx","src\components\proposal","RealImplementation","40","7bb358aaef80739d1b2c38f0bfc216abefcf9603fec3295634dca633d9f03b52"
"ChatInputForm.tsx","src\components\quickQuestion\ChatInputForm.tsx","src\components\quickQuestion","RealImplementation","38","6a56e460ec063e77b2e83cd91e775eee55b6dd7a79cb8e5065985ba87b4d4305"
"ChatMessage.tsx","src\components\quickQuestion\ChatMessage.tsx","src\components\quickQuestion","RealImplementation","24","73c3f56a1a35bf64fd1ef42dfa9bc5db61764965817cadca3b8a5bf70bd829b0"
"PresetQuestions.tsx","src\components\quickQuestion\PresetQuestions.tsx","src\components\quickQuestion","RealImplementation","28","7af78bf646b87a66a3842f05d1ac4d0623149e3ad7a8450a2fc78a9c835e8239"
"QuickQuestionResult.tsx","src\components\quickQuestion\QuickQuestionResult.tsx","src\components\quickQuestion","RealImplementation","39","d25a31afe30e638ce749154cd3395e6a7e11eec821389960af192f7aaae04319"
"TypingIndicator.tsx","src\components\quickQuestion\TypingIndicator.tsx","src\components\quickQuestion","RealImplementation","16","818cd0a0f1cfc80dde86356d15ef8a4b7afa1f618b6d4ea2f1d3f979367e6568"
"DesignTierSelector.tsx","src\components\roomWizard\basicInfo\DesignTierSelector.tsx","src\components\roomWizard\basicInfo","RealImplementation","45","e6273441f2089471dedfa4c3282703426cc0e5a1f0e2b714b2c2c154cd023559"
"IOSection.tsx","src\components\roomWizard\basicInfo\IOSection.tsx","src\components\roomWizard\basicInfo","RealImplementation","60","acd1b31c4c4673c74ac472e7f282a198461f903adee6063c42688a345348c27c"
"RoomDetailsInputs.tsx","src\components\roomWizard\basicInfo\RoomDetailsInputs.tsx","src\components\roomWizard\basicInfo","RealImplementation","37","e4ae0bb2b7c521ea4215096ad3b0cf83d4d0505f51499657ae33f75016826907"
"RoomSpecsInputs.tsx","src\components\roomWizard\basicInfo\RoomSpecsInputs.tsx","src\components\roomWizard\basicInfo","RealImplementation","85","298c4511c3ca6d9fb38ec73cd1a7ec166ced23620de49678d0449e8f3c48a58b"
"WizardToggleOption.tsx","src\components\roomWizard\common\WizardToggleOption.tsx","src\components\roomWizard\common","RealImplementation","24","b17f03c5879b045bbe2fd563d5e66bcb87bd5c42b9629aad247712b3870b4a1d"
"BasicInfoInputs.tsx","src\components\roomWizard\ioConfig\BasicInfoInputs.tsx","src\components\roomWizard\ioConfig","RealImplementation","61","7920b4ea64be80ba6c6cadc6fd8019d14ff58915e1832ea5608590445d5b64a0"
"ConnectivityInputs.tsx","src\components\roomWizard\ioConfig\ConnectivityInputs.tsx","src\components\roomWizard\ioConfig","RealImplementation","85","80ee1f64b57b100a68856c06583134e558b262d4de24f1c26600a1618c42e2d4"
"ControlInputs.tsx","src\components\roomWizard\ioConfig\ControlInputs.tsx","src\components\roomWizard\ioConfig","RealImplementation","48","d0724f165a27c62c654d90ab2d8fdd4ffaf1311995989bdbcacabdb2891d17cf"
"OutputSpecifics.tsx","src\components\roomWizard\ioConfig\OutputSpecifics.tsx","src\components\roomWizard\ioConfig","RealImplementation","47","e3324c9e57198dbbd1f7fd58a45e2af0b6f508581eaa6fa3f5aa91f24af58d8d"
"DisplayConfig.tsx","src\components\roomWizard\outputs\DisplayConfig.tsx","src\components\roomWizard\outputs","RealImplementation","85","00474065a34e4e705903c03c75176a3c89d30a46b9ba0522176f546e59b84323"
"DisplayTypeCard.tsx","src\components\roomWizard\outputs\DisplayTypeCard.tsx","src\components\roomWizard\outputs","RealImplementation","28","46fec1b85cbcfda455a4ebdaad3eb86e3b5987a0ad0acf4d835013b9ee25d830"
"OutputConfigCard.tsx","src\components\roomWizard\outputs\OutputConfigCard.tsx","src\components\roomWizard\outputs","Other","1","dab1872173eb598c48a1fcee6a54efeba83d471d7fb63848e659d68aace3628c"
"VideoWallConfigurator.tsx","src\components\roomWizard\outputs\VideoWallConfigurator.tsx","src\components\roomWizard\outputs","RealImplementation","365","0545fcd94ec7bf5b6007aa22354b284943d167399677abe8ae0ea11fe31fc2b7"
"StepSummary.tsx","src\components\roomWizard\videoWall\StepSummary.tsx","src\components\roomWizard\videoWall","Other","1","dab1872173eb598c48a1fcee6a54efeba83d471d7fb63848e659d68aace3628c"
"StepTechnology.tsx","src\components\roomWizard\videoWall\StepTechnology.tsx","src\components\roomWizard\videoWall","Other","1","dab1872173eb598c48a1fcee6a54efeba83d471d7fb63848e659d68aace3628c"
"FeatureCard.tsx","src\components\roomWizard\FeatureCard.tsx","src\components\roomWizard","RealImplementation","55","e167c5348eb1380c9d5ad74732ebaddc269b2fd4cc2ef5b1b59d761854af21f7"
"IOPointConfigModal.tsx","src\components\roomWizard\IOPointConfigModal.tsx","src\components\roomWizard","RealImplementation","82","9b13068de11e3107047a771f6ed5a666ee185a8f74050c69f2d3d202d8a7ee90"
"IOPointEditor.tsx","src\components\roomWizard\IOPointEditor.tsx","src\components\roomWizard","RealImplementation","51","4b9edda4f2c4dd591f1416061107a9975c8836201bdde5637a7f194a267d9229"
"StepAudio.tsx","src\components\roomWizard\StepAudio.tsx","src\components\roomWizard","RealImplementation","87","2cdedd5e3f5a27958794ec371799ac2902452a945e993bc404fa8f8aacbd7e8e"
"StepAVoIPNetwork.tsx","src\components\roomWizard\StepAVoIPNetwork.tsx","src\components\roomWizard","RealImplementation","95","c1c11bf43e9ab6704743584e78f4db14b0cad63fd5aef71af64cfe42b7f13db5"
"StepBasicInfo.tsx","src\components\roomWizard\StepBasicInfo.tsx","src\components\roomWizard","RealImplementation","18","797ae53a3f21779bce785c57955375bfbf3c1f2cf268f92a047c864d4538a569"
"StepBudget.tsx","src\components\roomWizard\StepBudget.tsx","src\components\roomWizard","RealImplementation","16","cb7e3199a1babaef524cc85240fc6a60a3bacca8316d16e387a5a0acbc4aa35b"
"StepDisplay.tsx","src\components\roomWizard\StepDisplay.tsx","src\components\roomWizard","Other","1","dab1872173eb598c48a1fcee6a54efeba83d471d7fb63848e659d68aace3628c"
"StepEnvironment.tsx","src\components\roomWizard\StepEnvironment.tsx","src\components\roomWizard","RealImplementation","77","0071a18069b9315b618701362bca27fa5c0dbb65dd19085c0a0da839abc66be4"
"StepFeatures.tsx","src\components\roomWizard\StepFeatures.tsx","src\components\roomWizard","RealImplementation","62","7d43ff766b5bd931708a2b52703fadf2396f74815d315f0c0cc73b283d3b5a13"
"StepInputs.tsx","src\components\roomWizard\StepInputs.tsx","src\components\roomWizard","RealImplementation","93","1612f304a31b914567b26dfb6408d9e3fa382ba4c705de5cbf64861b16c266ee"
"StepMultiMonitor.tsx","src\components\roomWizard\StepMultiMonitor.tsx","src\components\roomWizard","Other","1","dab1872173eb598c48a1fcee6a54efeba83d471d7fb63848e659d68aace3628c"
"StepOutputs.tsx","src\components\roomWizard\StepOutputs.tsx","src\components\roomWizard","RealImplementation","48","80cb6660e12b613572084122e11aae986eda59eacc29f424cbbb60fcd3b81c5c"
"StepSources.tsx","src\components\roomWizard\StepSources.tsx","src\components\roomWizard","Other","1","dab1872173eb598c48a1fcee6a54efeba83d471d7fb63848e659d68aace3628c"
"StepTechnical.tsx","src\components\roomWizard\StepTechnical.tsx","src\components\roomWizard","RealImplementation","63","9eab7c4c09de13973e7327c303092b65f7ab47ccdabfbf1314cd82f1c8836839"
"VideoWallWizardModal.tsx","src\components\roomWizard\VideoWallWizardModal.tsx","src\components\roomWizard","Other","1","dab1872173eb598c48a1fcee6a54efeba83d471d7fb63848e659d68aace3628c"
"WizardNavigation.tsx","src\components\roomWizard\WizardNavigation.tsx","src\components\roomWizard","RealImplementation","49","b01eff1d6936ee7c4a349bb715d242c7d524da245c2bfdfbd0f27f8488b094e3"
"DefaultThemeBrowser.tsx","src\components\templateBrowser\DefaultThemeBrowser.tsx","src\components\templateBrowser","Other","1","dab1872173eb598c48a1fcee6a54efeba83d471d7fb63848e659d68aace3628c"
"TemplateDetailPanel.tsx","src\components\templateBrowser\TemplateDetailPanel.tsx","src\components\templateBrowser","RealImplementation","57","5e6a95b3a298b31f675be666a660d210e6f0698be05c825be58718a5241d029a"
"RecentRouteTracker.tsx","src\components\tools\RecentRouteTracker.tsx","src\components\tools","RealImplementation","13","bb5ba21fcc1062646918f9b3183a357763f413ff35a440c944112ac048a012e4"
"recentTools.ts","src\components\tools\recentTools.ts","src\components\tools","RealImplementation","68","23eb521ba333ba3e688baf0b9dcad5126de853689ff333e2b94dc521526ab01b"
"ToolGrid.tsx","src\components\tools\ToolGrid.tsx","src\components\tools","RealImplementation","16","2ee1a80f2ab6aeeb4d8fd7a190343675ae80c6fbcc265a9508b67b56aacc9a0b"
"Certificate.tsx","src\components\training\Certificate.tsx","src\components\training","RealImplementation","35","d1e0a29c9df3118861d7cecae80f6c120bba40326a9dbfdb07fcd1f78bf1d42d"
"QuizResultsView.tsx","src\components\training\QuizResultsView.tsx","src\components\training","RealImplementation","34","0cde343d5d4bea5ae07b1542ada35a51998b9495ff98cd0ae8742dfafdc922f9"
"QuizView.tsx","src\components\training\QuizView.tsx","src\components\training","RealImplementation","65","1bfd0904ea806b8a893fc91a85f80344ab333a51b67dac94984c013ebd2d46d7"
"TrainingModuleView.tsx","src\components\training\TrainingModuleView.tsx","src\components\training","RealImplementation","53","ab4fc64a8ba013ad14c5039dce07a0557a89878f6a77f2391295738306efef03"
"ToggleSwitch.tsx","src\components\ui\ToggleSwitch.tsx","src\components\ui","RealImplementation","22","30f405bde9edc6fd58b4e2415fd9a0f4a1d65dbc9dea253e2aa5b075766434d5"
"ActionButton.tsx","src\components\welcome\ActionButton.tsx","src\components\welcome","RealImplementation","23","1786b3cdddd4b3a895d9cad220876364c677f06d2e27585d885479a3b910753c"
"ActionButtons.tsx","src\components\welcome\ActionButtons.tsx","src\components\welcome","RealImplementation","21","57e427e2d04228dd30bcf9c782ed5ef588370927e4d42db746dab520401cd4d8"
"DefaultWelcome.tsx","src\components\welcome\DefaultWelcome.tsx","src\components\welcome","RealImplementation","6","5cb7f0ffb25da82d93eefc08cc59ddd60853d71e2821231927e764aba7703d83"
"RecentProjectCard.tsx","src\components\welcome\RecentProjectCard.tsx","src\components\welcome","RealImplementation","43","f41aa77c0dc75a12fc335cbfd0e54e0d31599efad2284f6b029b13201429ea4b"
"RecentProjects.tsx","src\components\welcome\RecentProjects.tsx","src\components\welcome","RealImplementation","23","aa982e27495faf870d00a0e4d65fbf51239c5237a7ada94344799dfaa7e9f729"
"WelcomeHeader.tsx","src\components\welcome\WelcomeHeader.tsx","src\components\welcome","RealImplementation","16","dbb5f7ecb16d067aa56c3bfa4897cec763d6b6b55247d576de1059fbb1a06cf7"
"AIDesignActionPanel.tsx","src\components\workspace\configurator\AIDesignActionPanel.tsx","src\components\workspace\configurator","RealImplementation","74","a2e44291bf6a8ec38a5a688f2370d00e575fd20da8479302d30a6ee183d52a8e"
"EquipmentListPanel.tsx","src\components\workspace\configurator\EquipmentListPanel.tsx","src\components\workspace\configurator","RealImplementation","95","4e181637bc0c82864565df2c5e7b7e6100746fbb9b81e49fa9343ce4258c4eda"
"FunctionalityStatementPanel.tsx","src\components\workspace\configurator\FunctionalityStatementPanel.tsx","src\components\workspace\configurator","RealImplementation","27","9d2d5092427b729401311a35f23fb2d1f7084f93f935da8a81de9d6e823fec13"
"ValueEngineeringPanel.tsx","src\components\workspace\configurator\ValueEngineeringPanel.tsx","src\components\workspace\configurator","RealImplementation","4","e9682890222b001312bdf24861463f6dd839ba044f20031e4b8f8f5282c8c9e6"
"WorkspaceContent.tsx","src\components\workspace\WorkspaceContent.tsx","src\components\workspace","RealImplementation","24","d325eb482ec5d309319c77567c0f15b21da0588454010856ff4f0ab903b05372"
"WorkspaceTabs.tsx","src\components\workspace\WorkspaceTabs.tsx","src\components\workspace","RealImplementation","32","d5196274b14c54cd260f7d97a093c675a6fa1e87db99e4a40ad6ed3dc0bf0c0e"
"AddRoomModal.tsx","src\components\AddRoomModal.tsx","src\components","RealImplementation","84","764a8e804c8d27143a4141b3fec1fedb86c576af4f69df64b8e21deead7e1c5e"
"AnalyticsDashboard.tsx","src\components\AnalyticsDashboard.tsx","src\components","RealImplementation","14","32d66b5f1f6fce717444284a8feba4274daf6003722c5a3414c2e851a4a775d0"
"AncillaryCostsForm.tsx","src\components\AncillaryCostsForm.tsx","src\components","RealImplementation","252","7a269800f31c28177063daa815d08a04f3efdea008cfc189b511e9f164edfd4f"
"AudioDesignGuideModal.tsx","src\components\AudioDesignGuideModal.tsx","src\components","RealImplementation","31","a085afbf4913b432a17feebb4cbbf4a2637dbf8e19cdef83200e7c8a37650e4f"
"BulkOperationsModal.tsx","src\components\BulkOperationsModal.tsx","src\components","RealImplementation","191","ee122d0ab060be2ccdbaf0c9b3e4e2fed559194201b6d77f78ebc34e452851b3"
"CableRoutingVisualization.tsx","src\components\CableRoutingVisualization.tsx","src\components","RealImplementation","368","3a97fa30019cb2c0c5076bb578e8af727bc36c98bddb5c2a83593c7eb5284714"
"ConnectivityGraphic.tsx","src\components\ConnectivityGraphic.tsx","src\components","RealImplementation","53","09d01181d29f302be8fcdd87f3184d3ba85ac30811ff173158f3fb51313b166b"
"CostSummaryDisplay.tsx","src\components\CostSummaryDisplay.tsx","src\components","RealImplementation","226","cf0daf80e3acd39857e5da68446c2504d64d9ce6bbdef521e6e2c2a108668e3d"
"DefaultHeader.tsx","src\components\DefaultHeader.tsx","src\components","RealImplementation","34","1a9591473f2cba839ef3556b77af8f65b3066bb92dbb8a80e6ec90851944fda3"
"DesignOptionsModal.tsx","src\components\DesignOptionsModal.tsx","src\components","RealImplementation","84","9a5b0fd0e66c8508c0fca2819c97972997c094f708a1ff8657fa21334ab51687"
"DesignReviewModal.tsx","src\components\DesignReviewModal.tsx","src\components","RealImplementation","40","c350121eb9940040841280d43df29b1494ed0f97dfc79eae232c2de0ea9f3749"
"EditProjectDetailsModal.tsx","src\components\EditProjectDetailsModal.tsx","src\components","RealImplementation","47","d01cc4babb59735b70f3f2b049a6aac0b74baab092db4c5780567e73fc71dd78"
"EOLWarningModal.tsx","src\components\EOLWarningModal.tsx","src\components","RealImplementation","35","b6c7a70d7a83321fb7b5764def54243c63b6f71985f921cea29396b6cb39d6db"
"ErrorBoundary.tsx","src\components\ErrorBoundary.tsx","src\components","RealImplementation","57","345b8dc8afaa375ac4b08b891853f2470acd36bcfe9f9ae2847a1eb992d1e740"
"ErrorDisplay.tsx","src\components\ErrorDisplay.tsx","src\components","RealImplementation","27","0783232c06f86393a5a4179ba870b8ad73915ee62001c19fd3fe0d2903cede8e"
"FloatingNav.tsx","src\components\FloatingNav.tsx","src\components","RealImplementation","12","fbab217c778ba0ed5fa86395ec028ea5400d0d6df84dd65d63ee1c6c5a17f67b"
"Icons.tsx","src\components\Icons.tsx","src\components","WrapperOrReExport","8","d7481f81fbf7773bcb74b81fc6947ba26dfa2c84bec80e8c22a1fdaf1ea17f71"
"InfoModal.tsx","src\components\InfoModal.tsx","src\components","RealImplementation","68","499bd41689d92a50bdaf8a0528c9411b7c79247d63dcdd111882f8297ff77cf4"
"InfoTooltip.tsx","src\components\InfoTooltip.tsx","src\components","RealImplementation","17","83ede50a6cfd8adc480666c5e5dffafd7121988b4626e1c80b8b004fc4cb4522"
"InfrastructurePanel.tsx","src\components\InfrastructurePanel.tsx","src\components","RealImplementation","12","41c9396b61c664a7960da7248a667f54e06354623b1dd53fcead6c375ace6114"
"InteractiveDiagram.tsx","src\components\InteractiveDiagram.tsx","src\components","RealImplementation","24","5b26e57d7fd64ee2d8d6829d4159c50c1f77916f512e0aba0b840e03b9e1f15e"
"InteractiveDiagramReactFlow.tsx","src\components\InteractiveDiagramReactFlow.tsx","src\components","RealImplementation","295","59f54e1afe0433a3babf9cba86061b98091c85bd61c8b743f0672a5778e12dbf"
"KeyboardShortcutsModal.tsx","src\components\KeyboardShortcutsModal.tsx","src\components","RealImplementation","64","801fb859ce8d1509179a6d6ea88b78443060e9fa7f7d68d86c3c1c119a024477"
"LoadingSpinner.tsx","src\components\LoadingSpinner.tsx","src\components","RealImplementation","10","3fab22712514e4d1c00313ef973e457ffd53deba9c6be8ec2cf3a15ef161e37c"
"LoginModal.tsx","src\components\LoginModal.tsx","src\components","RealImplementation","90","6453f92a96b6900d1696081b4675214439c07582734fedd77f68981fde409d62"
"MermaidDiagram.tsx","src\components\MermaidDiagram.tsx","src\components","RealImplementation","62","989a193b8fc5fc828a5d662a7d0e57c2064746961fe7d76616dde141ceac0c63"
"NetworkInfrastructurePanel.tsx","src\components\NetworkInfrastructurePanel.tsx","src\components","RealImplementation","66","0a0903a002bfb5df69043142131c45635c9a1c99c16b65267008494c80f95850"
"PlannerCanvas.tsx","src\components\PlannerCanvas.tsx","src\components","RealImplementation","162","4c4243022c850aa9d9f0a649958fdbfb0d5b1127c3081c1179060343fbf45fce"
"PricingCalculator.tsx","src\components\PricingCalculator.tsx","src\components","RealImplementation","204","9b34363c9ed675bda36a0c4ced750738d1d4b51f19c6e16067dd93d491bf0697"
"ProductCard.tsx","src\components\ProductCard.tsx","src\components","RealImplementation","48","182f0ab32ebc0918e6f5049684be9929219d9fd00488d236d63ffdef2934dda2"
"ProductComparisonModal.tsx","src\components\ProductComparisonModal.tsx","src\components","RealImplementation","202","23bd315b0d342a1f8f1a78b47d0e5674739002c8bb298e22a0f030221828ee92"
"ProductFinderModal.tsx","src\components\ProductFinderModal.tsx","src\components","RealImplementation","22","7d76fc1ee65aea56effedf964b4e1af4c352ce8d549e255f03316c19541dd6e3"
"ProductInfoModal.tsx","src\components\ProductInfoModal.tsx","src\components","RealImplementation","33","1dc0d783f9609f1c2a4e9c295bef81d7747c64941943a8876bd266d3effea961"
"ProjectEmptyState.tsx","src\components\ProjectEmptyState.tsx","src\components","RealImplementation","29","3466618770ea284e9a41a93e2ee94719b12141c5f46190ada37417e4c8258ffe"
"ProjectNotesModal.tsx","src\components\ProjectNotesModal.tsx","src\components","RealImplementation","37","8cfcb03d0bd822dcc9e5bd2ee77906ee952ac86276f6ab11da0d591016eb3e0a"
"ProjectWorkspace.tsx","src\components\ProjectWorkspace.tsx","src\components","RealImplementation","28","313e23fdd1f8a10dd8f5169a57eacc1127c7730f86c828e05fcefa43cb0b1073"
"QuickQuestionFAB.tsx","src\components\QuickQuestionFAB.tsx","src\components","RealImplementation","16","7f216e2c4de30f56a486b5b9d711ce85648f5e3639d5f840cff0554710187a32"
"RelatedProductsModal.tsx","src\components\RelatedProductsModal.tsx","src\components","RealImplementation","135","852a44bde64ca462765fcde854f91a2d13964475ed67384327c23f53c6aacd68"
"RoomSelectorDropdown.tsx","src\components\RoomSelectorDropdown.tsx","src\components","RealImplementation","22","bdb505211016859ada66448e1ce36dc2b1cf2f4c6fa97b81dc6fd951dc1d0a63"
"RoomTypeButtons.tsx","src\components\RoomTypeButtons.tsx","src\components","RealImplementation","219","b17696d6662b1517bd0ebd59446ad286751ea2cbc6abc97538302c5c691ae193"
"RoomTypeStep_Improved.tsx","src\components\RoomTypeStep_Improved.tsx","src\components","RealImplementation","138","d69522f14fd2048083ab35d1b03f4493ec8041d045158bd0c9d30b9d66d46df3"
"RoomWizard.tsx","src\components\RoomWizard.tsx","src\components","RealImplementation","11","311059f6b0248bfa8129ba3c8d2ea9c27e9fc5cf580b1232f2e04d9d05fa1104"
"SaveTemplateModal.tsx","src\components\SaveTemplateModal.tsx","src\components","RealImplementation","85","dfa3d756c7b2614d24f9fb66d49919f4925ab781383a5feb70204e2dc013d8dc"
"SimpleDiagram.tsx","src\components\SimpleDiagram.tsx","src\components","RealImplementation","11","7b05f3c56ded9cf735def3f59a7a5c8fa56cf8a58d19ffdeb3474ec0b8b9a143"
"SystemDiagram.tsx","src\components\SystemDiagram.tsx","src\components","RealImplementation","14","655ad4c9f263fc69b6477e9c4f09102defff9ff1482fef5e3be85dc099f1cb08"
"TechnologySpecAnalyzer.tsx","src\components\TechnologySpecAnalyzer.tsx","src\components","RealImplementation","336","aa6db80fa541287ab01ca7fcf606b9278978fcf5f778fbb163af6f9f107b0cf9"
"TemplateCard.tsx","src\components\TemplateCard.tsx","src\components","RealImplementation","45","9384c2a1925775b498b0ce7c35a937c6e9229e329e0bb55f054dcd406d43642f"
"TemplateGroupCard.tsx","src\components\TemplateGroupCard.tsx","src\components","RealImplementation","40","95954eaa8b8798ae0d1883d31744af81594bf78add82fdacd44bd08f4c7d9b0b"
"TemplateTierSelectorModal.tsx","src\components\TemplateTierSelectorModal.tsx","src\components","RealImplementation","74","4215382cf62c2d220a60240b96df373df1f872666cc8995a985eed9b07d0539e"
"TierIcon.tsx","src\components\TierIcon.tsx","src\components","RealImplementation","26","8c9f49af1de4f1f6205498846c696623d790ec7a3a237e5eea242f254d4f052e"
"TierInfoModal.tsx","src\components\TierInfoModal.tsx","src\components","RealImplementation","55","3c497f24c380af231f127f5d29d9e64a5c027aa00c5dacde3af98b41d8dc707c"
"TierTooltip.tsx","src\components\TierTooltip.tsx","src\components","RealImplementation","23","2bb81ac4c385ff9eb58813dc9bafd8ca079e4ae6a07474a5db5403b8c6feb049"
"types.ts","src\components\types.ts","src\components","Other","30","40577e95a7525c8619997da5d7e909f1b040971fefd6afb4010ed48d2149c387"
"UndoRedoToolbar.tsx","src\components\UndoRedoToolbar.tsx","src\components","RealImplementation","78","17ab34426ae6fa9c07fc66baf6a1b92d032e83faf3f69d8f3a2d3945d7ecd8b9"
"VerticalMarketCard.tsx","src\components\VerticalMarketCard.tsx","src\components","RealImplementation","35","25fc13271d8290686cd29e6bc160a76d5a3322d537ef480b1660c1d751dc37a3"
"VirtualProductList.tsx","src\components\VirtualProductList.tsx","src\components","RealImplementation","72","00195112509dfac64bc6af15381ade2ff4e0ce5b96db3824c6d8be48a782ccd7"
"VisualRoomPlanner.tsx","src\components\VisualRoomPlanner.tsx","src\components","RealImplementation","73","ed478d0a8757a194e2e3575e990a8a522d567f9516416f191d54e434c8e75d45"
"WallLayoutDisplay.tsx","src\components\WallLayoutDisplay.tsx","src\components","RealImplementation","27","688cfe84d99c8bf2eb78dfe342cedd241b27463a5868c28d95f2658942dbb76f"
"AuthContext.tsx","src\context\AuthContext.tsx","src\context","RealImplementation","40","36e1bbf79eddaf29ad27d6327e37ab9b54522ffe9c5420f1430904f13ecdcac4"
"createStrictContext.ts","src\context\createStrictContext.ts","src\context","RealImplementation","12","ae9ef1a5f1ebe9432cdd8e0a9a18bc54aa66638f6236912f5e0f7d01a1867d34"
"DemoRoleContext.tsx","src\context\DemoRoleContext.tsx","src\context","RealImplementation","17","bc2607a2c796fb60f293666afef65d17f19e256310039df9ba67de8abf452756"
"GenerationContext.tsx","src\context\GenerationContext.tsx","src\context","RealImplementation","21","ca1fe69120787884deac576f44689806523b93f0762ed532ea160f45305b3dd9"
"index.ts","src\context\index.ts","src\context","WrapperOrReExport","4","7a67d7162ed0f7b2f844c85fb4e5e95381c9e364d046c064f3f8a93cb4fe9a36"
"LocaleContext.tsx","src\context\LocaleContext.tsx","src\context","RealImplementation","16","a06bc7ee10e34d6d741b9554a5b661157f8877ec4418247c02e95bcf52a3b2ac"
"ProjectContext.tsx","src\context\ProjectContext.tsx","src\context","RealImplementation","83","36df911bf21ea9b75125e2735e7f6bc10fae4a128ad32ed37fb3a7d18099070c"
"UserContext.tsx","src\context\UserContext.tsx","src\context","RealImplementation","38","c41ae1b3c54acd49d6814e5c3c73886a337ec17d0d14e2aea2d05f8be09ecd9a"
"RoomWizardProposalAdapter.ts","src\core\adapters\RoomWizardProposalAdapter.ts","src\core\adapters","RealImplementation","41","5733a67e5974f9be5803588f3f1eab23eb692311bae4c15e93f30dbe1e3050ad"
"RoomWizardSummaryAdapter.ts","src\core\adapters\RoomWizardSummaryAdapter.ts","src\core\adapters","RealImplementation","48","7ce97e448b2382a39900a0c56e9a99b6bcee7f16cd018f3790a54f99898c59a4"
"explainer.ts","src\core\engineering\explain\explainer.ts","src\core\engineering\explain","RealImplementation","44","6bebe08a12a39936e6033a5493d4af16cb1daa39abfb6811420ea2503f9d3ba5"
"index.ts","src\core\engineering\explain\index.ts","src\core\engineering\explain","Other","2","669d120a38406fbe21627f9aa4f028f09faa54b72d32a2ae3960ee0bf53bdb4e"
"index.ts","src\core\engineering\patterns\index.ts","src\core\engineering\patterns","WrapperOrReExport","2","6c6fcbb65d357809779562dd2d5ce86ffebe4333cabce5379e85e3790ca9ff2d"
"library.ts","src\core\engineering\patterns\library.ts","src\core\engineering\patterns","RealImplementation","64","3fa717461273428dfd3fb7270ebd9914852d547fa20a88f9ab5aa97115e1dbfa"
"index.ts","src\core\engineering\rules\index.ts","src\core\engineering\rules","WrapperOrReExport","3","c1b7e75d0dec207057fc1facb2e6f7f1e71556d6d85a291037969cf9194a8f00"
"registry.ts","src\core\engineering\rules\registry.ts","src\core\engineering\rules","RealImplementation","112","54456b2fcbf6f9cf3381097e310ac7aedc8ae7445bf44c428060568a15ae1a02"
"types.ts","src\core\engineering\rules\types.ts","src\core\engineering\rules","Other","11","a81c2b31748c1ec1001808918d01a7444fdc2f49c635e6f15ff9995521f25ac8"
"index.ts","src\core\engineering\validate\index.ts","src\core\engineering\validate","Other","2","50b61b22ae3fcc2a7eec30eb7d0a5ec2f935a2303d08f55564b7be28de25a980"
"validator.ts","src\core\engineering\validate\validator.ts","src\core\engineering\validate","RealImplementation","46","9f30dbe73f7e090ee2155a32d50f5896444c06d24edc3c69305652597c6d4f16"
"EngineeringCore.ts","src\core\engineering\EngineeringCore.ts","src\core\engineering","RealImplementation","125","03cfbd25933d5c36ae30b66b1f86d1ee06ffdfddb8ba12ef1f8d9c16e58e06ff"
"index.ts","src\core\engineering\index.ts","src\core\engineering","WrapperOrReExport","7","f0a385f53cf0aec8785849b491193afa2d18f61ab65270e3abb96ac707ffbc83"
"roomToProposal.ts","src\core\engineering\roomToProposal.ts","src\core\engineering","RealImplementation","18","785ddaf8977e3590fb06b408aa9621cd93e684949af76870ab090e1662af50e2"
"types.ts","src\core\engineering\types.ts","src\core\engineering","Other","153","e9a6dbf917df18923f69b9bc99d841f530a5e33ec769835b9a5191ba1be7acab"
"ProductCapability.ts","src\core\models\ProductCapability.ts","src\core\models","Other","33","86e8f7319a80aca06c6e6b0390e11ea6b772fad151135f7b407a3c631808b22b"
"ValidationTypes.ts","src\core\models\ValidationTypes.ts","src\core\models","Other","8","e605cf4a56528be73ec2f05ec31a6ae6cf896a518cdeec07d9d21e441a509488"
"ServicePipeline.ts","src\core\services\ServicePipeline.ts","src\core\services","RealImplementation","29","e88fa291fdceba50e8a9de3cb976d943f2ea9d598b7f719f8a893bcac54351c6"
"ValidationEngine.ts","src\core\services\ValidationEngine.ts","src\core\services","RealImplementation","54","74b7d0c504dce675913620f461e1aeebf517d4b9d0b50ad19cf2acead2eaa05d"
"templatesRepo.ts","src\core\templates\templatesRepo.ts","src\core\templates","RealImplementation","49","33cb7012ea530105bff33ccd1ce7b16eb420ceb2619afbc66851c4a3941c954c"
"accessories.ts","src\data\products\accessories.ts","src\data\products","Other","26","bfb35bdb014e03ed1dac3cfcbc13c2a8964e28a9836698759d5094802bfe626e"
"audio.ts","src\data\products\audio.ts","src\data\products","Other","45","c744e50085dfef0561255b9afb79d79ce749e2709b4e470cfdef741063cc89a0"
"avoip.ts","src\data\products\avoip.ts","src\data\products","Other","193","168e3464d9eae19847505a10e8939224cbcc22e841997a2a6fa738859b6219d2"
"cables.ts","src\data\products\cables.ts","src\data\products","Other","29","bd51e4d2da475eb73a8650e684479c234d139e78d5ee04f3b893c911534333d5"
"cameras.ts","src\data\products\cameras.ts","src\data\products","Other","61","28b049e9f99bab304b66dcdfd87b46b7a1a1afb6866434817981b92d9ee0124f"
"control.ts","src\data\products\control.ts","src\data\products","Other","48","c420ce0a38b4de0f481018e0f733d43cf906d776e90722708c5d63a27bf5c778"
"extenders.ts","src\data\products\extenders.ts","src\data\products","Other","25","3a5e2fbf8e85c8c88b683c46c942afd9307aa05d4f5929fc2d2679de76c6e0fd"
"generic.ts","src\data\products\generic.ts","src\data\products","Other","59","1c12894f49166dd7a2e3279f467456d157105042c9956d06fe22b3adb59722a3"
"new-arrivals.ts","src\data\products\new-arrivals.ts","src\data\products","Other","112","3800b02c8af23f0fa2eeacc288c3a524066776b85acb0027c7e9b2a6052b852f"
"processors.ts","src\data\products\processors.ts","src\data\products","Other","44","6cd13ea2f352c4dfabd997dee351b5664081850969417f6a7463f7dbe10a447f"
"switchers.ts","src\data\products\switchers.ts","src\data\products","Other","163","189d794f9990c6116e74e083b65c42e8e7aa768822ea72db52f923f742e92094"
"uc.ts","src\data\products\uc.ts","src\data\products","Other","52","40d0b3e703b3ea53cbbd7ce850b4f17a520b5e399c3190675d852a35eef2d46e"
"part1_signals.ts","src\data\techDatabase\part1_signals.ts","src\data\techDatabase","Other","12","60a7ab915345c6fee050da44bb3ff58d7b5c53dcf43e95d96b90e8d2c2c33ab1"
"part2_extension.ts","src\data\techDatabase\part2_extension.ts","src\data\techDatabase","Other","12","c26fcd2158767941f1441c2509b939014cd2c514cd417d5d71b33236e488b2bb"
"part3_avoip.ts","src\data\techDatabase\part3_avoip.ts","src\data\techDatabase","Other","12","a7907b47976b2d346b79248abc239ea19037a429531d3d1d2c10661cdb20f238"
"part4_advanced.ts","src\data\techDatabase\part4_advanced.ts","src\data\techDatabase","Other","10","df8accab4ea0f4e1bec7ace8a84f9a7e0450a63ae5805c129f3d1cb8cb5fd13a"
"part5_wyrestorm.ts","src\data\techDatabase\part5_wyrestorm.ts","src\data\techDatabase","Other","8","a10340edb7ed17d21c12af425de246bcf488098e403741f0a5bc8f99a519dcc8"
"command.ts","src\data\templates\command.ts","src\data\templates","Other","93","3cd248d9234795b5fe8f979b6723e8dba2aba3765ee68cb34cfd7c5d29d90d29"
"corporate.ts","src\data\templates\corporate.ts","src\data\templates","Other","261","e7dd8214b83b51d700a4861c30b9f512da1925cd82cf5472f1b94e406c1d6a51"
"education.ts","src\data\templates\education.ts","src\data\templates","Other","177","0a7f3622467b775271ce00d15b0e803d7de91a36a1fa016fdfcdfa5df6d56735"
"gaming.ts","src\data\templates\gaming.ts","src\data\templates","Other","76","29afe10b26acf295c8ff970e7f0173173739ede0473ecd00e824aa053bda19ad"
"government.ts","src\data\templates\government.ts","src\data\templates","Other","171","04d41ee99606ad4f6c81b47b01e5f5a21e4511da600fb4546730a9f20710bc35"
"hospitality.ts","src\data\templates\hospitality.ts","src\data\templates","Other","218","31d96b4eee72526efc2a23c502136f48aca53a58c5f78ba9a7e5027191f22e17"
"how.ts","src\data\templates\how.ts","src\data\templates","Other","86","13bf576f7eb49688f33c92c2ea34d01026be8e5b2ef05e985a58075689b55281"
"industrial.ts","src\data\templates\industrial.ts","src\data\templates","Other","81","709a12c378fd8ff6e262993ae572136008aa3512173fdd013b8fe1c68695a0bd"
"residential.ts","src\data\templates\residential.ts","src\data\templates","Other","84","ccfb5096ae1f72f3b34e93043b998284eac930aaefe939e0ebbafdbb59e986ef"
"retail.ts","src\data\templates\retail.ts","src\data\templates","Other","85","64f7399a11d2ead9f91371ba7d8dc98c893f72bb8e0d6fcc62c771c602cab4d1"
"transportation.ts","src\data\templates\transportation.ts","src\data\templates","Other","83","92985bad0c369420ccd8043a4da3fe6332c8bf6ce776b20166fcd7702481bfe4"
"venue.ts","src\data\templates\venue.ts","src\data\templates","Other","90","1d159d766b3a2dfd6d5e788a61a6a6afb02151e01c36ea77d804c24b6747be21"
"module0_terminology.ts","src\data\training\module0_terminology.ts","src\data\training","Other","84","a4e68a421275ac4bc1c37bf22adb454c60a273495d13a35afacedaf431ed308c"
"module1_signals.ts","src\data\training\module1_signals.ts","src\data\training","Other","100","f2657103b11aa1c46894668021f95043bd88b2c2fc0a38458211847786bacc3e"
"module10_apis.ts","src\data\training\module10_apis.ts","src\data\training","Other","80","d28d10b84742d4b689a283da2c3875caa1141461560c272fadf7f2c19b3cdc83"
"module11_installation.ts","src\data\training\module11_installation.ts","src\data\training","Other","70","dbc8864d661222efdb0f2eec8a37a96baf9a84a6141fef1af8a0f6dd50624a00"
"module12_site_survey.ts","src\data\training\module12_site_survey.ts","src\data\training","Other","27","bff94de25bcb927053233cef78a2fbd5a3b3f2cfc5b3bf9b5167cda6f7817546"
"module2_hdbaset.ts","src\data\training\module2_hdbaset.ts","src\data\training","Other","88","d18115a7f8010fdb5845c2644c45cc3819145151ed985b183b7ce3d5add71d9d"
"module3_avoip.ts","src\data\training\module3_avoip.ts","src\data\training","Other","70","5868b4a2526083cd677c204644fcb6ca49467df2f6e2b99cf9b43ef0e8b28e6d"
"module4_networking.ts","src\data\training\module4_networking.ts","src\data\training","Other","74","0ccd084579e41766d6dd1cc1834fc44bb4b9a70ead86b6a657a04bdfdc61a443"
"module5_datasheets.ts","src\data\training\module5_datasheets.ts","src\data\training","Other","36","00b7c437afcf82b33d8a0d8e9df3ce63a660aa2733434a9e5f1b3b0535840dc3"
"module6_videowalls.ts","src\data\training\module6_videowalls.ts","src\data\training","Other","51","1a5a181379537becc2c2a7e750631ea516087816e918dd80472bbee022a51672"
"module7_field_guides.ts","src\data\training\module7_field_guides.ts","src\data\training","Other","40","9e25b70bec35930ecfff299f9c4dfd1d14842b3672d5fb9df34ce65433f6d000"
"module8_bant.ts","src\data\training\module8_bant.ts","src\data\training","Other","50","56d06e451d9c7cb7c02be404d1c52b20a2a7ab06123838c4b245b2d015caced1"
"module8b_sales_inquiry.ts","src\data\training\module8b_sales_inquiry.ts","src\data\training","Other","47","971e273833445cc0c4c40c59ba9f8862482590f24b38fb1463f1fecfe2bd1761"
"module9_troubleshooting.ts","src\data\training\module9_troubleshooting.ts","src\data\training","Other","80","90917a1d15ab4b5ea1ad277ad181adc30a6c2e3a3b613e1214c0e5232fdecb87"
"constants.ts","src\data\constants.ts","src\data","Other","104","26493606a6dba42750bf87c118e2f6d646ed9e11a3559d5a0b5ba63b85b36027"
"defaultTemplates.ts","src\data\defaultTemplates.ts","src\data","Other","28","e0a44051983cc7d8aa173af9e06c7813315f3cb3af284d2c608a0271484dbc07"
"installationTaskDatabase.ts","src\data\installationTaskDatabase.ts","src\data","Other","8","2738f7228893a30a65db2f05cadb32cd02b68480f3472876341c3e2f72ac924c"
"mappings.ts","src\data\mappings.ts","src\data","Other","16","a40f8475816118656840769d30ba2aa68037dec21a5827b020e74a8bc8b6daf8"
"navigation.ts","src\data\navigation.ts","src\data","WrapperOrReExport","2","5f8c0ac532c2b88fbf119ce1608b6c6b027d88ed79df5bcb54127b7999d7d4a0"
"pricing.ts","src\data\pricing.ts","src\data","WrapperOrReExport","2","cae3061eea96c42626923a6bf7c401db831dd71e4134a74117d6c3220b05f337"
"productDatabase.ts","src\data\productDatabase.ts","src\data","Other","29","42012bd64985210b913284ef70191a0ef770177e4e4ac2560808356543e2bd57"
"technicalDatabase.ts","src\data\technicalDatabase.ts","src\data","Other","14","06a676d37c4451c22aedf2420e3a8e9ba6cf2a6dfbecf92cfc2ea7ad3740072a"
"themes.ts","src\data\themes.ts","src\data","Other","1","dab1872173eb598c48a1fcee6a54efeba83d471d7fb63848e659d68aace3628c"
"toolCategories.ts","src\data\toolCategories.ts","src\data","Other","61","5669198cfd5a349a01612cc1615753c6c8a3f42c8d4a0c9900bdbe4333043dad"
"trainingContent.ts","src\data\trainingContent.ts","src\data","Other","32","6755dbfad25053576c897516dd0f5b412e0f5992e6e4aa811a4827419ac06ad3"
"wizardOptions.ts","src\data\wizardOptions.ts","src\data","Other","149","da9da6f80902836c81cc77486cc744baac87f6274260fe1bb20e57953a1f1018"
"wyrestormSkuCatalog.2026.ts","src\data\wyrestormSkuCatalog.2026.ts","src\data","WrapperOrReExport","4","545ad661dea908ff530caede8520ef3d328f8c1907f7ab8b70635efb4d52202a"
"FeedbackCategory.tsx","src\designReview\FeedbackCategory.tsx","src\designReview","RealImplementation","26","fafb21238dc6b881edc4e20a756a84b812e2233680cedf8ff79e957d4b7a2229"
"guruApi.ts","src\features\ai\guru\guruApi.ts","src\features\ai\guru","RealImplementation","53","fc2231a7ced5c92fffce0b84f27289e6b21ae108118a1f7230b50937bfa493a3"
"GuruMount.tsx","src\features\ai\guru\GuruMount.tsx","src\features\ai\guru","RealImplementation","50","1576280510124bb355a1dd2716fffe5092dcf4ef484a62705fda5c42dddf8006"
"guruStore.ts","src\features\ai\guru\guruStore.ts","src\features\ai\guru","RealImplementation","37","e0c26284f199d8bac80349ba5346e8ce15defdde64e060e0fc2b3cfae5773803"
"GuruWidget.tsx","src\features\ai\guru\GuruWidget.tsx","src\features\ai\guru","RealImplementation","245","649468c0e838c652c9abc5e920d39e64306b7d09643792ee6c20546f27fb6a84"
"CatalogPage.tsx","src\features\catalog\CatalogPage.tsx","src\features\catalog","RealImplementation","290","e595a30a12f1baed5124ab09fc92542ab7bf6f9c7ec5c4e2af7bb42d9daf9621"
"catalogSeed.ts","src\features\catalog\catalogSeed.ts","src\features\catalog","Other","93","680cbe9e7da587a4ab364c2306580f1d4055c9b737c0871e2e0c23198583326a"
"CompetitorComparePage.tsx","src\features\compare\CompetitorComparePage.tsx","src\features\compare","RealImplementation","264","8f5a697031577985d836829453ea58cc7eedeebda4533f6b90626c4a52793aeb"
"competitorComparisonService.ts","src\features\competitor\competitorComparisonService.ts","src\features\competitor","RealImplementation","210","69461b3a301cd4fb3b1134d61f8a4ca3cc4d1649bbbf740614a59bbbfa5fc878"
"DashboardPage.tsx","src\features\dashboard\DashboardPage.tsx","src\features\dashboard","RealImplementation","381","8203ce9bc3d6b60e3f91ebd39c35b97362d2f71f763429d33b0252f83edc5865"
"SalesActionStrip.tsx","src\features\dashboard\SalesActionStrip.tsx","src\features\dashboard","RealImplementation","179","5d4059f33716dfabd9014f0e2ea4a36bc5b10d8259562f978722179f6ca534a8"
"AdvancedSignalPathPanel.tsx","src\features\discovery\AdvancedSignalPathPanel.tsx","src\features\discovery","RealImplementation","254","cce5733f684c2d8c527ea66edfb72b0353aecabccb4e97089337ed785cc7a4a3"
"DiscoveryAdvanced.ts","src\features\discovery\DiscoveryAdvanced.ts","src\features\discovery","RealImplementation","171","eee41b9b344bf13f0b6eff3668ebceaec330a8667a9d9262bab59405149fa025"
"discoveryStore.ts","src\features\discovery\discoveryStore.ts","src\features\discovery","RealImplementation","131","ff61447275702deffbeedf1449ba17e6e40f6a23b5d75ad5db67857f335368c4"
"DiscoveryWizardPage.tsx","src\features\discovery\DiscoveryWizardPage.tsx","src\features\discovery","RealImplementation","1002","f8b0cd2ba480cc87be1e053fa3ce28ab38fbdf577726b48bf5d1f71707c65089"
"ExportSnapshotPage.tsx","src\features\export\ExportSnapshotPage.tsx","src\features\export","RealImplementation","146","0cdffd66614b786ded57300fbd340dc66d2c8029711b12fd99ae2c092105f48f"
"guruCatalog.generated.ts","src\features\guru\guruCatalog.generated.ts","src\features\guru","Other","80","1c82140820e7166cf20d5c3383333564e6702a8866deb22f28b785166c55f5c8"
"guruCatalog.seed.ts","src\features\guru\guruCatalog.seed.ts","src\features\guru","Other","200","77390ebf4e810c08dc761d91fdeddb685e8901ed32933c67f45d474cd96d8a95"
"GuruPage.tsx","src\features\guru\GuruPage.tsx","src\features\guru","RealImplementation","442","c9356e97c2f9592d78ddd294e3da66632ebf5f075ec7239e88a74278b826526f"
"guruService.ts","src\features\guru\guruService.ts","src\features\guru","RealImplementation","174","11cfba77b2bd09c29fd864c99862c90cf5992f3d6c973b675f90963ff25f1191"
"ImportIntakePage.tsx","src\features\import\ImportIntakePage.tsx","src\features\import","RealImplementation","12","5749db98d83f3c94c7d1f46987710a8fdac75079038714b3b428952e34a9c689"
"ProfilePage.tsx","src\features\misc\ProfilePage.tsx","src\features\misc","RealImplementation","41","9f773d7ea98644d5c326ae1986befadc2dc76238352103261198f7d853d1f36c"
"templateCatalogExpanded.ts","src\features\misc\templateCatalogExpanded.ts","src\features\misc","RealImplementation","401","2c053c973789053d60eff7d81a32f2455cacc20a39332d0dd26564044ca56876"
"TemplatesPage.tsx","src\features\misc\TemplatesPage.tsx","src\features\misc","RealImplementation","670","bb6f5408456a8b7552acedbd79960238108369cf9db9fc4e95021d3e032e033f"
"TemplatesRoute.tsx","src\features\misc\TemplatesRoute.tsx","src\features\misc","RealImplementation","5","e5ac1d31eee74e5e4bd8a0f07176b7d5c1f914a69d1049533c527cab0e0c6d8a"
"TrainingHubPage.tsx","src\features\misc\TrainingHubPage.tsx","src\features\misc","RealImplementation","185","5989f10e43b10701d52c42110d7ebf355cdb1c353a7ed5c9f33c2ecfe265015c"
"VideoWallPlannerPage.tsx","src\features\misc\VideoWallPlannerPage.tsx","src\features\misc","RealImplementation","271","33be7ad9470a96b48a187e37808548f1ac56dc7745fcb9ef28788565741c878f"
"pricing.ts","src\features\pricing\pricing.ts","src\features\pricing","Other","258","3c14572170965f8b063e33a7f8ed1b654e45249ce16d7a2a9eb4ccf44ea00c0f"
"projectDraftStore.ts","src\features\projects\projectDraftStore.ts","src\features\projects","RealImplementation","540","03f0634079c2170b4329acb039fdbb4d71b214009f2ffc528e437c89133961c8"
"ProjectNewPage.tsx","src\features\projects\ProjectNewPage.tsx","src\features\projects","RealImplementation","120","ca7c9deea549f3aac1729691b99f939aaaf01b58c3804696a9858ffd1f0dcba8"
"ProjectsPage.tsx","src\features\projects\ProjectsPage.tsx","src\features\projects","RealImplementation","232","8489e3d7ee57952fb69c69ac888dcb811bc3842be6ae794cccf76cb8a9d9f9ad"
"projectStore.ts","src\features\projects\projectStore.ts","src\features\projects","RealImplementation","198","80c3cb69a88e2ca4ab8fa9b6c3573ee6b204bc19043f454d6df5c73677cbaf46"
"ProposalBuilderPage.tsx","src\features\proposals\ProposalBuilderPage.tsx","src\features\proposals","RealImplementation","162","ce5490b645f4560c1697d5aadaa45d1d682f0d73dd7f85ee0b4b6ad655871615"
"ProposalHandoffPanel.tsx","src\features\proposals\ProposalHandoffPanel.tsx","src\features\proposals","RealImplementation","51","da8a579499202712afb9d0ac4a402870058cbdce7460948a22be1649889b8cff"
"RoomWizardPage.tsx","src\features\roomwizard\RoomWizardPage.tsx","src\features\roomwizard","RealImplementation","303","9ab52fb3e0aa071f2ddd2f76815b7cb4090c3e98a907f7790c552ae6407b9321"
"templateCatalog.ts","src\features\templates\templateCatalog.ts","src\features\templates","Other","297","9aa65d9c32272eefeeee7433ed01c5d33196d70a9e305ee7deefe52f4f1657c6"
"TemplatesPage.tsx","src\features\tools\TemplatesPage.tsx","src\features\tools","RealImplementation","276","0967531fa6609d54ef9dd4cbc707045d0a8688ea4c5d11c2a59f7e71d7a6aad9"
"ToolHubPage.tsx","src\features\tools\ToolHubPage.tsx","src\features\tools","RealImplementation","268","03d1ed4b5273653a7fa61b12451d61f12b0b9e595809358e75ffceac556a2ba3"
"RequireActiveProject.tsx","src\guards\RequireActiveProject.tsx","src\guards","RealImplementation","23","355a55080aac356edef87b35a207a4edb47b70b094b1d1cb64be4149622821f1"
"projectReducer.ts","src\hooks\reducers\projectReducer.ts","src\hooks\reducers","Other","107","857c4383cf25824016a5410bf695c1c0ca85447f4d42cc826c6b5659658bd2d0"
"useClientRequests.ts","src\hooks\useClientRequests.ts","src\hooks","Other","30","ea078d9c3757827ac7438e77ebdbac5236399b163860007ecdc6f80a93d6cef4"
"useKeyboardShortcuts.ts","src\hooks\useKeyboardShortcuts.ts","src\hooks","Other","55","d1e49f1779777304554cf99b16130570e6f8ebee1cc95ea626f244b1e8d58745"
"useLocalStorage.ts","src\hooks\useLocalStorage.ts","src\hooks","Other","50","a103819f6bfffdc54a4f1202bacbec1a0403afb2c106bea7a6a5c594de6e31ea"
"useProjectGeneration.ts","src\hooks\useProjectGeneration.ts","src\hooks","RealImplementation","20","74fff7a467b35566c1629f700100f164432ccff21a2f95011f8a20f28a6dda46"
"useProjectManagement.ts","src\hooks\useProjectManagement.ts","src\hooks","Other","137","2123978d2fa5ddf02a84a1721c521b6f0e024e3e46730aec968eacf17c3c8b4a"
"useRoomWizard.ts","src\hooks\useRoomWizard.ts","src\hooks","Other","51","9024cb8b19512977b10ab01c8f0fce11dd465930824c7fbc31d3a31a7fb210ba"
"useServiceWorker.ts","src\hooks\useServiceWorker.ts","src\hooks","Other","46","0f7791d4fa5ac4881934bd597e7abd42558faaf152cc160bab24d4ff26455e08"
"useTheme.ts","src\hooks\useTheme.ts","src\hooks","Other","38","d869c2df31b20eb13fb80453496b90070b37f58f1ad9d7d7c83e054734443b16"
"useUndoRedo.ts","src\hooks\useUndoRedo.ts","src\hooks","Other","143","ebcf7ac9d91f0dff018e591c7629dfa54ad0aef8e478909e332936ab9a11d698"
"useUserProfile.ts","src\hooks\useUserProfile.ts","src\hooks","RealImplementation","14","b8538636b9ac45ce9202437a3872010054fc20200726c23ebfaf778842eb5ca9"
"useUserTemplates.ts","src\hooks\useUserTemplates.ts","src\hooks","Other","21","e97ac6e1bf3fde28fe7a5c8c24d45221f696b9c60c8c80ea7aff09c9e818508d"
"useWizardState.ts","src\hooks\useWizardState.ts","src\hooks","Other","37","ecc32cdc900c0b94dd69d867eef91692d9eb1802aad3ddb67523de2de3f12455"
"useWizardStepsAndValidation.ts","src\hooks\useWizardStepsAndValidation.ts","src\hooks","Other","32","c6d62e0c43101b956dcbf47166fa99bc9ca1f218c3922e2567bff33831b33139"
"extractRequirements.ts","src\import\extractRequirements.ts","src\import","RealImplementation","144","36929adfcfc23c32535b69c3a294e9fccce516a25d3f8185342345baacc0a1be"
"recommendWyrestorm.ts","src\import\recommendWyrestorm.ts","src\import","RealImplementation","138","52d2f930674a2014a3006b175e92f8b28bc3ddd14a9c645cab106191c9f5f453"
"textExtractors.ts","src\import\textExtractors.ts","src\import","RealImplementation","4","8e7f3e8dab483d5f12ec6a6df39a525761d3b5eea1cc7358a876f3e8da49c0c4"
"supabase.ts","src\lib\supabase.ts","src\lib","Other","12","73225f02fe574489369ab59ef7d776a002f75e9f51c651c6b7f7d18c521cc4ae"
"PublicAboutPage.tsx","src\pages\public\PublicAboutPage.tsx","src\pages\public","RealImplementation","334","4355d1e5c386d7bfbd4f047f468a2679a2d002249ab359fce588a87bb05fd35a"
"ProductCatalogPage.tsx","src\pages\tools\ProductCatalogPage.tsx","src\pages\tools","RealImplementation","10","8bc3e18cf8c6ce9e0fba26c21d8c87822ccce3d64a2349108d12c4261e951d62"
"AnalyticsPage.tsx","src\pages\AnalyticsPage.tsx","src\pages","RealImplementation","25","c2e1b02cbca6d71cc0f20934e457aebc9b176755d5e9ff3dd1c86e63d4088d20"
"ComparisonPage.tsx","src\pages\ComparisonPage.tsx","src\pages","RealImplementation","14","84c2d9f691b23ce6be44a7f53777e1f80cda7763107481b5afb813ce051b6cbd"
"GuidedProjectWizard.tsx","src\pages\GuidedProjectWizard.tsx","src\pages","RealImplementation","14","2577adb84dfa8b9a52ba71f11d35ea5326df6e0b7b4174236b9d8ab1ffeefb30"
"LoginPage.tsx","src\pages\LoginPage.tsx","src\pages","RealImplementation","11","7a481c8fb3a34cc31bcda847fa3565bf2a330265dd1a85a069b0a43e763a4298"
"ProjectOverviewPage.tsx","src\pages\ProjectOverviewPage.tsx","src\pages","RealImplementation","69","57ed5b230982315be933960bfe9421be1833e2169fa2631a42512bff53ab5ceb"
"PublicLandingPage.tsx","src\pages\PublicLandingPage.tsx","src\pages","RealImplementation","49","2403cad35cbe7d385ad99897c359caf50fde73349f0a59be98a4b581fd69a7c7"
"QuickQuestionPage.tsx","src\pages\QuickQuestionPage.tsx","src\pages","RealImplementation","75","85794b22778fbb36772581eeec28225bf423656e549a46d761e14737647bc6ce"
"SignupPage.tsx","src\pages\SignupPage.tsx","src\pages","RealImplementation","20","46052f23b4c4e81265ba869866fdacc2b58aeffdddc888eb34419d439d4fb301"
"TemplateBrowserScreen.tsx","src\pages\TemplateBrowserScreen.tsx","src\pages","RealImplementation","162","5dd470f354d3672a62e15227cdce3f4678a2d514f8a9a3314632c297e6916de0"
"WorkspaceHomePage.tsx","src\pages\WorkspaceHomePage.tsx","src\pages","RealImplementation","76","f1a45dae7fdb2e1d6e185cf5231ac5bcc64111a28e522f385387320781fc16d8"
"persist.ts","src\proposal\bom\persist.ts","src\proposal\bom","RealImplementation","49","5a856e4c55b380c99b9a2ac2a165d5fa909d35710fab7d408a196b6abf960e55"
"pricing.ts","src\proposal\bom\pricing.ts","src\proposal\bom","RealImplementation","18","e065ee758095ca2409eca54eae31f7d12d23c7c19b1bb77b8e92e14714a41758"
"QuoteCartAdapter.ts","src\proposal\bom\QuoteCartAdapter.ts","src\proposal\bom","RealImplementation","15","2e43c5b4307ccc1b505c25d2ea813aadf48c9122b761eff1eac1a8f298211a78"
"store.ts","src\proposal\bom\store.ts","src\proposal\bom","RealImplementation","61","e542b81c30015d64691f2efa408e9e4a4b11e3a724cc73c8fe824ed41ca5c121"
"types.ts","src\proposal\bom\types.ts","src\proposal\bom","Other","31","369b549fc38e1bc361afaf89d127ffda99983ea9cbc2a96ad7bbc4990686169b"
"QuoteCartService.ts","src\proposal\QuoteCartService.ts","src\proposal","RealImplementation","111","918b1e2d08f89f02a6638bff80d64accdea8aa4df5b95c3a54fa18f50a8ec414"
"competitor-compareComparisonService.ts","src\services\app\tools\competitor-compareComparisonService.ts","src\services\app\tools","RealImplementation","4","af407db152faff4656a5d55c1cde45233374f969806d0c55fb22eebd4f20abdf"
"competitor-compareComparisonService.tsx","src\services\app\tools\competitor-compareComparisonService.tsx","src\services\app\tools","RealImplementation","20","fd850d2dd6910219af827a230840b61fdc1027ee8ae63a31685485a9aed2016d"
"AuthService.ts","src\services\auth\AuthService.ts","src\services\auth","Other","106","ab17168608194ef6685dfe9ee00c1f20245425dfccc8e64bcfc55e2d3e8b5b5f"
"index.ts","src\services\auth\index.ts","src\services\auth","Other","7","8d7b6cbbe76010b3f901ee0e020ac566b407ca8fe1cc35ce63c1fdc8c879b6c4"
"PasswordManager.ts","src\services\auth\PasswordManager.ts","src\services\auth","RealImplementation","130","96922503229e1e8f61213080d513750c59cea5e26c5f099a7eb822baec19d71e"
"SessionManager.ts","src\services\auth\SessionManager.ts","src\services\auth","Other","67","78c4deb7c8913e1d40d1040907d89cba593faea0cdc5ae7759d71a2fc892bd47"
"types.ts","src\services\auth\types.ts","src\services\auth","Other","30","e6ef395f192761ab75603696a33a58a8d616c0a4481a0542166d9f54106b6918"
"UserManager.ts","src\services\auth\UserManager.ts","src\services\auth","Other","72","bce1a2873d469920167bd91bbb02c8c9d75e01ac82c8514914ea208ac21dee3a"
"DatabaseService.ts","src\services\database\DatabaseService.ts","src\services\database","Other","55","bf63899c99be210ef558d633d4b9762ab502bc43c2d24114956b97f06e5e0dc4"
"index.ts","src\services\database\index.ts","src\services\database","Other","99","1fe80806aa2965f2d909d6ff8940d92819ad394852a746a0b54dc19bce0654d1"
"ProjectStore.ts","src\services\database\ProjectStore.ts","src\services\database","Other","83","e4ad067c48122879dcd8b0c4e944d5f2bf695de9e5cb95bccc38f24803bf1904"
"StoresManagers.ts","src\services\database\StoresManagers.ts","src\services\database","Other","64","be2e9eef7242b9f8764bdfa0e9bdfd9cad1b9f78023d704d30baa68742eed4e8"
"TemplateStore.ts","src\services\database\TemplateStore.ts","src\services\database","Other","50","68fc0ef92228afc3b67c6da3b03e7287310c37d3eb78fc1602ea3758bcdb2ec4"
"types.ts","src\services\database\types.ts","src\services\database","Other","57","58d6dec7031947c339337d8565155570b221a385d4cc06b955d56c9a9dc2a785"
"docxExporterPro.ts","src\services\export\docxExporterPro.ts","src\services\export","Other","239","a5ca8ba2ab56328475a5293a217c1ba67c6f87b38d95d9bb8ef568163e407bc7"
"types.ts","src\services\export\types.ts","src\services\export","Other","8","cf1543f7c8eef3fdecdcd06647ff652e2e730c108f4cd658677a4b76486d173a"
"avoipLogic.ts","src\services\prompts\designRoom\avoipLogic.ts","src\services\prompts\designRoom","Other","15","441635d028c4a8b011c7580bd839cd858fcfb817802c2e0a99f0fae4afcf6826"
"controlSystemLogic.ts","src\services\prompts\designRoom\controlSystemLogic.ts","src\services\prompts\designRoom","Other","19","332c7d40dfdd56466a14f60fbc20e760d9c18dddb045050ef2a9fc1fa5a40bb1"
"corePrinciples.ts","src\services\prompts\designRoom\corePrinciples.ts","src\services\prompts\designRoom","Other","12","ba2f8268ba01fc9a9fe17ca002ff576e4be250972584e332bb2bb9832537b866"
"featureDrivenDesign.ts","src\services\prompts\designRoom\featureDrivenDesign.ts","src\services\prompts\designRoom","Other","8","f8562e4117eed3190be247a85172785dc7b9e82559fca449a3e36c19e32196bf"
"infrastructureLogic.ts","src\services\prompts\designRoom\infrastructureLogic.ts","src\services\prompts\designRoom","Other","80","00bc3ea2a2cb0597f6bcd1f27dbf5bb9a2d53e1025d51ee754fcd92e58527c89"
"minimalism.ts","src\services\prompts\designRoom\minimalism.ts","src\services\prompts\designRoom","Other","44","7987e1e163c9d24596369d9730f217c5722da3d2731e600a320d645693e7cc73"
"productCompatibility.ts","src\services\prompts\designRoom\productCompatibility.ts","src\services\prompts\designRoom","Other","15","cdb8a949abf827fcccc02e52a6d506afb880e3c114cca4c295fed5938643f442"
"productConsolidation.ts","src\services\prompts\designRoom\productConsolidation.ts","src\services\prompts\designRoom","RealImplementation","11","23ae1dbdd7443e04df709c3f74f5e6852b31bd68ef3c2b55ae62c3dd8fd37f05"
"productGranularity.ts","src\services\prompts\designRoom\productGranularity.ts","src\services\prompts\designRoom","Other","27","7a9a7a1f91cd231b6b8a2e2ec63f426cc2adc4f1ba702137355d85e2f8394d0a"
"roomApplicationLogic.ts","src\services\prompts\designRoom\roomApplicationLogic.ts","src\services\prompts\designRoom","Other","21","8c8b70ecdbf85053cc39d8555be9847b11672c10ed9a27e1cee7f9e344275e02"
"signalExtensionLogic.ts","src\services\prompts\designRoom\signalExtensionLogic.ts","src\services\prompts\designRoom","Other","13","6db4e90cc428f810929c12b84bc3f50710f62abeae065af19241ed1f97351989"
"skuConventions.ts","src\services\prompts\designRoom\skuConventions.ts","src\services\prompts\designRoom","Other","44","d2ae4411adbab4bdf1db14fed63f27c75226b00dccd44a86a0afc8ecd6582b44"
"tieredDesignLogic.ts","src\services\prompts\designRoom\tieredDesignLogic.ts","src\services\prompts\designRoom","Other","20","30adcc78b7c0472cfcc53e6b8a1a3384b6149308e123031b86648e51d990ffb1"
"ucLogic.ts","src\services\prompts\designRoom\ucLogic.ts","src\services\prompts\designRoom","Other","29","7d740cb1925791e8917a36bfaefbd52b53b86f29f983639ebf9f79ed78a1f71f"
"videoWallLogic.ts","src\services\prompts\designRoom\videoWallLogic.ts","src\services\prompts\designRoom","Other","27","df6312036e0a9cae7a401f1d5ad11a02fe2310d0ad3ad129f40bf2351d36c23b"
"designRoomPrompt.ts","src\services\prompts\designRoomPrompt.ts","src\services\prompts","Other","79","3e282798663e01bf842af6d99e263f464c699e75b4e7655d5acfeefbe9b760f4"
"generateProposalPrompt.ts","src\services\prompts\generateProposalPrompt.ts","src\services\prompts","Other","26","86c655e3da5b6d2a708535e65eebaf1ecb78faaa5447a8fa432860f2a7f6e9e5"
"schemas.ts","src\services\schemas\schemas.ts","src\services\schemas","Other","261","0a3805e28abf20ef9dbe238f37dec8b3ef821c60b290d2dccb815557fe4ae2ef"
"wyrestormSkuCatalog.2026.ts","src\services\sku\wyrestormSkuCatalog.2026.ts","src\services\sku","Other","937","4a733afa4335a0676a71878680aa32cab41f0f3a9b6adcbdb38b701af6a8b796"
"assistantService.ts","src\services\assistantService.ts","src\services","RealImplementation","15","348a2ec41772f1658564380ffc0efef432b12c4c60f9d1d5432eb2679c98a1eb"
"competitorComparisonService.ts","src\services\competitorComparisonService.ts","src\services","Other","2","5a9941fb52526c1d9cf8ab1cf6dae9bef56384da872b427d2f52a25b597084d9"
"localizationService.ts","src\services\localizationService.ts","src\services","Other","44","f6cd17d3a0552d53e1788884e3402247727d2dc4e8c23329c62f3d5fae4484c2"
"productService.ts","src\services\productService.ts","src\services","RealImplementation","4","3521897ade6aa3e55fe116194a42bc4e59488c22b9ceedc4fa5ed9424e601745"
"projectAnalysisService.ts","src\services\projectAnalysisService.ts","src\services","RealImplementation","4","8655199aa81f680352e06818216868596430146af72b3e5ca5a76313545d0487"
"proposalService.ts","src\services\proposalService.ts","src\services","RealImplementation","4","dae33a76e274e124b83cc2fef3b75b8159f2d0dc829482b624ce00f22b70a8f3"
"roomDesignerService.ts","src\services\roomDesignerService.ts","src\services","RealImplementation","4","63a808f11fe2065a17ada6f1c56cdb95a3c3eb1ae3e5bd69ad093451242f7756"
"schemas.ts","src\services\schemas.ts","src\services","WrapperOrReExport","2","b61e4c91cffcf17c1fe8d4ec899adbeb2674ffdf6702f2452368b98c6e85d981"
"videoService.ts","src\services\videoService.ts","src\services","RealImplementation","12","bdc5106efc25f403eaeb710067ae8a800beceb6fcf38329aa2a8f00a314d1a59"
"projectsStore.ts","src\state\app\projectsStore.ts","src\state\app","WrapperOrReExport","2","725dcf74278a70931a70a459bb83ba7060ea745243514befeadec573694d6d12"
"defaults.ts","src\state\defaults.ts","src\state","Other","52","f13e362a7d28cbf3525bb9cf20d8b84fd5a6fa5e16eb1de72f2fc02a7a0b477c"
"index.ts","src\state\index.ts","src\state","WrapperOrReExport","3","9623ea3b713339cc44590cf358a1b82b1e2e7d6ec56edd744e45b620fc7c5e05"
"projectsStore.ts","src\state\projectsStore.ts","src\state","RealImplementation","89","33ec0035752c61b6da6669c0965495e823a9de50ddfb0b6e24360ef74a301aa3"
"types.ts","src\state\types.ts","src\state","Other","70","c3cad50c18054f0bfc97fc556c80174795d18f67db7ffb4e34c1fae407ba30c1"
"userStore.ts","src\state\userStore.ts","src\state","Other","12","b6099ce51ddd05ba589d63059e69bbb119b5a95f7a5d3e553210df52a7297a13"
"useWingman.ts","src\state\useWingman.ts","src\state","RealImplementation","15","6e1fdb8a637e7ddb60daf122902870e0a861825752004136fb38bb1bfa0fc65e"
"wingmanStore.ts","src\state\wingmanStore.ts","src\state","RealImplementation","124","53fe9cceb75d6988d4aa8db48086ff6d3ea04c73e31d3b82167c9d9664f3569b"
"components.css","src\styles\components.css","src\styles","Other","55","b0c94c6af4118239d37e0218772b25fc77220f14de9a6773cafa97719323e0b7"
"globals.css","src\styles\globals.css","src\styles","Other","51","65f6b419a350d553781aa4c8d44dcd5e9fa82bf85ba09873e0b775eed54e2114"
"index.css","src\styles\index.css","src\styles","Other","150","b50cd1bc99f820540831d92b861113c19f9f9875588d86cfb2acee252e675834"
"layout-standard.css","src\styles\layout-standard.css","src\styles","Other","57","2deee9ee03cbd742940b8c11a012ff17c2256f0ec691765319a8823850cf94b2"
"overrides.css","src\styles\overrides.css","src\styles","Other","447","293093089bd760153fd8abf4f230608fec9d870f811f80bdaeba4b157e6aa610"
"polish.css","src\styles\polish.css","src\styles","Other","2","1cb1e94ff25672075af9e2a8d887b280908d2e5f6577d3375b4dd62673009071"
"tokens.classic.css","src\styles\tokens.classic.css","src\styles","Other","40","eabd0882f46c645ee77d0e909f014f8b1be260849efd442d7cf6016b61630039"
"tokens.css","src\styles\tokens.css","src\styles","Other","144","5fd16bc9ee772168bbe80074e940f2c4dfd15c6bc4f5a9bd2def4c313e909ade"
"utilities.css","src\styles\utilities.css","src\styles","Other","1","60ba1138027ca8f9a54f4e52ae06bc95b4350a43439f70cff1d77751fafeea41"
"wingman-brand.tokens.css","src\styles\wingman-brand.tokens.css","src\styles","Other","29","69bda32a7149894f481170de72b3e3c752f252ac4654dbfc20646fe7710301a2"
"wingman-commercial.css","src\styles\wingman-commercial.css","src\styles","Other","224","4038f94482456cf5a1cd02f8eb196257752879c2f4fbbe382029bc93e6ec7a56"
"wingman-compact-density.css","src\styles\wingman-compact-density.css","src\styles","Other","15","e0fbba99b1475bf6c479ff892deaf8c3204c35920374bbf283eddbd3de8e8710"
"wingman-theme.css","src\styles\wingman-theme.css","src\styles","Other","180","03bf120f4a3f76761eb8c0c799c6570443cd056c25f13c3589cf358abc7c28f0"
"wingman-ui.consistency.css","src\styles\wingman-ui.consistency.css","src\styles","Other","1374","79b8266bc03ad2553f05046c82c297581f155482151c7edc1c44aeb48ad2e06b"
"wingman-ui.css","src\styles\wingman-ui.css","src\styles","Other","661","c80388d91e6be5f8854d17e82313e9f949d69fd6c05d8ab5b940a47d66703294"
"wm-dashboard.css","src\styles\wm-dashboard.css","src\styles","Other","16","d497d49d79f85375ed42b594d05342a14a64c7104a8838987e5f986ea0a172b3"
"wm-export.css","src\styles\wm-export.css","src\styles","Other","340","8c3ac55d04de9dde1aba61f59a492cfd6048e98fef20114e7eccbc26bcc4afac"
"wm-shell.css","src\styles\wm-shell.css","src\styles","Other","54","989899133ee1eba9c5efd0de4d64d2db2d5b752f9311e39a56ebb1fbd5496531"
"trainingModules.ts","src\training\trainingModules.ts","src\training","Other","163","8c7aa54e6c1202ba5550bebb20a0677c38fc4f07d2c0ad8b9fb9f1c679452a0c"
"react-window.d.ts","src\types\react-window.d.ts","src\types","Other","2","0dda902a64f33a8ee7d0528a3cc541f6993eb319638c66950ddf71b9b8269290"
"BrandMark.tsx","src\ui2\branding\BrandMark.tsx","src\ui2\branding","RealImplementation","31","5d1760a76f9b4f714d40f322d086cbccae20d0b1ea6ce01da3f2d0f58dd701d9"
"WingmanLogo.tsx","src\ui2\branding\WingmanLogo.tsx","src\ui2\branding","RealImplementation","20","4c62cf6834193d0214996ce3173adc95a7a72acf1ea2f343da32150b247267ff"
"CollapsibleCard.tsx","src\ui2\components\CollapsibleCard.tsx","src\ui2\components","RealImplementation","101","d7d700503b485096e0396a3ab4cae0c24c0a04ca7b306033b96b788116256616"
"PageHeader.tsx","src\ui2\components\PageHeader.tsx","src\ui2\components","RealImplementation","24","2e7a1b99fc36cb0bf36a3400b8410edb3d18d7fa1f8b1e5508010688140bed38"
"PageScaffold.tsx","src\ui2\components\PageScaffold.tsx","src\ui2\components","RealImplementation","47","9526fd82fcd586c44c40ccaee230f7a1c7aca0de8db32b853031a5f4c1789639"
"PrimaryPanel.tsx","src\ui2\components\PrimaryPanel.tsx","src\ui2\components","RealImplementation","51","552ab5bf3437279b1629b2735f9899f270657fe011356d8485e2753b4e69f223"
"WmButton.tsx","src\ui2\components\WmButton.tsx","src\ui2\components","RealImplementation","12","808c7aaa357ca9ddaf63876b4e203a3d3bba96a580d27093e699a23601e9e6de"
"UiScaleControl.tsx","src\ui2\controls\UiScaleControl.tsx","src\ui2\controls","RealImplementation","73","2bd6f4725dc6422c28680698e0c3c0b0cde26641ce7330eaba3a40a8315d33d3"
"navIcons.tsx","src\ui2\icons\navIcons.tsx","src\ui2\icons","RealImplementation","113","747f85074967a8e807b706ade06fb904b76c9998402659eef10da2bdf28b41b8"
"MissionControlNav.tsx","src\ui2\nav\MissionControlNav.tsx","src\ui2\nav","RealImplementation","59","edea54067faba3b563e8c6462448295d0b9da3e6b5ad48490fc1901dc8b65ad1"
"workspaceNavModel.ts","src\ui2\nav\workspaceNavModel.ts","src\ui2\nav","RealImplementation","136","b0f3fe3442fa17c220b567f921810dc7900d8a9e5654e129107c9527c03a7bb4"
"WorkspaceSidePanel.tsx","src\ui2\nav\WorkspaceSidePanel.tsx","src\ui2\nav","RealImplementation","120","88bb204686e356832afaf896211938f56432faf53fa5a0bb2ae60e824292ac02"
"theme.ts","src\ui2\theme\theme.ts","src\ui2\theme","RealImplementation","30","b66d70c01bfee1851c024e7c294870e28134f730a675f223c1a9623cc69c4e44"
"cableSpecs.ts","src\utils\cableRouting\cableSpecs.ts","src\utils\cableRouting","RealImplementation","85","20799db42bd46f6d49c708c82bae38f37e44625c71db67d44d6f4e219df5c1b0"
"cableTypeSelector.ts","src\utils\cableRouting\cableTypeSelector.ts","src\utils\cableRouting","RealImplementation","52","18bf101df6695f531332a2edad4b0bc7e9e93de2ae7860036924c9f395669a6a"
"costCalculator.ts","src\utils\cableRouting\costCalculator.ts","src\utils\cableRouting","RealImplementation","75","5cd439156e0465b311d7889fa9e8c92688ff06010293f0b70d2e76cb41459d7c"
"distanceCalculator.ts","src\utils\cableRouting\distanceCalculator.ts","src\utils\cableRouting","RealImplementation","49","f492cef7f87c596e71cc0c7cf4b751ca59b3581a1fe90acdbef08deeab73e12c"
"index.ts","src\utils\cableRouting\index.ts","src\utils\cableRouting","Other","25","83096d400054cfa201b05a249201fda0271d10cc939cbbd5166ed04239a3095f"
"roomCableRouter.ts","src\utils\cableRouting\roomCableRouter.ts","src\utils\cableRouting","RealImplementation","139","fb693e308b9e47b9f9c86e20b1a73fa51a8d371b8c28e66c1f57582e64641732"
"technologyAnalyzer.ts","src\utils\cableRouting\technologyAnalyzer.ts","src\utils\cableRouting","RealImplementation","83","86df5304a0767d4352f3b2b9bb409417955da6387268b01bbb55834667b682dc"
"types.ts","src\utils\cableRouting\types.ts","src\utils\cableRouting","Other","47","5201c5a08dff80d20267b42f872f262cc7321ceaf3f34ba033ff00513e4f61fa"
"api.ts","src\utils\types\api.ts","src\utils\types","Other","28","f353d9b3502de1e5f374b476feb032f113fa692bceb7bf98178f40916d484fa9"
"chat.ts","src\utils\types\chat.ts","src\utils\types","Other","5","5346b13f58f34138a7e1ca2ee69bdd8e386d11200c0a26fdd658388aeed90db9"
"common.ts","src\utils\types\common.ts","src\utils\types","Other","4","ec0d2ab3da8b27f1e38a5817f7dc6aac2075c5b5a3004ca8dd35b210361fae7a"
"index.ts","src\utils\types\index.ts","src\utils\types","WrapperOrReExport","11","faa6066097f4269098f83f6303c6f32a945f6cb78bb82aabaa5bd99ebc115386"
"product.ts","src\utils\types\product.ts","src\utils\types","Other","39","96a0b06e1ff846c577ad1164a02684900375d16cc0f82ce140c8299e267b9633"
"project.ts","src\utils\types\project.ts","src\utils\types","Other","158","3cabd4dc37dea14b6d7a86425e4414f0c9c6a3e206d2c82bfa41734d30e33284"
"proposal.ts","src\utils\types\proposal.ts","src\utils\types","Other","31","63ae31c6527384bd7b1bec9871155ee71b751ac2b81e339ea12a679107a8d8e8"
"training.ts","src\utils\types\training.ts","src\utils\types","Other","33","ff9ad44780a859b7352f9b2d7cf456a11a588acc04e11f1561521a7e5bb5d019"
"user.ts","src\utils\types\user.ts","src\utils\types","Other","11","6407f6f720f398950daf02341b97e0fd9ba1fc11b4f54ac6847bc1cf08aa6e98"
"csvExporter.ts","src\utils\csvExporter.ts","src\utils","RealImplementation","34","9d974b6c6a58e145ff259ae50cf0529d8d8b623ebc1a8138980ea85d2fba69bd"
"csvImporter.ts","src\utils\csvImporter.ts","src\utils","Other","139","92101f60dec59787a9ca960c182048b554ed411109fcca66adca0e4e1700cd6b"
"docxExporter.ts","src\utils\docxExporter.ts","src\utils","Other","29","ee3884f61a8d1a1149026223a06048d70dd037e2a87fa035c2715164d5dac59b"
"docxExporterPro.ts","src\utils\docxExporterPro.ts","src\utils","WrapperOrReExport","2","cb8fa7576387bf14277cc52cca97cf59fa9191307e19abf231c60ef439cd86b3"
"technologyAnalyzer.ts","src\utils\technologyAnalyzer.ts","src\utils","RealImplementation","83","f08845876bcfe39a4c35a6cde694ef7fa9c886ae6c896d3ce8e1f9c715f6a2ee"
"utils.ts","src\utils\utils.ts","src\utils","Other","87","2f94f525aea146649c3702edf44c307c782ec61943af85b5ae502605ce3c181a"
"App.tsx","src\App.tsx","src","RealImplementation","5","e415467f632110ac809250fb5989c2ea42035d90ea510f36883271844fe377dc"
"AppRoutes.tsx","src\AppRoutes.tsx","src","RealImplementation","91","5a3d9bd65bbbcdac417a2eeee572378a7975d954c727f956ad39dcc6063dbaf6"
"main.tsx","src\main.tsx","src","Other","18","fd724430ca98860818caa338c6373d3e1e4e0b6f1fcf3fe2166104a2c4bd957c"
"vite-env.d.ts","src\vite-env.d.ts","src","Other","1","b440b802c2cfeac6a24eda510bd63c1f23c6ab5c52bcfe3a32a918dbad6b46c8"
