"sku","family","workbookDescription","duplicateCount","sourceUrl","pageStatus","productName","pageTitle","summary","fetchError"
"4K HDBASET MATRIX KITS","Unclassified","","1","https://www.wyrestorm.com/product/4k hdbaset matrix kits/",,"4K HDBASET MATRIX KITS","","","The request was aborted: The connection was closed unexpectedly."
"4K60 HDBASET MATRIX SWITCHERS+RECEIVERS","Unclassified","","1","https://www.wyrestorm.com/product/4k60 hdbaset matrix switchers+receivers/",,"4K60 HDBASET MATRIX SWITCHERS+RECEIVERS","","","The request was aborted: The connection was closed unexpectedly."
"4K60 HDMI MATRIX SWITCHERS","Unclassified","","1","https://www.wyrestorm.com/product/4k60 hdmi matrix switchers/",,"4K60 HDMI MATRIX SWITCHERS","","","The request was aborted: The connection was closed unexpectedly."
"4K60 SEAMLESS MATRIX SWITCHERS","Unclassified","","1","https://www.wyrestorm.com/product/4k60 seamless matrix switchers/",,"4K60 SEAMLESS MATRIX SWITCHERS","","","The request was aborted: The connection was closed unexpectedly."
"4K60/8K60HZ HDMI SPLITTERS","Unclassified","","1","https://www.wyrestorm.com/product/4k60/8k60hz hdmi splitters/",,"4K60/8K60HZ HDMI SPLITTERS","","","The request was aborted: The connection was closed unexpectedly."
"4K60/8K60HZ HDMI SWITCHERS","Unclassified","","1","https://www.wyrestorm.com/product/4k60/8k60hz hdmi switchers/",,"4K60/8K60HZ HDMI SWITCHERS","","","The request was aborted: The connection was closed unexpectedly."
"AMP-260-DNT","Unclassified","120W Network Amplifier | 2 x 60w or 4 x 25w Channel Output @ 4ohm | Dual Power Options | Advanced DSP with Dante Integration","1","https://www.wyrestorm.com/product/amp-260-dnt/","200","UC BUILDER","Advanced 2 or 4 Channel Dante Amplifier - WyreStorm","The AMP-260-DNT is a cutting-edge two or four channel network amplifier designed to cater to the advanced audiovisual needs of professional environments such as medium to large meeting rooms and university lecture halls. This robust amplifier integrates both local line-level and Dante audio inputs, ensuring flexible connectivity and superior audio distribution tailored to the acoustics of the space. With its dual power supply capability, sophisticated DSP for custom audio shaping, and intelligent IO detection for seamless paging integration, the AMP-260-DNT stands as an indispensable tool in professional AV setups.",
"APO-210-UC","Apollo","Apollo 4K30 Video-speakerphone switcher | 4K30Hz 4:4:4 | USB-C & HDMI input  | USB-C 60w PD | HDMI Out & HDBaseT Out  | 10W Speaker | Omni-Direction 4xMics | Multiview | Airplay & Miracast & APO-DG1 dongle","1","https://www.wyrestorm.com/product/apo-210-uc/","200","UC BUILDER","Conference Speakerphone for Clear Audio - Wyrestom","Conference speakerphone with crystal-clear sound for meetings. Explore wireless, USB, and Bluetooth options to upgrade your conference calls today.",
"APO-COM-MIC","Apollo","Apollo companion mic | MINI USB connection | Mounting on table","1","https://www.wyrestorm.com/product/apo-com-mic/","200","UC BUILDER","Add-On Microphone for Apollo Video Bar - WyreStorm","Add-On microphone for use with the Apollo VX20 video bar. Connect this mic to expand the pickup range in your meeting spaces. Connects to the VX20 via an included USB cable. The APO-COM-MIC can be cascaded up to 3 times. For longer extension requirements the APO-MIC-EXT ethernet extender can be used.",
"APO-DG2","Apollo","Apollo  4K USB-C(DP Atl mode) dongle for wireless casting and wireless conferencing( with APP)","1","https://www.wyrestorm.com/product/apo-dg2/","200","UC BUILDER","Apollo USB-C Wireless Casting Dongle - WyreStorm","The APO-DG2 is a USB-C 4K30 casting dongle compatible with a number of WyreStorm solutions including the SW-640L-TX-W presentation switcher. The DG2 uses a single USB-C connection to power the dongle and transmit video. Tap the casting button to start sharing content, press it again to stop sharing. Getting connected couldn’t be easier!",
"APO-DG-DOCK","Apollo","Docking station for APO-DG1, APO-DG2, APO-DG2-PRO & APO-DG-HDMI","1","https://www.wyrestorm.com/product/apo-dg-dock/","200","UC BUILDER","Docking Cradle for APO-DG2 Wireless Casting Dongle and APO-DG-HDMI Adapter - WyreStorm","The Docking Cradle securely stores the APO-DG2 wireless casting dongle and APO-DG-HDMI adapter together, preventing loss or misplacement. Featuring durable, sturdy construction with a sleek, professional finish, it organizes essential components while complementing and enhancing any modern workspace.",
"APO-DG-HDMI","Apollo","HDMI – USB C Adapter for the APO-DG2","2","https://www.wyrestorm.com/product/apo-dg-hdmi/","200","UC BUILDER","HDMI+USB A to USB-C Adapter for the APO-DG1 & DG2 - WyreStorm","The APO-DG-HDMI expands your connectivity options by enabling the HDMI output of your laptop to work seamlessly with our USB-C Casting Dongles (APO-DG1 and APO-DG2). This enhancement allows for greater device compatibility across both the Synergy and Apollo product lines. Supporting DisplayPort Alt Mode 1.2 and featuring a USB-A port, the APO-DG-HDMI facilitates the transmission of up to 4K resolution at 60Hz, as well as USB 2.0 data, to compatible devices.",
"APO-MIC-EXT","Apollo","Mini-USB to Ethernet adaptor for connection between Videobar and  Companion Mic APO-COM-MIC","2","https://www.wyrestorm.com/product/apo-mic-ext/","200","UC BUILDER","USB Extender for Apollo Add-On Mic - WyreStorm","A simple USB to Ethernet extender for use with the APO-COM-MIC add-on microphone. Connects to the VX20s Mic USB port and allows point-to-point extension up to 60m over Cat6 cable to the APO-COM-MIC.",
"APO-SKY-MIC","Apollo","Apollo companion add-on Mic | RJ45 connection | Ceiling/Table Mount","2","https://www.wyrestorm.com/product/apo-sky-mic/","200","UC BUILDER","Companion Add-on Ceiling Mic for Apollo Video Bar and Microphone Hub - WyreStorm","Designed for seamless integration in conference rooms and lecture halls, these microphones offer a clutter-free solution. Expertly crafted to mount on the ceiling, they ensure your tables remain unencumbered by wires and mics, providing a clean, professional environment for effective communication. Pair with the APO-MIC-EXT to cascade up to 5 times!",
"APO-VX20-MNT","Apollo","Wall Mounting Kit for the APO-VX20-UC Video Bar","1","https://www.wyrestorm.com/product/apo-vx20-mnt/","200","UC BUILDER","Display Mount for APO-VX20-UC - WyreStorm","Display Mount for use with the Apollo VX20 video bar. Use the mount with your existing display bracket to mount the video bar above or below the display.",
"APO-VX20-UC V2","Apollo","Apollo  4K Video Bar & Switcher | 4K30Hz camera | HMDI out 4K60Hz 4:4:4 | USB-C & HDMI input | USB-C 60w PD | Dual HDMI Outputs | 120° DFOV | Auto Framing, Speaker Tracking, Presenter Tracking, Individuals Gallery | Dual 8w stereo Speakers | Beamforming 8xMics | Airplay & Miracast & APO-DG2 & APO-DG2-PRO | Zoom certified","1","https://www.wyrestorm.com/product/apo-vx20-uc v2/",,"APO-VX20-UC V2","","Apollo  4K Video Bar & Switcher | 4K30Hz camera | HMDI out 4K60Hz 4:4:4 | USB-C & HDMI input | USB-C 60w PD | Dual HDMI Outputs | 120° DFOV | Auto Framing, Speaker Tracking, Presenter Tracking, Individuals Gallery | Dual 8w stereo Speakers | Beamforming 8xMics | Airplay & Miracast & APO-DG2 & APO-DG2-PRO | Zoom certified","The request was aborted: The connection was closed unexpectedly."
"AUDIO SYSTEM - WYRESTORM","Unclassified","","1","https://www.wyrestorm.com/product/audio system - wyrestorm/",,"AUDIO SYSTEM - WYRESTORM","","","The request was aborted: The connection was closed unexpectedly."
"CAB-HAOC-10","Unclassified","10m/32.8ft HDMI 2.0 AOC | 24Gbps | 5K60Hz | 4K60Hz | Dolby Vision & HDR | ARC, CEC, ALLM & VRR | ISF Certified | FT4, CL3","1","https://www.wyrestorm.com/product/cab-haoc-10/","200","UC BUILDER","24Gbps 4-core Active Optical HDMI Cable | 4K HDR 4:4:4/60, ARC, CEC, ALLM & VRR | Kevlar strengthened | ISF Certified - WyreStorm","The WyreStorm HAOC is a next generation HDMI cable designed for the next generation of 4K and 5K HDR content. It offers a unique feature set in both delivering uncompressed HDMI content at up to 24Gbps and compatibility with emerging HDMI technologies such as ALLM (Auto Low Latency Mode) & VRR (Variable Refresh Rate) using the latest in optical transmission technology. Now established as the most powerful form of HDMI extension, WyreStorm active optical cables offer the best of both worlds: pixel-perfect long distance transmission of content and native HDMI communication, thanks to their ability to be a passive communication technology compared to normal HDBaseT extenders that often terminate the HDMI signal prior to transmission.",
"CAB-HAOC-15","Unclassified","15m/49ft HDMI 2.0 AOC | 24Gbps | 5K60Hz | 4K60Hz | Dolby Vision & HDR | ARC, CEC, ALLM & VRR | ISF Certified | FT4, CL4","1","https://www.wyrestorm.com/product/cab-haoc-15/","200","UC BUILDER","24Gbps 4-core Active Optical HDMI Cable | 4K HDR 4:4:4/60, ARC, CEC, ALLM & VRR | Kevlar strengthened | ISF Certified - WyreStorm","The WyreStorm HAOC is a next generation HDMI cable designed for the next generation of 4K and 5K HDR content. It offers a unique feature set in both delivering uncompressed HDMI content at up to 24Gbps and compatibility with emerging HDMI technologies such as ALLM (Auto Low Latency Mode) & VRR (Variable Refresh Rate) using the latest in optical transmission technology. Now established as the most powerful form of HDMI extension, WyreStorm active optical cables offer the best of both worlds: pixel-perfect long distance transmission of content and native HDMI communication, thanks to their ability to be a passive communication technology compared to normal HDBaseT extenders that often terminate the HDMI signal prior to transmission.",
"CAB-HAOC-15-C","Unclassified","15m/49ft HDMI 2.0 AOC | 24Gbps | 5K60Hz | 4K60Hz | Dolby Vision & HDR | ARC, CEC, ALLM & VRR | ISF Certified | CPR | Detachable Head","1","https://www.wyrestorm.com/product/cab-haoc-15-c/","200","UC BUILDER","Active Optical HDMI Cable | 4K HDR 4:4:4/60| WyreStorm","The WyreStorm HAOC is a 4K and 5K HDR-ready HDMI cable that is designed for the next generation of 4K and 5K HDR content.",
"CAB-HAOC-20","Unclassified","20m/65.6ft HDMI 2.0 AOC | 24Gbps | 5K60Hz | 4K60Hz | Dolby Vision & HDR | ARC, CEC, ALLM & VRR | ISF Certified | FT4, CL5","1","https://www.wyrestorm.com/product/cab-haoc-20/","200","UC BUILDER","Active Optical HDMI Cable | 4K HDR 4:4:4/60, ARC, CEC, ALLM & VRR| WyreStorm","The WyreStorm HAOC is a high-quality HDMI cable that is designed for watching 4K and 5K HDR content.",
"CAB-HAOC-20-C","Unclassified","20m/65.6ft HDMI 2.0 AOC | 24Gbps | 5K60Hz | 4K60Hz | Dolby Vision & HDR | ARC, CEC, ALLM & VRR | ISF Certified | CPR | Detachable Head","1","https://www.wyrestorm.com/product/cab-haoc-20-c/","200","UC BUILDER","Active Optical HDMI Cable | 4K HDR| WyreStorm","The WyreStorm HAOC is a 4K and 5K HDR HDMI cable designed for the future generation of 4K and 5K HDR entertainment.",
"CAB-HAOC-30-C","Unclassified","30m/98ft HDMI 2.0 AOC | 24Gbps | 5K60Hz | 4K60Hz | Dolby Vision & HDR | ARC, CEC, ALLM & VRR | ISF Certified | CPR | Detachable Head","1","https://www.wyrestorm.com/product/cab-haoc-30-c/","200","UC BUILDER","24Gbps 4-core Active Optical HDMI Cable | 4K HDR 4:4:4/60 | Kevlar strengthened | Detachable Head | CPR Rated - WyreStorm","The WyreStorm HAOC is a next generation HDMI cable designed for the next generation of 4K and 5K HDR content. It offers a unique feature set in both delivering uncompressed HDMI content at up to 24Gbps and compatibility with emerging HDMI technologies such as ALLM (Auto Low Latency Mode) & VRR (Variable Refresh Rate) using the latest in optical transmission technology. Now established as the most powerful form of HDMI extension, WyreStorm active optical cables offer the best of both worlds: pixel-perfect long distance transmission of content and native HDMI communication. This model features a detachable RX head and is certified for fire safety.",
"CAB-HAOC-FRL-10","Unclassified","10m/32.8ft HDMI 2.1 AOC | 48Gbps | 8K60Hz | 5K60Hz | Dolby Vision & HDR | eARC, CEC, ALLM & VRR | ISF Certified | UHS Certified","1","https://www.wyrestorm.com/product/cab-haoc-frl-10/",,"CAB-HAOC-FRL-10","","10m/32.8ft HDMI 2.1 AOC | 48Gbps | 8K60Hz | 5K60Hz | Dolby Vision & HDR | eARC, CEC, ALLM & VRR | ISF Certified | UHS Certified","The request was aborted: The connection was closed unexpectedly."
"CAB-HAOC-FRL-15","Unclassified","15m/49ft HDMI 2.1 AOC | 48Gbps | 8K60Hz | 5K60Hz | Dolby Vision & HDR | eARC, CEC, ALLM & VRR | ISF Certified | UHS Certified","1","https://www.wyrestorm.com/product/cab-haoc-frl-15/",,"CAB-HAOC-FRL-15","","15m/49ft HDMI 2.1 AOC | 48Gbps | 8K60Hz | 5K60Hz | Dolby Vision & HDR | eARC, CEC, ALLM & VRR | ISF Certified | UHS Certified","The request was aborted: The connection was closed unexpectedly."
"CAB-UAOC-15-C","Unclassified","15m/49ft HDMI 2.1 AOC | 48Gbps | 8K60Hz | 5K60Hz | Dolby Vision & HDR | eARC, CEC, ALLM & VRR | ISF Certified | UHS Certified","1","https://www.wyrestorm.com/product/cab-uaoc-15-c/",,"CAB-UAOC-15-C","","15m/49ft HDMI 2.1 AOC | 48Gbps | 8K60Hz | 5K60Hz | Dolby Vision & HDR | eARC, CEC, ALLM & VRR | ISF Certified | UHS Certified","The remote server returned an error: (429) Too Many Requests."
"CAB-UAOC-USBC-10","Unclassified","10m/32.8ft | USB-C to C Active Optical Cable | 10Gbps(5Gbps/Lane) | DP2.1+USB2.0 or DP1.4+USB3.2 Gen2x2 | 5K60Hz | 4K120Hz Alt-Mode| Adaptive 2/4 Lane | 5m-10m: 60W PD, 15m: 40W PD","2","https://www.wyrestorm.com/product/cab-uaoc-usbc-10/",,"CAB-UAOC-USBC-10","","10m/32.8ft | USB-C to C Active Optical Cable | 10Gbps(5Gbps/Lane) | DP2.1+USB2.0 or DP1.4+USB3.2 Gen2x2 | 5K60Hz | 4K120Hz Alt-Mode| Adaptive 2/4 Lane | 5m-10m: 60W PD, 15m: 40W PD","The remote server returned an error: (429) Too Many Requests."
"CAB-USBC-15","Unclassified","15m/49ft | USB-C to C Active Optical Cable | 5Gbps Superspeed | 5K60Hz | 4K60 Alt-Mode | 60W PD | Screw-Lock Connector","2","https://www.wyrestorm.com/product/cab-usbc-15/",,"CAB-USBC-15","","15m/49ft | USB-C to C Active Optical Cable | 5Gbps Superspeed | 5K60Hz | 4K60 Alt-Mode | 60W PD | Screw-Lock Connector","The remote server returned an error: (429) Too Many Requests."
"CAM-0402-BRG","Unclassified","4K Camera Bridge and Mixer| 4K30Hz | 4x Wired Inputs (2xHDMI, 2xUSB) | HDMI/USB Output | Multiview | Web & API Control | USB UVC/UAC | RS232","1","https://www.wyrestorm.com/product/cam-0402-brg/",,"CAM-0402-BRG","","4K Camera Bridge and Mixer| 4K30Hz | 4x Wired Inputs (2xHDMI, 2xUSB) | HDMI/USB Output | Multiview | Web & API Control | USB UVC/UAC | RS232","The remote server returned an error: (429) Too Many Requests."
"CAM-0402-NDI-BRG","Unclassified","4K Camera Bridge and Mixer| 4K30Hz | 4x Wired Inputs (2xHDMI, 2xUSB) + 4x NDI Inputs | HDMI/USB/NDI Output | Multiview | Web & API Control | USB UVC/UAC | RS232","1","https://www.wyrestorm.com/product/cam-0402-ndi-brg/",,"CAM-0402-NDI-BRG","","4K Camera Bridge and Mixer| 4K30Hz | 4x Wired Inputs (2xHDMI, 2xUSB) + 4x NDI Inputs | HDMI/USB/NDI Output | Multiview | Web & API Control | USB UVC/UAC | RS232","The remote server returned an error: (429) Too Many Requests."
"CAM-210-NDI-PTZ","Unclassified","1080p60 PTZ Camera | 12x optical zoom | USB-C & HDMI outputs | Network output: NDI, HTTP, RTSP, RTMP & Multicast | Auto Framing & Presenter Tracking | Web UI & RS 232 Control","1","https://www.wyrestorm.com/product/cam-210-ndi-ptz/",,"CAM-210-NDI-PTZ","","1080p60 PTZ Camera | 12x optical zoom | USB-C & HDMI outputs | Network output: NDI, HTTP, RTSP, RTMP & Multicast | Auto Framing & Presenter Tracking | Web UI & RS 232 Control","The remote server returned an error: (429) Too Many Requests."
"CAM-210-PTZ","Unclassified","1080p60 PTZ Camera | 12x optical zoom | USB-C & HDMI outputs | Network output: HTTP, RTSP, RTMP & Multicast | Auto Framing & Presenter Tracking | Web UI & RS 232 Control","1","https://www.wyrestorm.com/product/cam-210-ptz/",,"CAM-210-PTZ","","1080p60 PTZ Camera | 12x optical zoom | USB-C & HDMI outputs | Network output: HTTP, RTSP, RTMP & Multicast | Auto Framing & Presenter Tracking | Web UI & RS 232 Control","The remote server returned an error: (429) Too Many Requests."
"CAM-420-PTZ","Unclassified","4K dual-lens AI PTZ Camera | 4K30Hz | 3x Optical Zoom | USB & HDMI & NDI outputs | Auto Framing, Speaker Tracking, Presenter Tracking, Individuals Gallery | Web-UI","1","https://www.wyrestorm.com/product/cam-420-ptz/",,"CAM-420-PTZ","","4K dual-lens AI PTZ Camera | 4K30Hz | 3x Optical Zoom | USB & HDMI & NDI outputs | Auto Framing, Speaker Tracking, Presenter Tracking, Individuals Gallery | Web-UI","The remote server returned an error: (429) Too Many Requests."
"COM-MIC-HUB","Unclassified","Microphone Hub | Microphone Mixer | AEC & AGC & ANR | Web-UI","2","https://www.wyrestorm.com/product/com-mic-hub/",,"COM-MIC-HUB","","Microphone Hub | Microphone Mixer | AEC & AGC & ANR | Web-UI","The remote server returned an error: (429) Too Many Requests."
"CONTROL SYSTEM - WYRESTORM","Unclassified","","1","https://www.wyrestorm.com/product/control system - wyrestorm/",,"CONTROL SYSTEM - WYRESTORM","","","The remote server returned an error: (429) Too Many Requests."
"EX-100-G2","Unclassified","4K60Hz HDBaseT Extender | 4K60Hz 4:2:0 | PoH | CEC | IR | RS232 | 100m/328ft","1","https://www.wyrestorm.com/product/ex-100-g2/",,"EX-100-G2","","4K60Hz HDBaseT Extender | 4K60Hz 4:2:0 | PoH | CEC | IR | RS232 | 100m/328ft","The remote server returned an error: (429) Too Many Requests."
"EX-100-IW-USBC","Unclassified","USB 3.2 Single Gang In-Wall HDBT-USB3 Transmitter and Receiver Kit  |  5Gbps | 100m | PoH+| 4 USB-A ports","1","https://www.wyrestorm.com/product/ex-100-iw-usbc/",,"EX-100-IW-USBC","","USB 3.2 Single Gang In-Wall HDBT-USB3 Transmitter and Receiver Kit  |  5Gbps | 100m | PoH+| 4 USB-A ports","The remote server returned an error: (429) Too Many Requests."
"EX-100-KVM","Unclassified","4K60Hz HDBT 2.0 Extender Set | 4K60Hz 4:2:0 | PoH | USB 2.0 | Analog Audio | RS-232 Passthrough (4K: 100m/328ft)","1","https://www.wyrestorm.com/product/ex-100-kvm/",,"EX-100-KVM","","4K60Hz HDBT 2.0 Extender Set | 4K60Hz 4:2:0 | PoH | USB 2.0 | Analog Audio | RS-232 Passthrough (4K: 100m/328ft)","The remote server returned an error: (429) Too Many Requests."
"EX-100-KVM-8K","Unclassified","HDMI 2.1 8K60Hz  HDBaseT Extender  | DSC | 8K60Hz 4:2:0 | 8K30Hz 4:4:4| 4K120Hz 4:4:4 | RS232 
Passthrough | Audio De-embed | directional PoH | USB 2.0 Extension (100m/328ft)","1","https://www.wyrestorm.com/product/ex-100-kvm-8k/",,"EX-100-KVM-8K","","HDMI 2.1 8K60Hz  HDBaseT Extender  | DSC | 8K60Hz 4:2:0 | 8K30Hz 4:4:4| 4K120Hz 4:4:4 | RS232 
Passthrough | Audio De-embed | directional PoH | USB 2.0 Extension (100m/328ft)","The remote server returned an error: (429) Too Many Requests."
"EX-100-KVM-IP","Unclassified","4K30Hz KVM Over IP Extender set | 4K30Hz 4:4:4 | 1GbE | Zero latency | USB2.0 | Multi-Channel audio (4K30: 100m/328ft)","1","https://www.wyrestorm.com/product/ex-100-kvm-ip/",,"EX-100-KVM-IP","","4K30Hz KVM Over IP Extender set | 4K30Hz 4:4:4 | 1GbE | Zero latency | USB2.0 | Multi-Channel audio (4K30: 100m/328ft)","The remote server returned an error: (429) Too Many Requests."
"EX-100-USB3","Unclassified","USB 3.2 HDBT-USB3 Extender | 5Gbps | 100m | PoH+ | 4 USB-A ports","1","https://www.wyrestorm.com/product/ex-100-usb3/",,"EX-100-USB3","","USB 3.2 HDBT-USB3 Extender | 5Gbps | 100m | PoH+ | 4 USB-A ports","The remote server returned an error: (429) Too Many Requests."
"EX3-100-EARC","Unclassified","5K60Hz HDBaseT Extender Set | 5K60Hz 4:2:0 | 4K60Hz 4:4:4 | Test Pattern | Dolby Vision and HDR | eARC | Audio De-embedding | POH | Low-bandwidth mode | RS232 | 2 Way IR Passthrough 4K 60hz 100m (Cat6a)","1","https://www.wyrestorm.com/product/ex3-100-earc/",,"EX3-100-EARC","","5K60Hz HDBaseT Extender Set | 5K60Hz 4:2:0 | 4K60Hz 4:4:4 | Test Pattern | Dolby Vision and HDR | eARC | Audio De-embedding | POH | Low-bandwidth mode | RS232 | 2 Way IR Passthrough 4K 60hz 100m (Cat6a)","The remote server returned an error: (429) Too Many Requests."
"EX-35-8K","Unclassified","HDMI 2.1 8K60Hz  HDBaseT Extender | DSC | 8K60Hz 4:2:0 | 8K30Hz 4:4:4  | 4K120Hz 4:4:4 | IR/RS232 
Passthrough | Audio De-embed |  Bi-directional PoH (35m/115ft)","1","https://www.wyrestorm.com/product/ex-35-8k/",,"EX-35-8K","","HDMI 2.1 8K60Hz  HDBaseT Extender | DSC | 8K60Hz 4:2:0 | 8K30Hz 4:4:4  | 4K120Hz 4:4:4 | IR/RS232 
Passthrough | Audio De-embed |  Bi-directional PoH (35m/115ft)","The remote server returned an error: (429) Too Many Requests."
"EX-35-H2","Unclassified","4K60Hz HDBaseT Extender Set | 4K60Hz 4:4:4 | Dolby Vision & HDR | PoH | RS232 & 2-Way IR Passthrough (4K: 35m/115ft, 1080p: 70m/230ft)","1","https://www.wyrestorm.com/product/ex-35-h2/",,"EX-35-H2","","4K60Hz HDBaseT Extender Set | 4K60Hz 4:4:4 | Dolby Vision & HDR | PoH | RS232 & 2-Way IR Passthrough (4K: 35m/115ft, 1080p: 70m/230ft)","The remote server returned an error: (429) Too Many Requests."
"EX-35-H2-ARC","Unclassified","4K60Hz HDBaseT Extender Set | 4K60Hz 4:4:4 | Dolby Vision & HDR | ARC | PoH | RS232 & 2-Way IR Passthrough (4K: 35m/115ft, 1080p: 70m/230ft)","1","https://www.wyrestorm.com/product/ex-35-h2-arc/",,"EX-35-H2-ARC","","4K60Hz HDBaseT Extender Set | 4K60Hz 4:4:4 | Dolby Vision & HDR | ARC | PoH | RS232 & 2-Way IR Passthrough (4K: 35m/115ft, 1080p: 70m/230ft)","The remote server returned an error: (429) Too Many Requests."
"EX-40-G3","Unclassified","1080p60Hz UTP Extender Set | IR Passthrough | PoC (1080p: 40m/131ft)","1","https://www.wyrestorm.com/product/ex-40-g3/",,"EX-40-G3","","1080p60Hz UTP Extender Set | IR Passthrough | PoC (1080p: 40m/131ft)","The remote server returned an error: (429) Too Many Requests."
"EX-40-H2-ARC","Unclassified","4K60Hz HDBaseT Extender Set | 4K60Hz 4:4:4 |Dolby Vision & HDR | ARC | PoH | RS232 & 2-Way IR Passthrough (4K: 40m/131ft, 1080p: 70m/230ft)","1","https://www.wyrestorm.com/product/ex-40-h2-arc/",,"EX-40-H2-ARC","","4K60Hz HDBaseT Extender Set | 4K60Hz 4:4:4 |Dolby Vision & HDR | ARC | PoH | RS232 & 2-Way IR Passthrough (4K: 40m/131ft, 1080p: 70m/230ft)","The remote server returned an error: (429) Too Many Requests."
"EX-40-KVM-5K","Unclassified","5K60Hz HDBT3.0 Extender Kit | Uncompressed video | 5K60Hz 4:2:0 | HDMI Loop out | Audio de-embedding | Analog Audio pass-through | USB 2.0 | PoH | DIP Switch, RS232 control","1","https://www.wyrestorm.com/product/ex-40-kvm-5k/",,"EX-40-KVM-5K","","5K60Hz HDBT3.0 Extender Kit | Uncompressed video | 5K60Hz 4:2:0 | HDMI Loop out | Audio de-embedding | Analog Audio pass-through | USB 2.0 | PoH | DIP Switch, RS232 control","The remote server returned an error: (429) Too Many Requests."
"EX-60-USB2","Unclassified","USB 2.0 Extender Set | 480Mbps | 60m | PoC (Tx - Rx) | 1x USB Host & 4x USB-A ports","1","https://www.wyrestorm.com/product/ex-60-usb2/",,"EX-60-USB2","","USB 2.0 Extender Set | 480Mbps | 60m | PoC (Tx - Rx) | 1x USB Host & 4x USB-A ports","The remote server returned an error: (429) Too Many Requests."
"EX-70-G2","Unclassified","4K60Hz HDBaseT Extender Set | 4K60Hz 4:2:0 | PoC | RS232 & 2-Way IR Passthrough (4K: 35m/115ft, 1080p: 70m/230ft)","1","https://www.wyrestorm.com/product/ex-70-g2/",,"EX-70-G2","","4K60Hz HDBaseT Extender Set | 4K60Hz 4:2:0 | PoC | RS232 & 2-Way IR Passthrough (4K: 35m/115ft, 1080p: 70m/230ft)","The remote server returned an error: (429) Too Many Requests."
"EX-70-H2","Unclassified","4K60Hz HDBaseT Extender Set | 4K60Hz 4:4:4 | Dolby Vision & HDR | PoH | RS232 & 2-Way IR Passthrough (4K: 70m/230ft, 1080p: 100m/328ft)","1","https://www.wyrestorm.com/product/ex-70-h2/",,"EX-70-H2","","4K60Hz HDBaseT Extender Set | 4K60Hz 4:4:4 | Dolby Vision & HDR | PoH | RS232 & 2-Way IR Passthrough (4K: 70m/230ft, 1080p: 100m/328ft)","The remote server returned an error: (429) Too Many Requests."
"EX-70-H2C","Unclassified","HDMI 2.0 4K60Hz HDMI Extender | DSC | 4K60Hz 4:4:4 | HDMI Loop out | IR Passthrough | EDID Management | Bi-Directional PoC | ARC  | 230ft/70m (Cat6/6a)","1","https://www.wyrestorm.com/product/ex-70-h2c/",,"EX-70-H2C","","HDMI 2.0 4K60Hz HDMI Extender | DSC | 4K60Hz 4:4:4 | HDMI Loop out | IR Passthrough | EDID Management | Bi-Directional PoC | ARC  | 230ft/70m (Cat6/6a)","The remote server returned an error: (429) Too Many Requests."
"EX-80-KVM","Unclassified","1080p60Hz UTP Extender | USB 2.0 | PoC","1","https://www.wyrestorm.com/product/ex-80-kvm/",,"EX-80-KVM","","1080p60Hz UTP Extender | USB 2.0 | PoC","The remote server returned an error: (429) Too Many Requests."
"EXA-100-EARC","Unclassified","HDMI 2.0 Audio Only Extender  | eARC | ARC | Dolby Atmos | RS232 Passthrough l IR Passthrough | CEC Passthrough  | 100m/328ft","1","https://www.wyrestorm.com/product/exa-100-earc/",,"EXA-100-EARC","","HDMI 2.0 Audio Only Extender  | eARC | ARC | Dolby Atmos | RS232 Passthrough l IR Passthrough | CEC Passthrough  | 100m/328ft","The remote server returned an error: (429) Too Many Requests."
"EXF-10KM-5K","Unclassified","HDMI 2.0 5K HDMI extender | Fiber | 5K60Hz 4:2:0 | 4K60Hz 4:4:4 | 10KM/6.2 Miles","1","https://www.wyrestorm.com/product/exf-10km-5k/",,"EXF-10KM-5K","","HDMI 2.0 5K HDMI extender | Fiber | 5K60Hz 4:2:0 | 4K60Hz 4:4:4 | 10KM/6.2 Miles","The remote server returned an error: (429) Too Many Requests."
"EXF-300-H2","Unclassified","4K60Hz Multi-Mode Fiber Extender Set | 4K60Hz 4:4:4 | Dolby Vision & HDR | IR or RS-232 Passthrough (4K: 300m/984ft)","1","https://www.wyrestorm.com/product/exf-300-h2/",,"EXF-300-H2","","4K60Hz Multi-Mode Fiber Extender Set | 4K60Hz 4:4:4 | Dolby Vision & HDR | IR or RS-232 Passthrough (4K: 300m/984ft)","The remote server returned an error: (429) Too Many Requests."
"EXP-4KUHD-0.5","Control / Expansion","0.5m/1.5ft HDMI 2.0 Cable | 18Gbps | 5K60Hz | 4K60Hz | Dolby Vision & HDR | ARC,CEC, ALLM, VRR, | CL3 & VW-1 Rated","1","https://www.wyrestorm.com/product/exp-4kuhd-0.5/",,"EXP-4KUHD-0.5","","0.5m/1.5ft HDMI 2.0 Cable | 18Gbps | 5K60Hz | 4K60Hz | Dolby Vision & HDR | ARC,CEC, ALLM, VRR, | CL3 & VW-1 Rated","The remote server returned an error: (429) Too Many Requests."
"EXP-4KUHD-1.0","Control / Expansion","1m/3.2ft HDMI 2.0 Cable | 18Gbps | 5K60Hz | 4K60Hz | Dolby Vision & HDR |ARC,CEC, ALLM, VRR, | CL3 &  VW-1 Rated","1","https://www.wyrestorm.com/product/exp-4kuhd-1.0/",,"EXP-4KUHD-1.0","","1m/3.2ft HDMI 2.0 Cable | 18Gbps | 5K60Hz | 4K60Hz | Dolby Vision & HDR |ARC,CEC, ALLM, VRR, | CL3 &  VW-1 Rated","The remote server returned an error: (429) Too Many Requests."
"EXP-4KUHD-2.0","Control / Expansion","2m/6.5ft HDMI 2.0 Cable | 18Gbps | 5K60Hz | 4K60Hz | Dolby Vision & HDR |ARC,CEC, ALLM, VRR, | CL3 &  VW-1 Rated","1","https://www.wyrestorm.com/product/exp-4kuhd-2.0/",,"EXP-4KUHD-2.0","","2m/6.5ft HDMI 2.0 Cable | 18Gbps | 5K60Hz | 4K60Hz | Dolby Vision & HDR |ARC,CEC, ALLM, VRR, | CL3 &  VW-1 Rated","The remote server returned an error: (429) Too Many Requests."
"EXP-4KUHD-3.0","Control / Expansion","3m/9.8ft HDMI 2.0 Cable| 18Gbps | 5K60Hz | 4K60Hz | Dolby Vision & HDR | ARC,CEC, ALLM, VRR, | CL3 & VW-1 Rated","1","https://www.wyrestorm.com/product/exp-4kuhd-3.0/",,"EXP-4KUHD-3.0","","3m/9.8ft HDMI 2.0 Cable| 18Gbps | 5K60Hz | 4K60Hz | Dolby Vision & HDR | ARC,CEC, ALLM, VRR, | CL3 & VW-1 Rated","The remote server returned an error: (429) Too Many Requests."
"EXP-4KUHD-5.0","Control / Expansion","5m/16.4ft HDMI 2.0 Cable| 18Gbps | 5K60Hz | 4K60Hz | Dolby Vision & HDR | ARC,CEC, ALLM, VRR, | CL3 & VW-1 Rated","1","https://www.wyrestorm.com/product/exp-4kuhd-5.0/",,"EXP-4KUHD-5.0","","5m/16.4ft HDMI 2.0 Cable| 18Gbps | 5K60Hz | 4K60Hz | Dolby Vision & HDR | ARC,CEC, ALLM, VRR, | CL3 & VW-1 Rated","The remote server returned an error: (429) Too Many Requests."
"EXP-8KUHD-0.5","Control / Expansion","0.5m/1.5ft  HDMI 2.1 Cable | 48Gbps | 8K60Hz | 5K60Hz | Dolby Vision & HDR | eARC, CEC, ALLM, VRR, QMS, QFT | CL3 & VW-1 Rated | UHS Certified","1","https://www.wyrestorm.com/product/exp-8kuhd-0.5/",,"EXP-8KUHD-0.5","","0.5m/1.5ft  HDMI 2.1 Cable | 48Gbps | 8K60Hz | 5K60Hz | Dolby Vision & HDR | eARC, CEC, ALLM, VRR, QMS, QFT | CL3 & VW-1 Rated | UHS Certified","The remote server returned an error: (429) Too Many Requests."
"EXP-CAB-USBC-1M","Control / Expansion","1m/3.2ft USB-C to C Cable | SuperSpeed USB 20Gbps(10Gbps/Lane) | 5K60Hz | 4K120Hz Alt-Mode | USB3.2 Gen 2x2 |100w PD","1","https://www.wyrestorm.com/product/exp-cab-usbc-1m/",,"EXP-CAB-USBC-1M","","1m/3.2ft USB-C to C Cable | SuperSpeed USB 20Gbps(10Gbps/Lane) | 5K60Hz | 4K120Hz Alt-Mode | USB3.2 Gen 2x2 |100w PD","The remote server returned an error: (429) Too Many Requests."
"EXP-CAB-USBC-2M","Control / Expansion","2m/6.5ft USB-C to C Cable | SuperSpeed USB 20Gbps(10Gbps/Lane) | 5K60Hz | 4K120Hz Alt-Mode | USB3.2 Gen 2x2 | 100w PD","1","https://www.wyrestorm.com/product/exp-cab-usbc-2m/",,"EXP-CAB-USBC-2M","","2m/6.5ft USB-C to C Cable | SuperSpeed USB 20Gbps(10Gbps/Lane) | 5K60Hz | 4K120Hz Alt-Mode | USB3.2 Gen 2x2 | 100w PD","The remote server returned an error: (429) Too Many Requests."
"EXP-CAB-USBC-5M","Control / Expansion","5m/16.4ft USB-C to C MicroCoax  cable | 10Gbps (5Gbps/Lane) | 5K60Hz | 4K60Hz Alt-Mode | USB 3.2 Gen 1x2 | 60W PD","1","https://www.wyrestorm.com/product/exp-cab-usbc-5m/",,"EXP-CAB-USBC-5M","","5m/16.4ft USB-C to C MicroCoax  cable | 10Gbps (5Gbps/Lane) | 5K60Hz | 4K60Hz Alt-Mode | USB 3.2 Gen 1x2 | 60W PD","The remote server returned an error: (429) Too Many Requests."
"EXP-CON-AUD-H2","Control / Expansion","4K60Hz HDMI 2.0 Audio Exractor with Passthrough | 4K60Hz 4:4:4 | HDMI to S/PDIF or RCA | Dolby Vision & HDR","1","https://www.wyrestorm.com/product/exp-con-aud-h2/",,"EXP-CON-AUD-H2","","4K60Hz HDMI 2.0 Audio Exractor with Passthrough | 4K60Hz 4:4:4 | HDMI to S/PDIF or RCA | Dolby Vision & HDR","The remote server returned an error: (429) Too Many Requests."
"EXP-MX-0402-H2","Control / Expansion","4K60Hz 4x2 HDMI Matrix Switch | 4K60Hz 4:4:4 | Dolby Vision & HDR | ARC | CEC | Audio De-embed","1","https://www.wyrestorm.com/product/exp-mx-0402-h2/",,"EXP-MX-0402-H2","","4K60Hz 4x2 HDMI Matrix Switch | 4K60Hz 4:4:4 | Dolby Vision & HDR | ARC | CEC | Audio De-embed","The remote server returned an error: (429) Too Many Requests."
"EXP-SP-0102-8K","Control / Expansion","8K60Hz 1x2 HDMI Splitter | 8K60Hz  4:4:4 | Dolby Vision & HDR | Audio De-embed | Down-Scaler","1","https://www.wyrestorm.com/product/exp-sp-0102-8k/",,"EXP-SP-0102-8K","","8K60Hz 1x2 HDMI Splitter | 8K60Hz  4:4:4 | Dolby Vision & HDR | Audio De-embed | Down-Scaler","The remote server returned an error: (429) Too Many Requests."
"EXP-SP-0102-H2","Control / Expansion","4K60Hz 1x2 HDMI Splitter | 4K60Hz 4:4:4 | Dolby Vision & HDR | 4k > 1080p Down-Scaler","1","https://www.wyrestorm.com/product/exp-sp-0102-h2/",,"EXP-SP-0102-H2","","4K60Hz 1x2 HDMI Splitter | 4K60Hz 4:4:4 | Dolby Vision & HDR | 4k > 1080p Down-Scaler","The remote server returned an error: (429) Too Many Requests."
"EXP-SP-0104-H2","Control / Expansion","4K60Hz 1x4 HDMI Splitter | 4K60Hz 4:4:4 | Dolby Vision & HDR | 4k > 1080p Down-Scaler","1","https://www.wyrestorm.com/product/exp-sp-0104-h2/",,"EXP-SP-0104-H2","","4K60Hz 1x4 HDMI Splitter | 4K60Hz 4:4:4 | Dolby Vision & HDR | 4k > 1080p Down-Scaler","The remote server returned an error: (429) Too Many Requests."
"EXP-SW-0201-8K","Control / Expansion","8K60Hz 2x1 HDMI Switcher | 8K60Hz 4:4:4 | Dolby Vision & HDR | ARC | Audio De-embed | EDID Management","1","https://www.wyrestorm.com/product/exp-sw-0201-8k/",,"EXP-SW-0201-8K","","8K60Hz 2x1 HDMI Switcher | 8K60Hz 4:4:4 | Dolby Vision & HDR | ARC | Audio De-embed | EDID Management","The remote server returned an error: (429) Too Many Requests."
"EXP-SW-0401-8K","Control / Expansion","8K60Hz 4x1 HDMI Switcher | 8K60Hz 4:4:4 | Dolby Vision & HDR | ARC | Audio De-embed | EDID Management | RS232 Control","1","https://www.wyrestorm.com/product/exp-sw-0401-8k/",,"EXP-SW-0401-8K","","8K60Hz 4x1 HDMI Switcher | 8K60Hz 4:4:4 | Dolby Vision & HDR | ARC | Audio De-embed | EDID Management | RS232 Control","The remote server returned an error: (429) Too Many Requests."
"EXP-SW-0401-H2","Control / Expansion","4K60Hz 4x1 HDMI Switcher | 4K60Hz 4:4:4 | Dolby Vision & HDR","1","https://www.wyrestorm.com/product/exp-sw-0401-h2/",,"EXP-SW-0401-H2","","4K60Hz 4x1 HDMI Switcher | 4K60Hz 4:4:4 | Dolby Vision & HDR","The remote server returned an error: (429) Too Many Requests."
"HALO-COM-MIC","Unclassified","Apollo companion mic | USB mini connection | Mounting on table","1","https://www.wyrestorm.com/product/halo-com-mic/",,"HALO-COM-MIC","","Apollo companion mic | USB mini connection | Mounting on table","The remote server returned an error: (429) Too Many Requests."
"HALO-VX10 V2","Unclassified","HALO 4K Video Bar mini | 4K30Hz camera | 120° DFOV | 5x digital zoom | Auto Framing and Presenter Tracking | Dual 5w speakers | Beamforming 4xMics | Zoom certified","1","https://www.wyrestorm.com/product/halo-vx10 v2/",,"HALO-VX10 V2","","HALO 4K Video Bar mini | 4K30Hz camera | 120° DFOV | 5x digital zoom | Auto Framing and Presenter Tracking | Dual 5w speakers | Beamforming 4xMics | Zoom certified","The remote server returned an error: (429) Too Many Requests."
"HDBASET RECEIVERS","Unclassified","","1","https://www.wyrestorm.com/product/hdbaset receivers/",,"HDBASET RECEIVERS","","","The remote server returned an error: (429) Too Many Requests."
"HDBASET TRANSMITTERS+RECEIVERS","Unclassified","","1","https://www.wyrestorm.com/product/hdbaset transmitters+receivers/",,"HDBASET TRANSMITTERS+RECEIVERS","","","The remote server returned an error: (429) Too Many Requests."
"HDMI AOC CABLE - WYRESTORM","Unclassified","USB Cable - WyreStorm","1","https://www.wyrestorm.com/product/hdmi aoc cable - wyrestorm/",,"HDMI AOC CABLE - WYRESTORM","","USB Cable - WyreStorm","The remote server returned an error: (429) Too Many Requests."
"HDMI CABLE - WYRESTORM","Unclassified","","1","https://www.wyrestorm.com/product/hdmi cable - wyrestorm/",,"HDMI CABLE - WYRESTORM","","","The remote server returned an error: (429) Too Many Requests."
"HDMI EXTENDER - WYRESTORM","Unclassified","","1","https://www.wyrestorm.com/product/hdmi extender - wyrestorm/",,"HDMI EXTENDER - WYRESTORM","","","The remote server returned an error: (429) Too Many Requests."
"IDB-200-MS","Unclassified","Compact In-Desk Connectivity | HDMI & USB-C Passthrough | USB Charging | Multi-Standard Mains Outlet","1","https://www.wyrestorm.com/product/idb-200-ms/",,"IDB-200-MS","","Compact In-Desk Connectivity | HDMI & USB-C Passthrough | USB Charging | Multi-Standard Mains Outlet","The remote server returned an error: (429) Too Many Requests."
"IDB-300","Unclassified","Dual Channel CableBox | USB-C, HDMI+USB | Retractable | Cable management bag","1","https://www.wyrestorm.com/product/idb-300/",,"IDB-300","","Dual Channel CableBox | USB-C, HDMI+USB | Retractable | Cable management bag","The remote server returned an error: (429) Too Many Requests."
"IDB-300-BTN","Unclassified","Dual Channel CableBox | USB-C, HDMI+USB | Touch buttons with LEDs | Retractable | Cable management bag","1","https://www.wyrestorm.com/product/idb-300-btn/",,"IDB-300-BTN","","Dual Channel CableBox | USB-C, HDMI+USB | Touch buttons with LEDs | Retractable | Cable management bag","The remote server returned an error: (429) Too Many Requests."
"IDB-400-MS","Unclassified","Flip Up In-Desk Connectivity | 2 HDMI & USB-C Passthrough | USB Charging | RJ-45 | Multi-Standard Mains Outlet","1","https://www.wyrestorm.com/product/idb-400-ms/",,"IDB-400-MS","","Flip Up In-Desk Connectivity | 2 HDMI & USB-C Passthrough | USB Charging | RJ-45 | Multi-Standard Mains Outlet","The remote server returned an error: (429) Too Many Requests."
"IDB-400-MS-C","Unclassified","Flip Up In-Desk Connectivity | USB Charging| Multi-Standard Mains Outlet | customized ports","1","https://www.wyrestorm.com/product/idb-400-ms-c/",,"IDB-400-MS-C","","Flip Up In-Desk Connectivity | USB Charging| Multi-Standard Mains Outlet | customized ports","The remote server returned an error: (429) Too Many Requests."
"IDB-CBL-SPINE","Unclassified","Under Desk Cable Management 'SPINE' for IDB Series (Adjustable up to 36"")","1","https://www.wyrestorm.com/product/idb-cbl-spine/",,"IDB-CBL-SPINE","","Under Desk Cable Management 'SPINE' for IDB Series (Adjustable up to 36"")","The remote server returned an error: (429) Too Many Requests."
"IDB-HDMI-C","Unclassified","HDMI | Passthrough coupling socket | Front HDMI female | Back HDMI female","1","https://www.wyrestorm.com/product/idb-hdmi-c/",,"IDB-HDMI-C","","HDMI | Passthrough coupling socket | Front HDMI female | Back HDMI female","The remote server returned an error: (429) Too Many Requests."
"IDB-K2-C","Unclassified","Carrier Keystone 2 ports | 45mm X 45mm | Black color","1","https://www.wyrestorm.com/product/idb-k2-c/",,"IDB-K2-C","","Carrier Keystone 2 ports | 45mm X 45mm | Black color","The remote server returned an error: (429) Too Many Requests."
"IDB-PWR-SCH","Unclassified","2m Wieland to Schuko Power Supply Cable For IDB-MS Series (Schuko Plug)","1","https://www.wyrestorm.com/product/idb-pwr-sch/",,"IDB-PWR-SCH","","2m Wieland to Schuko Power Supply Cable For IDB-MS Series (Schuko Plug)","The remote server returned an error: (429) Too Many Requests."
"IDB-PWR-UK","Unclassified","2m Wieland to UK Power Supply Cable For IDB-MS Series (UK Plug)","1","https://www.wyrestorm.com/product/idb-pwr-uk/",,"IDB-PWR-UK","","2m Wieland to UK Power Supply Cable For IDB-MS Series (UK Plug)","The remote server returned an error: (429) Too Many Requests."
"IDB-RJ45-C","Unclassified","RJ45 CAT6 | Passthrough coupling socket | Front RJ45 female | Back RJ45 female | Unshielded","1","https://www.wyrestorm.com/product/idb-rj45-c/",,"IDB-RJ45-C","","RJ45 CAT6 | Passthrough coupling socket | Front RJ45 female | Back RJ45 female | Unshielded","The remote server returned an error: (429) Too Many Requests."
"IDB-USBA-C","Unclassified","USB 3.0 type A | Passthrough coupling socket | Front USB A female | Back USB A female","1","https://www.wyrestorm.com/product/idb-usba-c/",,"IDB-USBA-C","","USB 3.0 type A | Passthrough coupling socket | Front USB A female | Back USB A female","The remote server returned an error: (429) Too Many Requests."
"IDB-USBC-C","Unclassified","USB 3.2 type C | Passthrough coupling socket | Front USB C female | Back USB C female","1","https://www.wyrestorm.com/product/idb-usbc-c/",,"IDB-USBC-C","","USB 3.2 type C | Passthrough coupling socket | Front USB C female | Back USB C female","The remote server returned an error: (429) Too Many Requests."
"LOSSLESS ZERO LATENCY 4K60 OVER IP (10G) - WYRESTORM","Unclassified","","1","https://www.wyrestorm.com/product/lossless zero latency 4k60 over ip (10g) - wyrestorm/",,"LOSSLESS ZERO LATENCY 4K60 OVER IP (10G) - WYRESTORM","","","The remote server returned an error: (429) Too Many Requests."
"MX-0402-MST","Unclassified","Synergy 5K60Hz HDR 4x2 HDMI & USB-C Matrix Switcher with MST | 5K60Hz 4:2:0| Dual 60-Watt Charging | USB 3.2 | USB Passthrough 1Gbe | GPIO | Down-Scaling","1","https://www.wyrestorm.com/product/mx-0402-mst/",,"MX-0402-MST","","Synergy 5K60Hz HDR 4x2 HDMI & USB-C Matrix Switcher with MST | 5K60Hz 4:2:0| Dual 60-Watt Charging | USB 3.2 | USB Passthrough 1Gbe | GPIO | Down-Scaling","The remote server returned an error: (429) Too Many Requests."
"MX-0403-H3-MST","Unclassified","Synergy 5K60Hz HDR 4x3 HDMI & USB-C Matrix Switcher with MST & HDBaseT 3.0 Output | 5K60Hz 4:2:0 | Dual 60-Watt Charging | USB 3.2 | USB Passthrough 1Gbe | GPIO | Down-Scaling","1","https://www.wyrestorm.com/product/mx-0403-h3-mst/",,"MX-0403-H3-MST","","Synergy 5K60Hz HDR 4x3 HDMI & USB-C Matrix Switcher with MST & HDBaseT 3.0 Output | 5K60Hz 4:2:0 | Dual 60-Watt Charging | USB 3.2 | USB Passthrough 1Gbe | GPIO | Down-Scaling","The remote server returned an error: (429) Too Many Requests."
"MX-0404-HDMI","Unclassified","5K60Hz 4x4 HDMI Matrix | 5K60Hz 4:2:0 | 4K60Hz 4:4:4 | Dolby Vision & HDR | 4K-1080P Simple Scaler | Audio De-embed | CEC","1","https://www.wyrestorm.com/product/mx-0404-hdmi/",,"MX-0404-HDMI","","5K60Hz 4x4 HDMI Matrix | 5K60Hz 4:2:0 | 4K60Hz 4:4:4 | Dolby Vision & HDR | 4K-1080P Simple Scaler | Audio De-embed | CEC","The remote server returned an error: (429) Too Many Requests."
"MX-0404-KIT","Unclassified","4K60Hz 4x4 (3 HDBaseT, 1 HDMI) Matrix | 4K60Hz 4:2:0 | PoH | Includes 3 Receivers | Audio De-embed (4K: 35m/115ft, 1080p: 70m/228ft)","1","https://www.wyrestorm.com/product/mx-0404-kit/",,"MX-0404-KIT","","4K60Hz 4x4 (3 HDBaseT, 1 HDMI) Matrix | 4K60Hz 4:2:0 | PoH | Includes 3 Receivers | Audio De-embed (4K: 35m/115ft, 1080p: 70m/228ft)","The remote server returned an error: (429) Too Many Requests."
"MX-0404-SCL","Unclassified","5K30Hz 4x4 HDMI Matrix | 5K30Hz 4:4:4 | 4K60Hz 4:4:4 | HDR | Seamless Switching | Multiview | Videowall | Scaling Outputs |Balanced Analog and S/PDIF Audio De-embed | CEC","1","https://www.wyrestorm.com/product/mx-0404-scl/",,"MX-0404-SCL","","5K30Hz 4x4 HDMI Matrix | 5K30Hz 4:4:4 | 4K60Hz 4:4:4 | HDR | Seamless Switching | Multiview | Videowall | Scaling Outputs |Balanced Analog and S/PDIF Audio De-embed | CEC","The remote server returned an error: (429) Too Many Requests."
"MX-0804-EDC","Unclassified","4K60Hz 8x4 Seamless Matrix |4K60Hz 4:4:4 | 7 HDMI & 1 USB-C input | 4 HDMI outputs | Audio DSP & Mixing | DANTE | Dolby Vision & HDR | CEC","1","https://www.wyrestorm.com/product/mx-0804-edc/",,"MX-0804-EDC","","4K60Hz 8x4 Seamless Matrix |4K60Hz 4:4:4 | 7 HDMI & 1 USB-C input | 4 HDMI outputs | Audio DSP & Mixing | DANTE | Dolby Vision & HDR | CEC","The remote server returned an error: (429) Too Many Requests."
"MX-0808-H2A-MK2","Unclassified","5K60Hz 8x8 HDMI Matrix | 5K60Hz 4:2:0 | 4K60Hz 4:4:4 | Dolby Vision & HDR | Scaling Outputs | Balanced Audio De-embed | ARC | CEC | Sygma","1","https://www.wyrestorm.com/product/mx-0808-h2a-mk2/",,"MX-0808-H2A-MK2","","5K60Hz 8x8 HDMI Matrix | 5K60Hz 4:2:0 | 4K60Hz 4:4:4 | Dolby Vision & HDR | Scaling Outputs | Balanced Audio De-embed | ARC | CEC | Sygma","The remote server returned an error: (429) Too Many Requests."
"MX-0808-KIT V2","Unclassified","4K60Hz 8x8 HDBaseT Matrix | 4K60Hz 4:2:0 | PoH | Includes 8 Receivers | 4x Mirrored HDMI | Audio De-embed (4K: 35m/115ft, 1080p: 70m/228ft)","1","https://www.wyrestorm.com/product/mx-0808-kit v2/",,"MX-0808-KIT V2","","4K60Hz 8x8 HDBaseT Matrix | 4K60Hz 4:2:0 | PoH | Includes 8 Receivers | 4x Mirrored HDMI | Audio De-embed (4K: 35m/115ft, 1080p: 70m/228ft)","The remote server returned an error: (429) Too Many Requests."
"MX-0808-SCL V2","Unclassified","4K60Hz 8x8 Seamless Scaling HDMI Matrix with USB-C | 4K60Hz 4:4:4 | Audio De-embed | HDCP 2.3","1","https://www.wyrestorm.com/product/mx-0808-scl v2/",,"MX-0808-SCL V2","","4K60Hz 8x8 Seamless Scaling HDMI Matrix with USB-C | 4K60Hz 4:4:4 | Audio De-embed | HDCP 2.3","The remote server returned an error: (429) Too Many Requests."
"MX-0812-SCL","Unclassified","4K60Hz 8x12 Advanced Seamless Scaling HDMI Matrix | 4K60Hz 4:4:4 | Advanced Video Wall | Audio De-embed | HDCP 2.3","1","https://www.wyrestorm.com/product/mx-0812-scl/",,"MX-0812-SCL","","4K60Hz 8x12 Advanced Seamless Scaling HDMI Matrix | 4K60Hz 4:4:4 | Advanced Video Wall | Audio De-embed | HDCP 2.3","The remote server returned an error: (429) Too Many Requests."
"MX-1007-HYB","Unclassified","4K60Hz 10x7 Seamless Matrix | 4K60Hz 4:4:4 | 7 HDMI & 1 USB-C input | NetworkHD (500 series) & HDBT Inputs & outputs | Audio DSP, AMP & Mixing | DANTE | Dolby Vision & HDR | Routable CEC & RS232","1","https://www.wyrestorm.com/product/mx-1007-hyb/",,"MX-1007-HYB","","4K60Hz 10x7 Seamless Matrix | 4K60Hz 4:4:4 | 7 HDMI & 1 USB-C input | NetworkHD (500 series) & HDBT Inputs & outputs | Audio DSP, AMP & Mixing | DANTE | Dolby Vision & HDR | Routable CEC & RS232","The remote server returned an error: (429) Too Many Requests."
"MX-1616-SCL","Unclassified","16 Slot - 4K60Hz Seamless Empty Custom Matrix Chassis (work with RX-70-4K) | 4K60Hz 4:4:4","1","https://www.wyrestorm.com/product/mx-1616-scl/",,"MX-1616-SCL","","16 Slot - 4K60Hz Seamless Empty Custom Matrix Chassis (work with RX-70-4K) | 4K60Hz 4:4:4","The remote server returned an error: (429) Too Many Requests."
"MXV-0404-H2A-KIT V2","Unclassified","4K60Hz 4x4 HDBaseT Matrix | 4K60Hz  4:4:4 | Dolby Vision & HDR | PoH | Includes 4 Receivers | Audio De-embed | (4K: 35m/115ft, 1080p: 70m/230ft)","1","https://www.wyrestorm.com/product/mxv-0404-h2a-kit v2/",,"MXV-0404-H2A-KIT V2","","4K60Hz 4x4 HDBaseT Matrix | 4K60Hz  4:4:4 | Dolby Vision & HDR | PoH | Includes 4 Receivers | Audio De-embed | (4K: 35m/115ft, 1080p: 70m/230ft)","The remote server returned an error: (429) Too Many Requests."
"MXV-0808-H2A-70 V3","Unclassified","4K60Hz 8x8 HDBaseT Matrix | 4K60Hz 4:4:4 | Dolby Vision & HDR | PoH |Audio De-embed | Routable CEC & RS232 (4K: 70m/230ft, 1080p: 100m/328ft)","1","https://www.wyrestorm.com/product/mxv-0808-h2a-70 v3/",,"MXV-0808-H2A-70 V3","","4K60Hz 8x8 HDBaseT Matrix | 4K60Hz 4:4:4 | Dolby Vision & HDR | PoH |Audio De-embed | Routable CEC & RS232 (4K: 70m/230ft, 1080p: 100m/328ft)","The remote server returned an error: (429) Too Many Requests."
"MXV-0808-H2A-KIT","Unclassified","4K60Hz 8x8 HDBaseT Matrix  Kit w/ 6 standard receivers & 2 Scaling receivers | 4K60Hz 4:4:4 | Dolby Vision & HDR | PoH |Audio De-embed | Routable CEC & RS232 (4K: 35m/115ft, 1080p: 70m/230ft)","1","https://www.wyrestorm.com/product/mxv-0808-h2a-kit/",,"MXV-0808-H2A-KIT","","4K60Hz 8x8 HDBaseT Matrix  Kit w/ 6 standard receivers & 2 Scaling receivers | 4K60Hz 4:4:4 | Dolby Vision & HDR | PoH |Audio De-embed | Routable CEC & RS232 (4K: 35m/115ft, 1080p: 70m/230ft)","The remote server returned an error: (429) Too Many Requests."
"NETWORKHD 4K60HZ JPEG2000 (AV OVER IP) TO NETWORKHD 4K60HZ 4:4:4 JPEG2000 (AV OVER IP)","Unclassified","","1","https://www.wyrestorm.com/product/networkhd 4k60hz jpeg2000 (av over ip) to networkhd 4k60hz 4:4:4 jpeg2000 (av over ip)/",,"NETWORKHD 4K60HZ JPEG2000 (AV OVER IP) TO NETWORKHD 4K60HZ 4:4:4 JPEG2000 (AV OVER IP)","","","The remote server returned an error: (429) Too Many Requests."
"NETWORKHD COMPONENTS - WYRESTORM","Unclassified","","1","https://www.wyrestorm.com/product/networkhd components - wyrestorm/",,"NETWORKHD COMPONENTS - WYRESTORM","","","The remote server returned an error: (429) Too Many Requests."
"NETWORKHD H.264/H.265 (AV OVER IP)","Unclassified","","1","https://www.wyrestorm.com/product/networkhd h.264/h.265 (av over ip)/",,"NETWORKHD H.264/H.265 (AV OVER IP)","","","The remote server returned an error: (429) Too Many Requests."
"NETWORKHD TOUCH™","Unclassified","Free iPad & Android Control App for NetworkHD 100, 200, 400, 500 and 600 Series","1","https://www.wyrestorm.com/product/networkhd touch™/",,"NETWORKHD TOUCH™","","Free iPad & Android Control App for NetworkHD 100, 200, 400, 500 and 600 Series","The remote server returned an error: (429) Too Many Requests."
"NHD-000-RACK4","NetworkHD","6U/12 Slot Rack Mount for all NetworkHD Series","1","https://www.wyrestorm.com/product/nhd-000-rack4/",,"NHD-000-RACK4","","6U/12 Slot Rack Mount for all NetworkHD Series","The remote server returned an error: (429) Too Many Requests."
"NHD-0401-MV","NetworkHD","5K30Hz NetworkHD 4-Input Multiview Switcher | 5K30Hz 4:4:4 | 4K60Hz 4:4:4 | Dolby Vision & HDR | Audio De-embed | Compatible with 400 & 500 Series","1","https://www.wyrestorm.com/product/nhd-0401-mv/",,"NHD-0401-MV","","5K30Hz NetworkHD 4-Input Multiview Switcher | 5K30Hz 4:4:4 | 4K60Hz 4:4:4 | Dolby Vision & HDR | Audio De-embed | Compatible with 400 & 500 Series","The remote server returned an error: (429) Too Many Requests."
"NHD-120-IW-TX","NetworkHD","4K30Hz 2-Gang In-Wall Encoder | 4K30Hz 4:2:0 | PoE | Audio De-embed | IR TX | 1GbE Port for 3rd Device Passthrough","1","https://www.wyrestorm.com/product/nhd-120-iw-tx/",,"NHD-120-IW-TX","","4K30Hz 2-Gang In-Wall Encoder | 4K30Hz 4:2:0 | PoE | Audio De-embed | IR TX | 1GbE Port for 3rd Device Passthrough","The remote server returned an error: (429) Too Many Requests."
"NHD-120-RX","NetworkHD","4K30Hz Decoder | 4K30Hz 4:2:0 | PoE | Audio De-embed | Video Wall | IR & RS232 Routing | CEC","1","https://www.wyrestorm.com/product/nhd-120-rx/",,"NHD-120-RX","","4K30Hz Decoder | 4K30Hz 4:2:0 | PoE | Audio De-embed | Video Wall | IR & RS232 Routing | CEC","The remote server returned an error: (429) Too Many Requests."
"NHD-120-TX","NetworkHD","4K30Hz Encoder | 4K30Hz 4:2:0 |  PoE | Audio De-embed | IR & RS232 Routing","1","https://www.wyrestorm.com/product/nhd-120-tx/",,"NHD-120-TX","","4K30Hz Encoder | 4K30Hz 4:2:0 |  PoE | Audio De-embed | IR & RS232 Routing","The remote server returned an error: (429) Too Many Requests."
"NHD-124-TX","NetworkHD","4K30Hz Quad Encoder | 4K30Hz 4:2:0","1","https://www.wyrestorm.com/product/nhd-124-tx/",,"NHD-124-TX","","4K30Hz Quad Encoder | 4K30Hz 4:2:0","The remote server returned an error: (429) Too Many Requests."
"NHD-128-NDI-TRX","NetworkHD","4K NDI–NHD Gateway| 4K30Hz | 8x NDI to NHD Channels | 1x NHD to NDI Channel | H.264/H.265 | PoE | Web UI & API Control","1","https://www.wyrestorm.com/product/nhd-128-ndi-trx/",,"NHD-128-NDI-TRX","","4K NDI–NHD Gateway| 4K30Hz | 8x NDI to NHD Channels | 1x NHD to NDI Channel | H.264/H.265 | PoE | Web UI & API Control","The remote server returned an error: (429) Too Many Requests."
"NHD-140-RACK-1U","NetworkHD","1U/2 Slot Rack Mount for NHD-140-TX &NHD-124-TX Quad Encoder","1","https://www.wyrestorm.com/product/nhd-140-rack-1u/",,"NHD-140-RACK-1U","","1U/2 Slot Rack Mount for NHD-140-TX &NHD-124-TX Quad Encoder","The remote server returned an error: (429) Too Many Requests."
"NHD-150-RX","NetworkHD","4K60Hz Output Multiview Decoder | 4K60Hz 4:2:0 Output | PoE | Audio De-embed | RS232 | CEC","1","https://www.wyrestorm.com/product/nhd-150-rx/",,"NHD-150-RX","","4K60Hz Output Multiview Decoder | 4K60Hz 4:2:0 Output | PoE | Audio De-embed | RS232 | CEC","The remote server returned an error: (429) Too Many Requests."
"NHD-500-DNT-TX","NetworkHD","4K60Hz Encoder | 4K60Hz 4:4:4 | 1GbE | Dolby Vision & HDR | USB 2.0 | Audio De-embed | ARC | Dual RJ45 | SFP | PoE | IR & RS232 Routing | Dante/AES67","1","https://www.wyrestorm.com/product/nhd-500-dnt-tx/",,"NHD-500-DNT-TX","","4K60Hz Encoder | 4K60Hz 4:4:4 | 1GbE | Dolby Vision & HDR | USB 2.0 | Audio De-embed | ARC | Dual RJ45 | SFP | PoE | IR & RS232 Routing | Dante/AES67","The remote server returned an error: (429) Too Many Requests."
"NHD-500-E-RX","NetworkHD","Lite 4K60Hz Decoder | 4K60Hz 4:4:4 | 1GbE | Dolby Vision & HDR | Video Wall | ARC | PoE | CEC | RS232 | Dante AV-A/AES67","1","https://www.wyrestorm.com/product/nhd-500-e-rx/",,"NHD-500-E-RX","","Lite 4K60Hz Decoder | 4K60Hz 4:4:4 | 1GbE | Dolby Vision & HDR | Video Wall | ARC | PoE | CEC | RS232 | Dante AV-A/AES67","The remote server returned an error: (429) Too Many Requests."
"NHD-500-E-TX","NetworkHD","Lite 4K60Hz Encoder | 4K60Hz 4:4:4 | 1GbE | Dolby Vision & HDR | Audio De-embed | ARC | PoE | IR | Dante AV-A/AES67","1","https://www.wyrestorm.com/product/nhd-500-e-tx/",,"NHD-500-E-TX","","Lite 4K60Hz Encoder | 4K60Hz 4:4:4 | 1GbE | Dolby Vision & HDR | Audio De-embed | ARC | PoE | IR | Dante AV-A/AES67","The remote server returned an error: (429) Too Many Requests."
"NHD-500-IW-TX V2","NetworkHD","4K60Hz 2-Gang In-Wall Encoder | 4K60Hz 4:4:4 | 1GbE | HDMI & USB-C Inputs | Dolby Vision & HDR | USB-C 60w PD | ARC | USB 2.0 | PoE | Dante AV-A/AES67","1","https://www.wyrestorm.com/product/nhd-500-iw-tx v2/",,"NHD-500-IW-TX V2","","4K60Hz 2-Gang In-Wall Encoder | 4K60Hz 4:4:4 | 1GbE | HDMI & USB-C Inputs | Dolby Vision & HDR | USB-C 60w PD | ARC | USB 2.0 | PoE | Dante AV-A/AES67","The remote server returned an error: (429) Too Many Requests."
"NHD-500-RX V2","NetworkHD","4K60Hz Decoder | 4K60Hz 4:4:4 | 1GbE | Dolby Vision & HDR | USB 2.0 | Video Wall | Audio De-embed | ARC | S/PDIF | Dual RJ45 | SFP | PoE+ | CEC | IR & RS232 Routing | Dante AV-A/AES67","1","https://www.wyrestorm.com/product/nhd-500-rx v2/",,"NHD-500-RX V2","","4K60Hz Decoder | 4K60Hz 4:4:4 | 1GbE | Dolby Vision & HDR | USB 2.0 | Video Wall | Audio De-embed | ARC | S/PDIF | Dual RJ45 | SFP | PoE+ | CEC | IR & RS232 Routing | Dante AV-A/AES67","The remote server returned an error: (429) Too Many Requests."
"NHD-500-TX V2","NetworkHD","4K60Hz Encoder | 4K60Hz 4:4:4 | 1GbE | HDMI Loop out | Dolby Vision & HDR | USB 2.0 | Audio De-embed | ARC | S/PDIF | Dual RJ45 | SFP  | PoE+ | IR & RS232 Routing | Dante AV-A/AES67","1","https://www.wyrestorm.com/product/nhd-500-tx v2/",,"NHD-500-TX V2","","4K60Hz Encoder | 4K60Hz 4:4:4 | 1GbE | HDMI Loop out | Dolby Vision & HDR | USB 2.0 | Audio De-embed | ARC | S/PDIF | Dual RJ45 | SFP  | PoE+ | IR & RS232 Routing | Dante AV-A/AES67","The remote server returned an error: (429) Too Many Requests."
"NHD-510-TX","NetworkHD","4K60Hz Encoder | 4K60Hz 4:4:4 | 1GbE | HDMI Loop out | Dolby Vision & HDR | HDMI&USB-C Input | USB-C 60w PD | USB 2.0 | Audio De-embed | ARC | Dual RJ45 | SFP | PoE+ | IR & RS232 Routing | Dante AV-A/AES67","1","https://www.wyrestorm.com/product/nhd-510-tx/",,"NHD-510-TX","","4K60Hz Encoder | 4K60Hz 4:4:4 | 1GbE | HDMI Loop out | Dolby Vision & HDR | HDMI&USB-C Input | USB-C 60w PD | USB 2.0 | Audio De-embed | ARC | Dual RJ45 | SFP | PoE+ | IR & RS232 Routing | Dante AV-A/AES67","The remote server returned an error: (429) Too Many Requests."
"NHD-600-E-RX","NetworkHD","4K60Hz SDVoE Decoder | 4K60Hz 4:4:4 | 10G RJ45 | Dolby Vision & HDR | PoE+ | Ethernet Passthrough | Audio De-embed | IR & RS232","1","https://www.wyrestorm.com/product/nhd-600-e-rx/",,"NHD-600-E-RX","","4K60Hz SDVoE Decoder | 4K60Hz 4:4:4 | 10G RJ45 | Dolby Vision & HDR | PoE+ | Ethernet Passthrough | Audio De-embed | IR & RS232","The remote server returned an error: (429) Too Many Requests."
"NHD-600-E-TX","NetworkHD","4K60Hz SDVoE Encoder | 4K60Hz 4:4:4 | 10G RJ45 | Dolby Vision & HDR | PoE+ | Ethernet Passthrough | Audio De-embed | IR & RS232","1","https://www.wyrestorm.com/product/nhd-600-e-tx/",,"NHD-600-E-TX","","4K60Hz SDVoE Encoder | 4K60Hz 4:4:4 | 10G RJ45 | Dolby Vision & HDR | PoE+ | Ethernet Passthrough | Audio De-embed | IR & RS232","The remote server returned an error: (429) Too Many Requests."
"NHD-600-TRX","NetworkHD","4K60Hz SDVoE Transceiver | 4K60Hz 4:4:4 | 10G RJ45 | Dolby Vision & HDR | Video Wall | Multiview | PoE+ | Ethernet Passthrough | Audio De-embed | USB HID | CEC | IR & RS232","1","https://www.wyrestorm.com/product/nhd-600-trx/",,"NHD-600-TRX","","4K60Hz SDVoE Transceiver | 4K60Hz 4:4:4 | 10G RJ45 | Dolby Vision & HDR | Video Wall | Multiview | PoE+ | Ethernet Passthrough | Audio De-embed | USB HID | CEC | IR & RS232","The remote server returned an error: (429) Too Many Requests."
"NHD-600-TRXF","NetworkHD","4K60Hz SDVoE Fiber Transceiver | 4K60Hz 4:4:4 | 10G SFP+ | Dolby Vision & HDR | Video Wall | Multiview | Ethernet Passthrough | Audio De-embed | USB 2.0 | CEC | IR&RS232","1","https://www.wyrestorm.com/product/nhd-600-trxf/",,"NHD-600-TRXF","","4K60Hz SDVoE Fiber Transceiver | 4K60Hz 4:4:4 | 10G SFP+ | Dolby Vision & HDR | Video Wall | Multiview | Ethernet Passthrough | Audio De-embed | USB 2.0 | CEC | IR&RS232","The remote server returned an error: (429) Too Many Requests."
"NHD-610-RX","NetworkHD","4K60Hz SDVoE Decoder | 4K60Hz 4:4:4 | 10G RJ45| Dolby Vision & HDR | Video Wall | Multiview | PoE+ | Ethernet Passthrough | Audio De-embed | USB 2.0 | CEC | IR&RS232","1","https://www.wyrestorm.com/product/nhd-610-rx/",,"NHD-610-RX","","4K60Hz SDVoE Decoder | 4K60Hz 4:4:4 | 10G RJ45| Dolby Vision & HDR | Video Wall | Multiview | PoE+ | Ethernet Passthrough | Audio De-embed | USB 2.0 | CEC | IR&RS232","The remote server returned an error: (429) Too Many Requests."
"NHD-610-TX","NetworkHD","4K60Hz SDVoE Encoder | 4K60Hz 4:4:4 | 10G RJ45 | Dolby Vision & HDR | PoE+ | Ethernet Passthrough | Audio De-embed | Dante/AES67 | USB 2.0 | IR&RS232","1","https://www.wyrestorm.com/product/nhd-610-tx/",,"NHD-610-TX","","4K60Hz SDVoE Encoder | 4K60Hz 4:4:4 | 10G RJ45 | Dolby Vision & HDR | PoE+ | Ethernet Passthrough | Audio De-embed | Dante/AES67 | USB 2.0 | IR&RS232","The remote server returned an error: (429) Too Many Requests."
"NHD-610-TX V2","NetworkHD","4K60Hz SDVoE Encoder | 4K60Hz 4:4:4 | 10G RJ45 | Dolby Vision & HDR | PoE+ | Ethernet Passthrough | Audio De-embed | Dante/AES67 | USB HID | IR&RS232","1","https://www.wyrestorm.com/product/nhd-610-tx v2/",,"NHD-610-TX V2","","4K60Hz SDVoE Encoder | 4K60Hz 4:4:4 | 10G RJ45 | Dolby Vision & HDR | PoE+ | Ethernet Passthrough | Audio De-embed | Dante/AES67 | USB HID | IR&RS232","The remote server returned an error: (429) Too Many Requests."
"NHD-CTL-PRO V2","NetworkHD","Mandatory (pone per Network) NHD Pro Controller for NetworkHD Series | PoE | Dual NIC Network Isolation | Advanced Setup Interface & Wizard","1","https://www.wyrestorm.com/product/nhd-ctl-pro v2/",,"NHD-CTL-PRO V2","","Mandatory (pone per Network) NHD Pro Controller for NetworkHD Series | PoE | Dual NIC Network Isolation | Advanced Setup Interface & Wizard","The remote server returned an error: (429) Too Many Requests."
"NHD-RACK-1U","NetworkHD","1U/2 Slot Rack Mount for NetworkHD 110/120/500/600/CTL","1","https://www.wyrestorm.com/product/nhd-rack-1u/",,"NHD-RACK-1U","","1U/2 Slot Rack Mount for NetworkHD 110/120/500/600/CTL","The remote server returned an error: (429) Too Many Requests."
"NHD-USB-TRX","NetworkHD","USB 2.0 over IP Transceiver | 1GbE | USB-A & USB-B Ports | SFP | PoE+ | USB Hub","1","https://www.wyrestorm.com/product/nhd-usb-trx/",,"NHD-USB-TRX","","USB 2.0 over IP Transceiver | 1GbE | USB-A & USB-B Ports | SFP | PoE+ | USB Hub","The remote server returned an error: (429) Too Many Requests."
"PRESENTATION SWITCHER - WYRESTORM","Unclassified","","1","https://www.wyrestorm.com/product/presentation switcher - wyrestorm/",,"PRESENTATION SWITCHER - WYRESTORM","","","The remote server returned an error: (429) Too Many Requests."
"RX3-100","Unclassified","5K60Hz HDBaseT 3.0 Receiver | 5K60Hz 4:2:0 | 4K60Hz 4:4:4 | PoH | USB2.0 | CEC | RS232 passthrough | audio De-embed (4K: 100m/328ft) [For SW-120-TX3 & MX-1007-HYB]","2","https://www.wyrestorm.com/product/rx3-100/",,"RX3-100","","5K60Hz HDBaseT 3.0 Receiver | 5K60Hz 4:2:0 | 4K60Hz 4:4:4 | PoH | USB2.0 | CEC | RS232 passthrough | audio De-embed (4K: 100m/328ft) [For SW-120-TX3 & MX-1007-HYB]","The remote server returned an error: (429) Too Many Requests."
"RX-35-POH","Unclassified","4K60Hz HDBaseT Receiver | 4K60Hz 4:2:0 | PoH | IR & RS232 Passthrough (4K: 35m/115ft, 1080p: 70m/230ft) [For TX-35-IW]","1","https://www.wyrestorm.com/product/rx-35-poh/",,"RX-35-POH","","4K60Hz HDBaseT Receiver | 4K60Hz 4:2:0 | PoH | IR & RS232 Passthrough (4K: 35m/115ft, 1080p: 70m/230ft) [For TX-35-IW]","The remote server returned an error: (429) Too Many Requests."
"RX-500","Unclassified","4K60Hz HDBaseT 2.0 Receiver | 4K60Hz 4:2:0 | PoH | USB 2.0 | Audio De-embed | RS232 Passthrough (4K: 35m/115ft, 1080p: 70m/230ft) [For APO/SW Products]","4","https://www.wyrestorm.com/product/rx-500/",,"RX-500","","4K60Hz HDBaseT 2.0 Receiver | 4K60Hz 4:2:0 | PoH | USB 2.0 | Audio De-embed | RS232 Passthrough (4K: 35m/115ft, 1080p: 70m/230ft) [For APO/SW Products]","The remote server returned an error: (429) Too Many Requests."
"RX-700","Unclassified","4K60Hz HDBaseT Receiver  | 4K60Hz 4:2:0 | PoH | USB 2.0 | DSC | Audio De-embed | RS232 & IR Passthrough (4K: 100m/328ft) [For SW-130-TX]","1","https://www.wyrestorm.com/product/rx-700/",,"RX-700","","4K60Hz HDBaseT Receiver  | 4K60Hz 4:2:0 | PoH | USB 2.0 | DSC | Audio De-embed | RS232 & IR Passthrough (4K: 100m/328ft) [For SW-130-TX]","The remote server returned an error: (429) Too Many Requests."
"RX-70-4K","Unclassified","4K60Hz HDBaseT Receiver | 4K60Hz 4:2:0 | PoH | Ethernet, IR & RS232 Passthrough (4K: 70m/230ft, 1080p: 100m/328ft) [For MX-1616-SCL]","1","https://www.wyrestorm.com/product/rx-70-4k/",,"RX-70-4K","","4K60Hz HDBaseT Receiver | 4K60Hz 4:2:0 | PoH | Ethernet, IR & RS232 Passthrough (4K: 70m/230ft, 1080p: 100m/328ft) [For MX-1616-SCL]","The remote server returned an error: (429) Too Many Requests."
"RX-70-4K-SCL","Unclassified","4K60Hz HDBaseT Scaling Receiver | 4K60Hz 4:2:0 | PoH | Ethernet, IR & RS232 Passthrough |ARC (4K: 70m/230ft, 1080p: 100m/328ft)","1","https://www.wyrestorm.com/product/rx-70-4k-scl/",,"RX-70-4K-SCL","","4K60Hz HDBaseT Scaling Receiver | 4K60Hz 4:2:0 | PoH | Ethernet, IR & RS232 Passthrough |ARC (4K: 70m/230ft, 1080p: 100m/328ft)","The remote server returned an error: (429) Too Many Requests."
"RXF-300-4K","Unclassified","4K60Hz Fiber Receiver | 4K60Hz 4:4:4 | IR & RS232 Passthrough (4K:300m/984ft) [For H2XC]","1","https://www.wyrestorm.com/product/rxf-300-4k/",,"RXF-300-4K","","4K60Hz Fiber Receiver | 4K60Hz 4:4:4 | IR & RS232 Passthrough (4K:300m/984ft) [For H2XC]","The remote server returned an error: (429) Too Many Requests."
"RXV-35-4K","Unclassified","4K60Hz HDBaseT Receiver | 4K60Hz 4:4:4 | PoH | IR & RS232 Passthrough (4K: 35m/115ft, 1080p: 70m/230ft) [For MXV]","1","https://www.wyrestorm.com/product/rxv-35-4k/",,"RXV-35-4K","","4K60Hz HDBaseT Receiver | 4K60Hz 4:4:4 | PoH | IR & RS232 Passthrough (4K: 35m/115ft, 1080p: 70m/230ft) [For MXV]","The remote server returned an error: (429) Too Many Requests."
"RXV-35-SCL","Unclassified","4K60Hz HDBaseT Scaling Receiver | 4K60Hz 4:4:4 | PoH | Audio De-embed | IR & RS232 Passthrough (4K: 35m/115ft, 1080p: 70m/230ft) [For MXV]","1","https://www.wyrestorm.com/product/rxv-35-scl/",,"RXV-35-SCL","","4K60Hz HDBaseT Scaling Receiver | 4K60Hz 4:4:4 | PoH | Audio De-embed | IR & RS232 Passthrough (4K: 35m/115ft, 1080p: 70m/230ft) [For MXV]","The remote server returned an error: (429) Too Many Requests."
"RXV-70-4K-G2","Unclassified","4K60Hz HDBaseT Receiver | 4K60Hz 4:4:4 | PoH | IR & RS232 Passthrough (4K: 70m/230ft, 1080p: 100m/328ft) [For MXV-70]","1","https://www.wyrestorm.com/product/rxv-70-4k-g2/",,"RXV-70-4K-G2","","4K60Hz HDBaseT Receiver | 4K60Hz 4:4:4 | PoH | IR & RS232 Passthrough (4K: 70m/230ft, 1080p: 100m/328ft) [For MXV-70]","The remote server returned an error: (429) Too Many Requests."
"RXV-70-G2-SCL","Unclassified","4K60Hz HDBaseT Scaling Receiver | 4K60Hz 4:4:4 | PoH | Audio De-embed | IR & RS232 Passthrough (4K: 70m/230ft, 1080p: 100m/328ft) [For MXV-70]","1","https://www.wyrestorm.com/product/rxv-70-g2-scl/",,"RXV-70-G2-SCL","","4K60Hz HDBaseT Scaling Receiver | 4K60Hz 4:4:4 | PoH | Audio De-embed | IR & RS232 Passthrough (4K: 70m/230ft, 1080p: 100m/328ft) [For MXV-70]","The remote server returned an error: (429) Too Many Requests."
"SP-0104-H2","Unclassified","4K60Hz 1x4 HDMI Splitter | 4K60Hz 4:4:4 | Dolby Vision & HDR | EDID Management","1","https://www.wyrestorm.com/product/sp-0104-h2/",,"SP-0104-H2","","4K60Hz 1x4 HDMI Splitter | 4K60Hz 4:4:4 | Dolby Vision & HDR | EDID Management","The remote server returned an error: (429) Too Many Requests."
"SP-0108-SCL","Unclassified","4K60Hz 1x8 HDMI Splitter | 4K60Hz 4:4:4 | Dolby Vision & HDR | EDID Management | Down-Scaling | Audio De-embed","1","https://www.wyrestorm.com/product/sp-0108-scl/",,"SP-0108-SCL","","4K60Hz 1x8 HDMI Splitter | 4K60Hz 4:4:4 | Dolby Vision & HDR | EDID Management | Down-Scaling | Audio De-embed","The remote server returned an error: (429) Too Many Requests."
"SW-0204-VW","Switching / Processing","5K30Hz 4-Output Video Wall | 5K30Hz 4:4:4 | 4K60Hz 4:4:4 | 1x4, 2x2 layout | Ultra-wide resolution support  | WEB GUI and RS232 control","1","https://www.wyrestorm.com/product/sw-0204-vw/",,"SW-0204-VW","","5K30Hz 4-Output Video Wall | 5K30Hz 4:4:4 | 4K60Hz 4:4:4 | 1x4, 2x2 layout | Ultra-wide resolution support  | WEB GUI and RS232 control","The remote server returned an error: (429) Too Many Requests."
"SW-0206-VW","Switching / Processing","5K30Hz 6-Output Video Wall | 5K30Hz 4:4:4 | 4K60Hz 4:4:4 | Cascading up to 6 devices | Multi-fast layout and customized layout |Ultra-wide resolution support  | WEB GUI and RS232 control","1","https://www.wyrestorm.com/product/sw-0206-vw/",,"SW-0206-VW","","5K30Hz 6-Output Video Wall | 5K30Hz 4:4:4 | 4K60Hz 4:4:4 | Cascading up to 6 devices | Multi-fast layout and customized layout |Ultra-wide resolution support  | WEB GUI and RS232 control","The remote server returned an error: (429) Too Many Requests."
"SW-120-TX3","Switching / Processing","5K60Hz (HDMI) HDBaseT 3.0 Transmitter | 5K60Hz 4:2:0 | 4K60Hz 4:4:4 | HDMI & USB-C input | PoH | USB2.0 | RS232 passthrough (4K: 100m/328ft) [For RX3-100 & MX-1007-HYB]","2","https://www.wyrestorm.com/product/sw-120-tx3/",,"SW-120-TX3","","5K60Hz (HDMI) HDBaseT 3.0 Transmitter | 5K60Hz 4:2:0 | 4K60Hz 4:4:4 | HDMI & USB-C input | PoH | USB2.0 | RS232 passthrough (4K: 100m/328ft) [For RX3-100 & MX-1007-HYB]","The remote server returned an error: (429) Too Many Requests."
"SW-120-TX3-UK","Switching / Processing","5K60Hz (HDMI) HDBaseT 3.0 2-Gang In-Wall Transmitter | 5K60Hz 4:2:0 | 4K60Hz 4:4:4 | HDMI & USB-C input | PoH | USB2.0 | RS232 passthrough (4K: 100m/328ft) [For RX3-100 & MX-1007-HYB]","2","https://www.wyrestorm.com/product/sw-120-tx3-uk/",,"SW-120-TX3-UK","","5K60Hz (HDMI) HDBaseT 3.0 2-Gang In-Wall Transmitter | 5K60Hz 4:2:0 | 4K60Hz 4:4:4 | HDMI & USB-C input | PoH | USB2.0 | RS232 passthrough (4K: 100m/328ft) [For RX3-100 & MX-1007-HYB]","The remote server returned an error: (429) Too Many Requests."
"SW-130-TX-UK","Switching / Processing","3-Input 4K60Hz In-wall HDBaseT Switcher | 4K60Hz 4:2:0 | 2 HDMI + USB-C | CEC  | 2-Gang (4K: 100m/328ft)","1","https://www.wyrestorm.com/product/sw-130-tx-uk/",,"SW-130-TX-UK","","3-Input 4K60Hz In-wall HDBaseT Switcher | 4K60Hz 4:2:0 | 2 HDMI + USB-C | CEC  | 2-Gang (4K: 100m/328ft)","The remote server returned an error: (429) Too Many Requests."
"SW-220-TX-W","Switching / Processing","Synergy 2-Input 4K30Hz Switcher | 4K30Hz 4:4:4 | USB 3.0 | Airplay & Miracast | Multiview | Supports APO-DG1 Dongle","1","https://www.wyrestorm.com/product/sw-220-tx-w/",,"SW-220-TX-W","","Synergy 2-Input 4K30Hz Switcher | 4K30Hz 4:4:4 | USB 3.0 | Airplay & Miracast | Multiview | Supports APO-DG1 Dongle","The remote server returned an error: (429) Too Many Requests."
"SW-510-TX","Switching / Processing","Synergy 4-input 4K60Hz HDBaseT  Switcher | 4K60Hz 4:2:0 | USB 2.0 | Ethernet Passthrough | IR, CEC & RS232 Passthrough (4K: 100m/328ft)","1","https://www.wyrestorm.com/product/sw-510-tx/",,"SW-510-TX","","Synergy 4-input 4K60Hz HDBaseT  Switcher | 4K60Hz 4:2:0 | USB 2.0 | Ethernet Passthrough | IR, CEC & RS232 Passthrough (4K: 100m/328ft)","The remote server returned an error: (429) Too Many Requests."
"SW-515-RX","Switching / Processing","Synergy 3-input 4K60Hz HDBaseT Switching Receiver | 4K60Hz 4:2:0 | USB 2.0 | Ethernet Passthrough | Relays | IR, CEC & RS232 Passthrough (4K: 100m/328ft)","1","https://www.wyrestorm.com/product/sw-515-rx/",,"SW-515-RX","","Synergy 3-input 4K60Hz HDBaseT Switching Receiver | 4K60Hz 4:2:0 | USB 2.0 | Ethernet Passthrough | Relays | IR, CEC & RS232 Passthrough (4K: 100m/328ft)","The remote server returned an error: (429) Too Many Requests."
"SW-620-TX-W","Switching / Processing","Synergy 2-Input 4K60Hz Presentation Switcher | 4K60Hz 4:4:4 | USB-C MST 100W PD | USB-C & USB-B Ethernet | 2 HDMI Matrix Outputs | USB 3.0 | Multiview | Airplay & Miracast | Wireless Presentation & Conference (work with APO-DG2 & APO-DG2-PRO)","1","https://www.wyrestorm.com/product/sw-620-tx-w/",,"SW-620-TX-W","","Synergy 2-Input 4K60Hz Presentation Switcher | 4K60Hz 4:4:4 | USB-C MST 100W PD | USB-C & USB-B Ethernet | 2 HDMI Matrix Outputs | USB 3.0 | Multiview | Airplay & Miracast | Wireless Presentation & Conference (work with APO-DG2 & APO-DG2-PRO)","The remote server returned an error: (429) Too Many Requests."
"SW-640L-TX-W","Switching / Processing","Synergy 4-Input 4K60Hz Presentation Switcher | 4K60Hz 4:4:4 | USB-C MST 60W PD | USB-C Ethernet | 2 HDMI Matrix Outputs | USB 3.0 | Multiview | Airplay & Miracast | Wireless Presentation & Conference  (work with APO-DG2 & APO-DG2-PRO)","1","https://www.wyrestorm.com/product/sw-640l-tx-w/",,"SW-640L-TX-W","","Synergy 4-Input 4K60Hz Presentation Switcher | 4K60Hz 4:4:4 | USB-C MST 60W PD | USB-C Ethernet | 2 HDMI Matrix Outputs | USB 3.0 | Multiview | Airplay & Miracast | Wireless Presentation & Conference  (work with APO-DG2 & APO-DG2-PRO)","The remote server returned an error: (429) Too Many Requests."
"SWX-100-HDBT3","Unclassified","5K60Hz HDBaseT 3.0 Transmitter and Receiver Kit | 5K60Hz 4:2:0 | 4K60Hz 4:4:4 | HDMI & USB C | PoH | USB2.0 | RS232 Passthrough| (4K: 100m/328ft)| Contains: (SW-120-TX3,RX3-100)","1","https://www.wyrestorm.com/product/swx-100-hdbt3/",,"SWX-100-HDBT3","","5K60Hz HDBaseT 3.0 Transmitter and Receiver Kit | 5K60Hz 4:2:0 | 4K60Hz 4:4:4 | HDMI & USB C | PoH | USB2.0 | RS232 Passthrough| (4K: 100m/328ft)| Contains: (SW-120-TX3,RX3-100)","The remote server returned an error: (429) Too Many Requests."
"SWX-100-IW-UK","Unclassified","5K60Hz HDBaseT 3.0 2-Gang UK Style In-Wall Transmitter and Receiver Kit | 5K60Hz 4:2:0 | 4K60Hz 4:4:4 | HDMI & USB-C input | PoH | USB2.0 | RS232 passthrough (4K: 100m/328ft)| Contains: (SW-120-TX3-UK,RX3-100)","1","https://www.wyrestorm.com/product/swx-100-iw-uk/",,"SWX-100-IW-UK","","5K60Hz HDBaseT 3.0 2-Gang UK Style In-Wall Transmitter and Receiver Kit | 5K60Hz 4:2:0 | 4K60Hz 4:4:4 | HDMI & USB-C input | PoH | USB2.0 | RS232 passthrough (4K: 100m/328ft)| Contains: (SW-120-TX3-UK,RX3-100)","The remote server returned an error: (429) Too Many Requests."
"SYN-CTL-HUB","Unclassified","Ethernet Protocol Converter for the SYN-TOUCH10 | RS232 | Relay | IR","1","https://www.wyrestorm.com/product/syn-ctl-hub/",,"SYN-CTL-HUB","","Ethernet Protocol Converter for the SYN-TOUCH10 | RS232 | Relay | IR","The remote server returned an error: (429) Too Many Requests."
"SYN-KEY10","Unclassified","Synergy 10-button Keypad Controller | Only comes with US back box","1","https://www.wyrestorm.com/product/syn-key10/",,"SYN-KEY10","","Synergy 10-button Keypad Controller | Only comes with US back box","The remote server returned an error: (429) Too Many Requests."
"SYN-TOUCH10 V2","Unclassified","Synergy 10.1” All-In-One Touchpad IP Controller | PoE+ | Table Top Stand & Wall-Mount (US/UK/EU Compatible)","1","https://www.wyrestorm.com/product/syn-touch10 v2/",,"SYN-TOUCH10 V2","","Synergy 10.1” All-In-One Touchpad IP Controller | PoE+ | Table Top Stand & Wall-Mount (US/UK/EU Compatible)","The remote server returned an error: (429) Too Many Requests."
"TX-35-IW","Unclassified","4K60Hz HDBaseT Single Gang In-Wall Transmitter | 4K60Hz 4:2:0 | PoH | IR & RS232 Passthrough (4K: 35m/115ft, 1080p: 70m/230ft)","1","https://www.wyrestorm.com/product/tx-35-iw/",,"TX-35-IW","","4K60Hz HDBaseT Single Gang In-Wall Transmitter | 4K60Hz 4:2:0 | PoH | IR & RS232 Passthrough (4K: 35m/115ft, 1080p: 70m/230ft)","The remote server returned an error: (429) Too Many Requests."
"TX-35-IWC-KVM","Unclassified","4K60Hz USB C Single Gang In-Wall HDBT 2.0 Transmitter | 4K60Hz 4:2:0 |  DP Alt Mode (4-Lane) | HDCP 2.2 | 35m/115ft 4K 60 4:2:0 | PoH | RS232 | USB 2.0","2","https://www.wyrestorm.com/product/tx-35-iwc-kvm/",,"TX-35-IWC-KVM","","4K60Hz USB C Single Gang In-Wall HDBT 2.0 Transmitter | 4K60Hz 4:2:0 |  DP Alt Mode (4-Lane) | HDCP 2.2 | 35m/115ft 4K 60 4:2:0 | PoH | RS232 | USB 2.0","The remote server returned an error: (429) Too Many Requests."
"TX-35-IW-KVM","Unclassified","4K60Hz HDMI & USB Single Gange In-Wall HDBT 2.0 Transmitter | 4K60Hz 4:2:0 | HDMI 1.4 | HDCP 2.2 | 35m/115ft 4K 60 4:2:0","1","https://www.wyrestorm.com/product/tx-35-iw-kvm/",,"TX-35-IW-KVM","","4K60Hz HDMI & USB Single Gange In-Wall HDBT 2.0 Transmitter | 4K60Hz 4:2:0 | HDMI 1.4 | HDCP 2.2 | 35m/115ft 4K 60 4:2:0","The remote server returned an error: (429) Too Many Requests."
"TX-SCL-HDBT","Unclassified","4K60H HDBaseT Scaling  Output Card for MX-1616-SCL | 4K60Hz 4:2:0 | HDR | PoH | Audio De-Embed (4K: 100m/328ft)","1","https://www.wyrestorm.com/product/tx-scl-hdbt/",,"TX-SCL-HDBT","","4K60H HDBaseT Scaling  Output Card for MX-1616-SCL | 4K60Hz 4:2:0 | HDR | PoH | Audio De-Embed (4K: 100m/328ft)","The remote server returned an error: (429) Too Many Requests."
"TX-SCL-HDMI","Unclassified","4K60Hz HDMI Scaling Output Card for MX-1616-SCL | 4K60Hz 4:4:4 | HDR | Audio De-embed","1","https://www.wyrestorm.com/product/tx-scl-hdmi/",,"TX-SCL-HDMI","","4K60Hz HDMI Scaling Output Card for MX-1616-SCL | 4K60Hz 4:4:4 | HDR | Audio De-embed","The remote server returned an error: (429) Too Many Requests."
"UNIFIED COMMUNICATION - WYRESTORM","Unclassified","","1","https://www.wyrestorm.com/product/unified communication - wyrestorm/",,"UNIFIED COMMUNICATION - WYRESTORM","","","The remote server returned an error: (429) Too Many Requests."
"USB EXTENDER - WYRESTORM","Unclassified","KVM Extender - WyreStorm","1","https://www.wyrestorm.com/product/usb extender - wyrestorm/",,"USB EXTENDER - WYRESTORM","","KVM Extender - WyreStorm","The remote server returned an error: (429) Too Many Requests."
"USB-C CABLES - WYRESTORM","Unclassified","","1","https://www.wyrestorm.com/product/usb-c cables - wyrestorm/",,"USB-C CABLES - WYRESTORM","","","The remote server returned an error: (429) Too Many Requests."
"VIDEO PROCESSOR - WYRESTORM","Unclassified","","1","https://www.wyrestorm.com/product/video processor - wyrestorm/",,"VIDEO PROCESSOR - WYRESTORM","","","The remote server returned an error: (429) Too Many Requests."
