"File","RootBlocks","HtmlBody","HtmlBodyRoot","BodyMainPage"
"C:\Users\steve\wingman\src\styles\base.css","0","1","1","0"
"C:\Users\steve\wingman\src\styles\globals.css","0","4","4","0"
"C:\Users\steve\wingman\src\styles\layout-standard.css","0","3","3","0"
"C:\Users\steve\wingman\src\styles\overrides.css","2","2","1","0"
"C:\Users\steve\wingman\src\styles\polish.css","0","1","0","0"
"C:\Users\steve\wingman\src\styles\tokens.classic.css","1","0","0","0"
"C:\Users\steve\wingman\src\styles\tokens.css","1","0","0","0"
"C:\Users\steve\wingman\src\styles\wingman-brand.tokens.css","1","0","0","0"
"C:\Users\steve\wingman\src\styles\wingman-commercial.css","1","0","0","0"
"C:\Users\steve\wingman\src\styles\wingman-compact-density.css","1","0","0","0"
"C:\Users\steve\wingman\src\styles\wingman-ui.consistency.css","1","10","4","4"
"C:\Users\steve\wingman\src\styles\wingman-ui.css","3","1","1","0"
"C:\Users\steve\wingman\src\styles\wm-compact-ui.css","1","1","1","0"
"C:\Users\steve\wingman\src\styles\wm-export.css","0","1","1","0"
"C:\Users\steve\wingman\src\styles\wm-global-compact-pass.css","1","1","1","0"
"C:\Users\steve\wingman\src\styles\wm-typography-overrides.css","1","1","1","0"
