"Name","Length","LastWriteTime"
"New Text Document.txt","0","06/03/2026 10:25:31"
"wingman-repo-clean-phase25-archive-legacy-training-videowall-pages.ps1","3713","06/03/2026 10:26:06"
"wingman-repo-clean-phase26-pages-audit.ps1","2901","06/03/2026 10:36:16"
"wingman-repo-clean-phase27-route-usage-audit.ps1","1324","06/03/2026 10:41:28"
"wingman-repo-clean-phase28-archive-dead-root-pages.ps1","3731","06/03/2026 11:07:36"
"wingman-repo-clean-phase29-root-page-map.ps1","2129","06/03/2026 11:14:01"
"wingman-repo-clean-phase30-archive-videogenerator.ps1","2278","06/03/2026 11:19:44"
"wingman-repo-clean-phase31-final-duplicate-audit.ps1","2770","06/03/2026 11:21:49"
"wingman-repo-clean-phase32-identical-code-audit.ps1","4913","06/03/2026 11:28:29"
"wingman-repo-clean-phase33-inspect-identical-group.ps1","1932","06/03/2026 11:34:34"
"wingman-repo-clean-phase34-restore-flattened-stubs.ps1","4586","06/03/2026 11:38:36"
"wingman-repo-clean-phase35-broken-stub-usage-audit.ps1","2577","06/03/2026 11:45:12"
"wingman-repo-clean-phase36-archive-broken-unreferenced-stubs.ps1","2663","06/03/2026 11:48:49"
"wingman-repo-phase37-structure-guard.ps1","3866","06/03/2026 11:53:26"
"wingman-repo-phase38-baseline-lock.ps1","2898","06/03/2026 11:58:02"
