sku,lifecycle_status,do_not_spec,successor,reason,evidence_source,last_reviewed,reviewer
AMP-2120,review,false,,Generated starter lifecycle row; confirm lifecycle before promotion.,Existing Wingman product intelligence index,2026-06-28,Wingman import scaffold
AMP-2120-DNT,review,false,,Generated starter lifecycle row; confirm lifecycle before promotion.,Existing Wingman product intelligence index,2026-06-28,Wingman import scaffold
AMP-260-DNT,review,false,,Generated starter lifecycle row; confirm lifecycle before promotion.,Existing Wingman product intelligence index,2026-06-28,Wingman import scaffold
APO-100-UC,review,false,,Generated starter lifecycle row; confirm lifecycle before promotion.,Existing Wingman product intelligence index,2026-06-28,Wingman import scaffold
APO-200-UC,review,false,,Generated starter lifecycle row; confirm lifecycle before promotion.,Existing Wingman product intelligence index,2026-06-28,Wingman import scaffold
APO-210-UC,review,false,,Generated starter lifecycle row; confirm lifecycle before promotion.,Existing Wingman product intelligence index,2026-06-28,Wingman import scaffold
APO-COM-MIC,review,false,,Generated starter lifecycle row; confirm lifecycle before promotion.,Existing Wingman product intelligence index,2026-06-28,Wingman import scaffold
APO-DG-DOCK,review,false,,Generated starter lifecycle row; confirm lifecycle before promotion.,Existing Wingman product intelligence index,2026-06-28,Wingman import scaffold
APO-DG-HDMI,review,false,,Generated starter lifecycle row; confirm lifecycle before promotion.,Existing Wingman product intelligence index,2026-06-28,Wingman import scaffold
APO-DG1,review,false,,Generated starter lifecycle row; confirm lifecycle before promotion.,Existing Wingman product intelligence index,2026-06-28,Wingman import scaffold
APO-DG2,review,false,,Generated starter lifecycle row; confirm lifecycle before promotion.,Existing Wingman product intelligence index,2026-06-28,Wingman import scaffold
APO-DG2-PRO,review,false,,Generated starter lifecycle row; confirm lifecycle before promotion.,Existing Wingman product intelligence index,2026-06-28,Wingman import scaffold
APO-MIC-EXT,review,false,,Generated starter lifecycle row; confirm lifecycle before promotion.,Existing Wingman product intelligence index,2026-06-28,Wingman import scaffold
APO-SKY-MIC,review,false,,Generated starter lifecycle row; confirm lifecycle before promotion.,Existing Wingman product intelligence index,2026-06-28,Wingman import scaffold
APO-VX20-MNT,review,false,,Generated starter lifecycle row; confirm lifecycle before promotion.,Existing Wingman product intelligence index,2026-06-28,Wingman import scaffold
APO-VX20-UC,review,false,,Generated starter lifecycle row; confirm lifecycle before promotion.,Existing Wingman product intelligence index,2026-06-28,Wingman import scaffold
APO-VX20-UC-V2,review,false,,Generated starter lifecycle row; confirm lifecycle before promotion.,Existing Wingman product intelligence index,2026-06-28,Wingman import scaffold
CAB-DAOC-10-C,review,false,,Generated starter lifecycle row; confirm lifecycle before promotion.,Existing Wingman product intelligence index,2026-06-28,Wingman import scaffold
CAB-DAOC-10-P,review,false,,Generated starter lifecycle row; confirm lifecycle before promotion.,Existing Wingman product intelligence index,2026-06-28,Wingman import scaffold
CAB-HAOC-10,review,false,,Generated starter lifecycle row; confirm lifecycle before promotion.,Existing Wingman product intelligence index,2026-06-28,Wingman import scaffold
CAB-HAOC-15,review,false,,Generated starter lifecycle row; confirm lifecycle before promotion.,Existing Wingman product intelligence index,2026-06-28,Wingman import scaffold
CAB-HAOC-15-C,review,false,,Generated starter lifecycle row; confirm lifecycle before promotion.,Existing Wingman product intelligence index,2026-06-28,Wingman import scaffold
CAB-HAOC-15-P,review,false,,Generated starter lifecycle row; confirm lifecycle before promotion.,Existing Wingman product intelligence index,2026-06-28,Wingman import scaffold
CAB-HAOC-2,review,false,,Generated starter lifecycle row; confirm lifecycle before promotion.,Existing Wingman product intelligence index,2026-06-28,Wingman import scaffold
CAB-HAOC-20,review,false,,Generated starter lifecycle row; confirm lifecycle before promotion.,Existing Wingman product intelligence index,2026-06-28,Wingman import scaffold
CAB-HAOC-20-C,review,false,,Generated starter lifecycle row; confirm lifecycle before promotion.,Existing Wingman product intelligence index,2026-06-28,Wingman import scaffold
CAB-HAOC-20-P,review,false,,Generated starter lifecycle row; confirm lifecycle before promotion.,Existing Wingman product intelligence index,2026-06-28,Wingman import scaffold
CAB-HAOC-30-C,review,false,,Generated starter lifecycle row; confirm lifecycle before promotion.,Existing Wingman product intelligence index,2026-06-28,Wingman import scaffold
CAB-HAOC-30-P,review,false,,Generated starter lifecycle row; confirm lifecycle before promotion.,Existing Wingman product intelligence index,2026-06-28,Wingman import scaffold
CAB-HAOC-4,review,false,,Generated starter lifecycle row; confirm lifecycle before promotion.,Existing Wingman product intelligence index,2026-06-28,Wingman import scaffold
CAB-HAOC-6,review,false,,Generated starter lifecycle row; confirm lifecycle before promotion.,Existing Wingman product intelligence index,2026-06-28,Wingman import scaffold
CAB-HAOC-8,review,false,,Generated starter lifecycle row; confirm lifecycle before promotion.,Existing Wingman product intelligence index,2026-06-28,Wingman import scaffold
CAB-HAOC-FRL-10,review,false,,Generated starter lifecycle row; confirm lifecycle before promotion.,Existing Wingman product intelligence index,2026-06-28,Wingman import scaffold
CAB-HAOC-FRL-15,review,false,,Generated starter lifecycle row; confirm lifecycle before promotion.,Existing Wingman product intelligence index,2026-06-28,Wingman import scaffold
CAB-HAOC-FRL-XX,review,false,,Generated starter lifecycle row; confirm lifecycle before promotion.,Existing Wingman product intelligence index,2026-06-28,Wingman import scaffold
CAB-HAOC-XX,review,false,,Generated starter lifecycle row; confirm lifecycle before promotion.,Existing Wingman product intelligence index,2026-06-28,Wingman import scaffold
CAB-HAOC-XX-C,review,false,,Generated starter lifecycle row; confirm lifecycle before promotion.,Existing Wingman product intelligence index,2026-06-28,Wingman import scaffold
CAB-HAOC-XX-P,review,false,,Generated starter lifecycle row; confirm lifecycle before promotion.,Existing Wingman product intelligence index,2026-06-28,Wingman import scaffold
CAB-IR-LINK,review,false,,Generated starter lifecycle row; confirm lifecycle before promotion.,Existing Wingman product intelligence index,2026-06-28,Wingman import scaffold
CAB-UAOC-15,review,false,,Generated starter lifecycle row; confirm lifecycle before promotion.,Existing Wingman product intelligence index,2026-06-28,Wingman import scaffold
CAB-UAOC-15-C,review,false,,Generated starter lifecycle row; confirm lifecycle before promotion.,Existing Wingman product intelligence index,2026-06-28,Wingman import scaffold
CAB-UAOC-15-P,review,false,,Generated starter lifecycle row; confirm lifecycle before promotion.,Existing Wingman product intelligence index,2026-06-28,Wingman import scaffold
CAB-UAOC-USBC-10,review,false,,Generated starter lifecycle row; confirm lifecycle before promotion.,Existing Wingman product intelligence index,2026-06-28,Wingman import scaffold
CAB-USBC-15,review,false,,Generated starter lifecycle row; confirm lifecycle before promotion.,Existing Wingman product intelligence index,2026-06-28,Wingman import scaffold
CAB-USBC-5M,review,false,,Generated starter lifecycle row; confirm lifecycle before promotion.,Existing Wingman product intelligence index,2026-06-28,Wingman import scaffold
CAB-USBC-XM,review,false,,Generated starter lifecycle row; confirm lifecycle before promotion.,Existing Wingman product intelligence index,2026-06-28,Wingman import scaffold
CAM-0402-BRG,review,false,,Generated starter lifecycle row; confirm lifecycle before promotion.,Existing Wingman product intelligence index,2026-06-28,Wingman import scaffold
CAM-0402-NDI-BRG,review,false,,Generated starter lifecycle row; confirm lifecycle before promotion.,Existing Wingman product intelligence index,2026-06-28,Wingman import scaffold
CAM-200-PTZ,review,false,,Generated starter lifecycle row; confirm lifecycle before promotion.,Existing Wingman product intelligence index,2026-06-28,Wingman import scaffold
CAM-210-NDI-PTZ,review,false,,Generated starter lifecycle row; confirm lifecycle before promotion.,Existing Wingman product intelligence index,2026-06-28,Wingman import scaffold
CAM-210-PTZ,review,false,,Generated starter lifecycle row; confirm lifecycle before promotion.,Existing Wingman product intelligence index,2026-06-28,Wingman import scaffold
CAM-420-PTZ,review,false,,Generated starter lifecycle row; confirm lifecycle before promotion.,Existing Wingman product intelligence index,2026-06-28,Wingman import scaffold
COM-MIC-HUB,review,false,,Generated starter lifecycle row; confirm lifecycle before promotion.,Existing Wingman product intelligence index,2026-06-28,Wingman import scaffold
CON-H2-DD-EARC,review,false,,Generated starter lifecycle row; confirm lifecycle before promotion.,Existing Wingman product intelligence index,2026-06-28,Wingman import scaffold
CON-H2-EDID,review,false,,Generated starter lifecycle row; confirm lifecycle before promotion.,Existing Wingman product intelligence index,2026-06-28,Wingman import scaffold
CON-H2-SCL,review,false,,Generated starter lifecycle row; confirm lifecycle before promotion.,Existing Wingman product intelligence index,2026-06-28,Wingman import scaffold
EX-100-G2,review,false,,Generated starter lifecycle row; confirm lifecycle before promotion.,Existing Wingman product intelligence index,2026-06-28,Wingman import scaffold
EX-100-H2,review,false,,Generated starter lifecycle row; confirm lifecycle before promotion.,Existing Wingman product intelligence index,2026-06-28,Wingman import scaffold
EX-100-H2-EARC,review,false,,Generated starter lifecycle row; confirm lifecycle before promotion.,Existing Wingman product intelligence index,2026-06-28,Wingman import scaffold
EX-100-IW-USBC,review,false,,Generated starter lifecycle row; confirm lifecycle before promotion.,Existing Wingman product intelligence index,2026-06-28,Wingman import scaffold
EX-100-KVM,review,false,,Generated starter lifecycle row; confirm lifecycle before promotion.,Existing Wingman product intelligence index,2026-06-28,Wingman import scaffold
EX-100-KVM-8K,review,false,,Generated starter lifecycle row; confirm lifecycle before promotion.,Existing Wingman product intelligence index,2026-06-28,Wingman import scaffold
EX-100-KVM-IP,review,false,,Generated starter lifecycle row; confirm lifecycle before promotion.,Existing Wingman product intelligence index,2026-06-28,Wingman import scaffold
EX-100-USB3,review,false,,Generated starter lifecycle row; confirm lifecycle before promotion.,Existing Wingman product intelligence index,2026-06-28,Wingman import scaffold
EX-35-8K,review,false,,Generated starter lifecycle row; confirm lifecycle before promotion.,Existing Wingman product intelligence index,2026-06-28,Wingman import scaffold
EX-35-G2,review,false,,Generated starter lifecycle row; confirm lifecycle before promotion.,Existing Wingman product intelligence index,2026-06-28,Wingman import scaffold
EX-35-H2,review,false,,Generated starter lifecycle row; confirm lifecycle before promotion.,Existing Wingman product intelligence index,2026-06-28,Wingman import scaffold
EX-35-H2-ARC,review,false,,Generated starter lifecycle row; confirm lifecycle before promotion.,Existing Wingman product intelligence index,2026-06-28,Wingman import scaffold
EX-40-G3,review,false,,Generated starter lifecycle row; confirm lifecycle before promotion.,Existing Wingman product intelligence index,2026-06-28,Wingman import scaffold
EX-40-H2-ARC,review,false,,Generated starter lifecycle row; confirm lifecycle before promotion.,Existing Wingman product intelligence index,2026-06-28,Wingman import scaffold
EX-40-KVM-5K,review,false,,Generated starter lifecycle row; confirm lifecycle before promotion.,Existing Wingman product intelligence index,2026-06-28,Wingman import scaffold
EX-60-USB2,review,false,,Generated starter lifecycle row; confirm lifecycle before promotion.,Existing Wingman product intelligence index,2026-06-28,Wingman import scaffold
EX-60D-KVM,review,false,,Generated starter lifecycle row; confirm lifecycle before promotion.,Existing Wingman product intelligence index,2026-06-28,Wingman import scaffold
EX-70-G2,review,false,,Generated starter lifecycle row; confirm lifecycle before promotion.,Existing Wingman product intelligence index,2026-06-28,Wingman import scaffold
EX-70-H2,review,false,,Generated starter lifecycle row; confirm lifecycle before promotion.,Existing Wingman product intelligence index,2026-06-28,Wingman import scaffold
EX-70-H2C,review,false,,Generated starter lifecycle row; confirm lifecycle before promotion.,Existing Wingman product intelligence index,2026-06-28,Wingman import scaffold
EX-70-H2X,review,false,,Generated starter lifecycle row; confirm lifecycle before promotion.,Existing Wingman product intelligence index,2026-06-28,Wingman import scaffold
EX-80-KVM,review,false,,Generated starter lifecycle row; confirm lifecycle before promotion.,Existing Wingman product intelligence index,2026-06-28,Wingman import scaffold
EX3-100-EARC,review,false,,Generated starter lifecycle row; confirm lifecycle before promotion.,Existing Wingman product intelligence index,2026-06-28,Wingman import scaffold
EXA-100-EARC,review,false,,Generated starter lifecycle row; confirm lifecycle before promotion.,Existing Wingman product intelligence index,2026-06-28,Wingman import scaffold
EXF-10KM-5K,review,false,,Generated starter lifecycle row; confirm lifecycle before promotion.,Existing Wingman product intelligence index,2026-06-28,Wingman import scaffold
EXF-300-H2,review,false,,Generated starter lifecycle row; confirm lifecycle before promotion.,Existing Wingman product intelligence index,2026-06-28,Wingman import scaffold
EXP-4KUHD-05,review,false,,Generated starter lifecycle row; confirm lifecycle before promotion.,Existing Wingman product intelligence index,2026-06-28,Wingman import scaffold
EXP-4KUHD-10,review,false,,Generated starter lifecycle row; confirm lifecycle before promotion.,Existing Wingman product intelligence index,2026-06-28,Wingman import scaffold
EXP-4KUHD-20,review,false,,Generated starter lifecycle row; confirm lifecycle before promotion.,Existing Wingman product intelligence index,2026-06-28,Wingman import scaffold
EXP-4KUHD-30,review,false,,Generated starter lifecycle row; confirm lifecycle before promotion.,Existing Wingman product intelligence index,2026-06-28,Wingman import scaffold
EXP-4KUHD-50,review,false,,Generated starter lifecycle row; confirm lifecycle before promotion.,Existing Wingman product intelligence index,2026-06-28,Wingman import scaffold
EXP-4KUHD-X,review,false,,Generated starter lifecycle row; confirm lifecycle before promotion.,Existing Wingman product intelligence index,2026-06-28,Wingman import scaffold
EXP-8KUHD-05,review,false,,Generated starter lifecycle row; confirm lifecycle before promotion.,Existing Wingman product intelligence index,2026-06-28,Wingman import scaffold
EXP-8KUHD-X,review,false,,Generated starter lifecycle row; confirm lifecycle before promotion.,Existing Wingman product intelligence index,2026-06-28,Wingman import scaffold
EXP-CAB-USBC-1M,review,false,,Generated starter lifecycle row; confirm lifecycle before promotion.,Existing Wingman product intelligence index,2026-06-28,Wingman import scaffold
EXP-CAB-USBC-2M,review,false,,Generated starter lifecycle row; confirm lifecycle before promotion.,Existing Wingman product intelligence index,2026-06-28,Wingman import scaffold
EXP-CAB-USBC-5M,review,false,,Generated starter lifecycle row; confirm lifecycle before promotion.,Existing Wingman product intelligence index,2026-06-28,Wingman import scaffold
EXP-CON-AUD-H2,review,false,,Generated starter lifecycle row; confirm lifecycle before promotion.,Existing Wingman product intelligence index,2026-06-28,Wingman import scaffold
EXP-CON-DAC,review,false,,Generated starter lifecycle row; confirm lifecycle before promotion.,Existing Wingman product intelligence index,2026-06-28,Wingman import scaffold
EXP-CON-DAC-D,review,false,,Generated starter lifecycle row; confirm lifecycle before promotion.,Existing Wingman product intelligence index,2026-06-28,Wingman import scaffold
EXP-CON-H2-DD,review,false,,Generated starter lifecycle row; confirm lifecycle before promotion.,Existing Wingman product intelligence index,2026-06-28,Wingman import scaffold
EXP-HDMI-100M,review,false,,Generated starter lifecycle row; confirm lifecycle before promotion.,Existing Wingman product intelligence index,2026-06-28,Wingman import scaffold
EXP-HDMI-150M,review,false,,Generated starter lifecycle row; confirm lifecycle before promotion.,Existing Wingman product intelligence index,2026-06-28,Wingman import scaffold
EXP-HDMI-CPL,review,false,,Generated starter lifecycle row; confirm lifecycle before promotion.,Existing Wingman product intelligence index,2026-06-28,Wingman import scaffold
EXP-HDMI-DVI,review,false,,Generated starter lifecycle row; confirm lifecycle before promotion.,Existing Wingman product intelligence index,2026-06-28,Wingman import scaffold
EXP-HDMI-H2-05M,review,false,,Generated starter lifecycle row; confirm lifecycle before promotion.,Existing Wingman product intelligence index,2026-06-28,Wingman import scaffold
EXP-HDMI-H2-1M,review,false,,Generated starter lifecycle row; confirm lifecycle before promotion.,Existing Wingman product intelligence index,2026-06-28,Wingman import scaffold
EXP-HDMI-H2-2M,review,false,,Generated starter lifecycle row; confirm lifecycle before promotion.,Existing Wingman product intelligence index,2026-06-28,Wingman import scaffold
EXP-HDMI-H2-3M,review,false,,Generated starter lifecycle row; confirm lifecycle before promotion.,Existing Wingman product intelligence index,2026-06-28,Wingman import scaffold
EXP-HDMI-H2-5M,review,false,,Generated starter lifecycle row; confirm lifecycle before promotion.,Existing Wingman product intelligence index,2026-06-28,Wingman import scaffold
EXP-HDMI-RTA,review,false,,Generated starter lifecycle row; confirm lifecycle before promotion.,Existing Wingman product intelligence index,2026-06-28,Wingman import scaffold
EXP-HDMI-USBC,review,false,,Generated starter lifecycle row; confirm lifecycle before promotion.,Existing Wingman product intelligence index,2026-06-28,Wingman import scaffold
EXP-HDMI-VGA,review,false,,Generated starter lifecycle row; confirm lifecycle before promotion.,Existing Wingman product intelligence index,2026-06-28,Wingman import scaffold
EXP-HDMI-XM-8K,review,false,,Generated starter lifecycle row; confirm lifecycle before promotion.,Existing Wingman product intelligence index,2026-06-28,Wingman import scaffold
EXP-MX-0402-H2,review,false,,Generated starter lifecycle row; confirm lifecycle before promotion.,Existing Wingman product intelligence index,2026-06-28,Wingman import scaffold
EXP-MX-0404-H2,review,false,,Generated starter lifecycle row; confirm lifecycle before promotion.,Existing Wingman product intelligence index,2026-06-28,Wingman import scaffold
EXP-MX-0808-KIT,review,false,,Generated starter lifecycle row; confirm lifecycle before promotion.,Existing Wingman product intelligence index,2026-06-28,Wingman import scaffold
EXP-SP-0102-8K,review,false,,Generated starter lifecycle row; confirm lifecycle before promotion.,Existing Wingman product intelligence index,2026-06-28,Wingman import scaffold
EXP-SP-0102-H2,review,false,,Generated starter lifecycle row; confirm lifecycle before promotion.,Existing Wingman product intelligence index,2026-06-28,Wingman import scaffold
EXP-SP-0104-H2,review,false,,Generated starter lifecycle row; confirm lifecycle before promotion.,Existing Wingman product intelligence index,2026-06-28,Wingman import scaffold
EXP-SW-0201-8K,review,false,,Generated starter lifecycle row; confirm lifecycle before promotion.,Existing Wingman product intelligence index,2026-06-28,Wingman import scaffold
EXP-SW-0401-8K,review,false,,Generated starter lifecycle row; confirm lifecycle before promotion.,Existing Wingman product intelligence index,2026-06-28,Wingman import scaffold
EXP-SW-0401-H2,review,false,,Generated starter lifecycle row; confirm lifecycle before promotion.,Existing Wingman product intelligence index,2026-06-28,Wingman import scaffold
FOCUS-100,review,false,,Generated starter lifecycle row; confirm lifecycle before promotion.,Existing Wingman product intelligence index,2026-06-28,Wingman import scaffold
FOCUS-180A,review,false,,Generated starter lifecycle row; confirm lifecycle before promotion.,Existing Wingman product intelligence index,2026-06-28,Wingman import scaffold
FOCUS-200,review,false,,Generated starter lifecycle row; confirm lifecycle before promotion.,Existing Wingman product intelligence index,2026-06-28,Wingman import scaffold
FOCUS-200-PRO,review,false,,Generated starter lifecycle row; confirm lifecycle before promotion.,Existing Wingman product intelligence index,2026-06-28,Wingman import scaffold
FOCUS-210,review,false,,Generated starter lifecycle row; confirm lifecycle before promotion.,Existing Wingman product intelligence index,2026-06-28,Wingman import scaffold
HALO-30,review,false,,Generated starter lifecycle row; confirm lifecycle before promotion.,Existing Wingman product intelligence index,2026-06-28,Wingman import scaffold
HALO-60,review,false,,Generated starter lifecycle row; confirm lifecycle before promotion.,Existing Wingman product intelligence index,2026-06-28,Wingman import scaffold
HALO-80,review,false,,Generated starter lifecycle row; confirm lifecycle before promotion.,Existing Wingman product intelligence index,2026-06-28,Wingman import scaffold
HALO-90,review,false,,Generated starter lifecycle row; confirm lifecycle before promotion.,Existing Wingman product intelligence index,2026-06-28,Wingman import scaffold
HALO-COM-MIC,review,false,,Generated starter lifecycle row; confirm lifecycle before promotion.,Existing Wingman product intelligence index,2026-06-28,Wingman import scaffold
HALO-VX10-V1,review,false,,Generated starter lifecycle row; confirm lifecycle before promotion.,Existing Wingman product intelligence index,2026-06-28,Wingman import scaffold
HALO-VX10-V2,review,false,,Generated starter lifecycle row; confirm lifecycle before promotion.,Existing Wingman product intelligence index,2026-06-28,Wingman import scaffold
HALO-WFA-130,review,false,,Generated starter lifecycle row; confirm lifecycle before promotion.,Existing Wingman product intelligence index,2026-06-28,Wingman import scaffold
HALO-WFA-290,review,false,,Generated starter lifecycle row; confirm lifecycle before promotion.,Existing Wingman product intelligence index,2026-06-28,Wingman import scaffold
IDB-200-MS,review,false,,Generated starter lifecycle row; confirm lifecycle before promotion.,Existing Wingman product intelligence index,2026-06-28,Wingman import scaffold
IDB-200-NA,review,false,,Generated starter lifecycle row; confirm lifecycle before promotion.,Existing Wingman product intelligence index,2026-06-28,Wingman import scaffold
IDB-200-XX,review,false,,Generated starter lifecycle row; confirm lifecycle before promotion.,Existing Wingman product intelligence index,2026-06-28,Wingman import scaffold
IDB-300,review,false,,Generated starter lifecycle row; confirm lifecycle before promotion.,Existing Wingman product intelligence index,2026-06-28,Wingman import scaffold
IDB-300-BTN,review,false,,Generated starter lifecycle row; confirm lifecycle before promotion.,Existing Wingman product intelligence index,2026-06-28,Wingman import scaffold
IDB-400-EU-C,review,false,,Generated starter lifecycle row; confirm lifecycle before promotion.,Existing Wingman product intelligence index,2026-06-28,Wingman import scaffold
IDB-400-MS,review,false,,Generated starter lifecycle row; confirm lifecycle before promotion.,Existing Wingman product intelligence index,2026-06-28,Wingman import scaffold
IDB-400-MS-C,review,false,,Generated starter lifecycle row; confirm lifecycle before promotion.,Existing Wingman product intelligence index,2026-06-28,Wingman import scaffold
IDB-400-NA,review,false,,Generated starter lifecycle row; confirm lifecycle before promotion.,Existing Wingman product intelligence index,2026-06-28,Wingman import scaffold
IDB-CBL-SPINE,review,false,,Generated starter lifecycle row; confirm lifecycle before promotion.,Existing Wingman product intelligence index,2026-06-28,Wingman import scaffold
IDB-HDMI-C,review,false,,Generated starter lifecycle row; confirm lifecycle before promotion.,Existing Wingman product intelligence index,2026-06-28,Wingman import scaffold
IDB-K2-C,review,false,,Generated starter lifecycle row; confirm lifecycle before promotion.,Existing Wingman product intelligence index,2026-06-28,Wingman import scaffold
IDB-PWR-SCH,review,false,,Generated starter lifecycle row; confirm lifecycle before promotion.,Existing Wingman product intelligence index,2026-06-28,Wingman import scaffold
IDB-PWR-UK,review,false,,Generated starter lifecycle row; confirm lifecycle before promotion.,Existing Wingman product intelligence index,2026-06-28,Wingman import scaffold
IDB-RJ45-C,review,false,,Generated starter lifecycle row; confirm lifecycle before promotion.,Existing Wingman product intelligence index,2026-06-28,Wingman import scaffold
IDB-SPINE,review,false,,Generated starter lifecycle row; confirm lifecycle before promotion.,Existing Wingman product intelligence index,2026-06-28,Wingman import scaffold
IDB-USBA-C,review,false,,Generated starter lifecycle row; confirm lifecycle before promotion.,Existing Wingman product intelligence index,2026-06-28,Wingman import scaffold
IDB-USBC-C,review,false,,Generated starter lifecycle row; confirm lifecycle before promotion.,Existing Wingman product intelligence index,2026-06-28,Wingman import scaffold
M4250-GSM4212PX-10P,review,false,,Generated starter lifecycle row; confirm lifecycle before promotion.,Existing Wingman product intelligence index,2026-06-28,Wingman import scaffold
M4250-GSM4230PX-26P,review,false,,Generated starter lifecycle row; confirm lifecycle before promotion.,Existing Wingman product intelligence index,2026-06-28,Wingman import scaffold
M4250-GSM4248PX-40P,review,false,,Generated starter lifecycle row; confirm lifecycle before promotion.,Existing Wingman product intelligence index,2026-06-28,Wingman import scaffold
M4300-XSM4316PA-16X,review,false,,Generated starter lifecycle row; confirm lifecycle before promotion.,Existing Wingman product intelligence index,2026-06-28,Wingman import scaffold
M4300-XSM4324CS-24X,review,false,,Generated starter lifecycle row; confirm lifecycle before promotion.,Existing Wingman product intelligence index,2026-06-28,Wingman import scaffold
MV-0401-PRO,review,false,,Generated starter lifecycle row; confirm lifecycle before promotion.,Existing Wingman product intelligence index,2026-06-28,Wingman import scaffold
MX-0402-MST,review,false,,Generated starter lifecycle row; confirm lifecycle before promotion.,Existing Wingman product intelligence index,2026-06-28,Wingman import scaffold
MX-0403-H3-MST,review,false,,Generated starter lifecycle row; confirm lifecycle before promotion.,Existing Wingman product intelligence index,2026-06-28,Wingman import scaffold
MX-0404-HDBT-H2A-KIT,review,false,,Generated starter lifecycle row; confirm lifecycle before promotion.,Existing Wingman product intelligence index,2026-06-28,Wingman import scaffold
MX-0404-HDMI,review,false,,Generated starter lifecycle row; confirm lifecycle before promotion.,Existing Wingman product intelligence index,2026-06-28,Wingman import scaffold
MX-0404-KIT,review,false,,Generated starter lifecycle row; confirm lifecycle before promotion.,Existing Wingman product intelligence index,2026-06-28,Wingman import scaffold
MX-0404-SCL,review,false,,Generated starter lifecycle row; confirm lifecycle before promotion.,Existing Wingman product intelligence index,2026-06-28,Wingman import scaffold
MX-0804-EDC,review,false,,Generated starter lifecycle row; confirm lifecycle before promotion.,Existing Wingman product intelligence index,2026-06-28,Wingman import scaffold
MX-0808-H2A-MK2,review,false,,Generated starter lifecycle row; confirm lifecycle before promotion.,Existing Wingman product intelligence index,2026-06-28,Wingman import scaffold
MX-0808-KIT-V2,review,false,,Generated starter lifecycle row; confirm lifecycle before promotion.,Existing Wingman product intelligence index,2026-06-28,Wingman import scaffold
MX-0808-SCL,review,false,,Generated starter lifecycle row; confirm lifecycle before promotion.,Existing Wingman product intelligence index,2026-06-28,Wingman import scaffold
MX-0808-SCL-V2,review,false,,Generated starter lifecycle row; confirm lifecycle before promotion.,Existing Wingman product intelligence index,2026-06-28,Wingman import scaffold
MX-0812-SCL,review,false,,Generated starter lifecycle row; confirm lifecycle before promotion.,Existing Wingman product intelligence index,2026-06-28,Wingman import scaffold
MX-1007-HYB,review,false,,Generated starter lifecycle row; confirm lifecycle before promotion.,Existing Wingman product intelligence index,2026-06-28,Wingman import scaffold
MX-1010-H2XC,review,false,,Generated starter lifecycle row; confirm lifecycle before promotion.,Existing Wingman product intelligence index,2026-06-28,Wingman import scaffold
MX-1616-H2XC,review,false,,Generated starter lifecycle row; confirm lifecycle before promotion.,Existing Wingman product intelligence index,2026-06-28,Wingman import scaffold
MX-1616-SCL,review,false,,Generated starter lifecycle row; confirm lifecycle before promotion.,Existing Wingman product intelligence index,2026-06-28,Wingman import scaffold
MXV-0404-H2A-KIT,review,false,,Generated starter lifecycle row; confirm lifecycle before promotion.,Existing Wingman product intelligence index,2026-06-28,Wingman import scaffold
MXV-0404-H2A-KIT-V2,review,false,,Generated starter lifecycle row; confirm lifecycle before promotion.,Existing Wingman product intelligence index,2026-06-28,Wingman import scaffold
MXV-0408-H2A,review,false,,Generated starter lifecycle row; confirm lifecycle before promotion.,Existing Wingman product intelligence index,2026-06-28,Wingman import scaffold
MXV-0408-H2A-KIT,review,false,,Generated starter lifecycle row; confirm lifecycle before promotion.,Existing Wingman product intelligence index,2026-06-28,Wingman import scaffold
MXV-0606-H2A-70,review,false,,Generated starter lifecycle row; confirm lifecycle before promotion.,Existing Wingman product intelligence index,2026-06-28,Wingman import scaffold
MXV-0606-H2A-V2,review,false,,Generated starter lifecycle row; confirm lifecycle before promotion.,Existing Wingman product intelligence index,2026-06-28,Wingman import scaffold
MXV-0606-H2A-V3,review,false,,Generated starter lifecycle row; confirm lifecycle before promotion.,Existing Wingman product intelligence index,2026-06-28,Wingman import scaffold
MXV-0808-H2A-70-V2,review,false,,Generated starter lifecycle row; confirm lifecycle before promotion.,Existing Wingman product intelligence index,2026-06-28,Wingman import scaffold
MXV-0808-H2A-70-V3,review,false,,Generated starter lifecycle row; confirm lifecycle before promotion.,Existing Wingman product intelligence index,2026-06-28,Wingman import scaffold
MXV-0808-H2A-KIT,review,false,,Generated starter lifecycle row; confirm lifecycle before promotion.,Existing Wingman product intelligence index,2026-06-28,Wingman import scaffold
MXV-0808-H2A-MK2,review,false,,Generated starter lifecycle row; confirm lifecycle before promotion.,Existing Wingman product intelligence index,2026-06-28,Wingman import scaffold
MXV-0808-H2A-V2,review,false,,Generated starter lifecycle row; confirm lifecycle before promotion.,Existing Wingman product intelligence index,2026-06-28,Wingman import scaffold
MXV-0808-H2A-V3,review,false,,Generated starter lifecycle row; confirm lifecycle before promotion.,Existing Wingman product intelligence index,2026-06-28,Wingman import scaffold
MXV-0808-H2L,review,false,,Generated starter lifecycle row; confirm lifecycle before promotion.,Existing Wingman product intelligence index,2026-06-28,Wingman import scaffold
MXV-70,review,false,,Generated starter lifecycle row; confirm lifecycle before promotion.,Existing Wingman product intelligence index,2026-06-28,Wingman import scaffold
NETWORKHDTOUCHTM,review,false,,Generated starter lifecycle row; confirm lifecycle before promotion.,Existing Wingman product intelligence index,2026-06-28,Wingman import scaffold
NHD-000-CTL,review,false,,Generated starter lifecycle row; confirm lifecycle before promotion.,Existing Wingman product intelligence index,2026-06-28,Wingman import scaffold
NHD-000-RACK3,review,false,,Generated starter lifecycle row; confirm lifecycle before promotion.,Existing Wingman product intelligence index,2026-06-28,Wingman import scaffold
NHD-000-RACK4,review,false,,Generated starter lifecycle row; confirm lifecycle before promotion.,Existing Wingman product intelligence index,2026-06-28,Wingman import scaffold
NHD-0401-MV,review,false,,Generated starter lifecycle row; confirm lifecycle before promotion.,Existing Wingman product intelligence index,2026-06-28,Wingman import scaffold
NHD-100,review,false,,Generated starter lifecycle row; confirm lifecycle before promotion.,Existing Wingman product intelligence index,2026-06-28,Wingman import scaffold
NHD-110-RX,review,false,,Generated starter lifecycle row; confirm lifecycle before promotion.,Existing Wingman product intelligence index,2026-06-28,Wingman import scaffold
NHD-110-RX-S,review,false,,Generated starter lifecycle row; confirm lifecycle before promotion.,Existing Wingman product intelligence index,2026-06-28,Wingman import scaffold
NHD-110-TX,review,false,,Generated starter lifecycle row; confirm lifecycle before promotion.,Existing Wingman product intelligence index,2026-06-28,Wingman import scaffold
NHD-120-IW-TX,review,false,,Generated starter lifecycle row; confirm lifecycle before promotion.,Existing Wingman product intelligence index,2026-06-28,Wingman import scaffold
NHD-120-RX,review,false,,Generated starter lifecycle row; confirm lifecycle before promotion.,Existing Wingman product intelligence index,2026-06-28,Wingman import scaffold
NHD-120-RX-S,review,false,,Generated starter lifecycle row; confirm lifecycle before promotion.,Existing Wingman product intelligence index,2026-06-28,Wingman import scaffold
NHD-120-TX,review,false,,Generated starter lifecycle row; confirm lifecycle before promotion.,Existing Wingman product intelligence index,2026-06-28,Wingman import scaffold
NHD-124-RACK-1U,review,false,,Generated starter lifecycle row; confirm lifecycle before promotion.,Existing Wingman product intelligence index,2026-06-28,Wingman import scaffold
NHD-124-TX,review,false,,Generated starter lifecycle row; confirm lifecycle before promotion.,Existing Wingman product intelligence index,2026-06-28,Wingman import scaffold
NHD-128-NDI-TRX,review,false,,Generated starter lifecycle row; confirm lifecycle before promotion.,Existing Wingman product intelligence index,2026-06-28,Wingman import scaffold
NHD-140-RACK-1U,review,false,,Generated starter lifecycle row; confirm lifecycle before promotion.,Existing Wingman product intelligence index,2026-06-28,Wingman import scaffold
NHD-150-RX,review,false,,Generated starter lifecycle row; confirm lifecycle before promotion.,Existing Wingman product intelligence index,2026-06-28,Wingman import scaffold
NHD-250-RX,review,false,,Generated starter lifecycle row; confirm lifecycle before promotion.,Existing Wingman product intelligence index,2026-06-28,Wingman import scaffold
NHD-300-TX,review,false,,Generated starter lifecycle row; confirm lifecycle before promotion.,Existing Wingman product intelligence index,2026-06-28,Wingman import scaffold
NHD-400-DNT-TX,review,false,,Generated starter lifecycle row; confirm lifecycle before promotion.,Existing Wingman product intelligence index,2026-06-28,Wingman import scaffold
NHD-400-E-RX,review,false,,Generated starter lifecycle row; confirm lifecycle before promotion.,Existing Wingman product intelligence index,2026-06-28,Wingman import scaffold
NHD-400-E-TX,review,false,,Generated starter lifecycle row; confirm lifecycle before promotion.,Existing Wingman product intelligence index,2026-06-28,Wingman import scaffold
NHD-400-RX,review,false,,Generated starter lifecycle row; confirm lifecycle before promotion.,Existing Wingman product intelligence index,2026-06-28,Wingman import scaffold
NHD-400-TX,review,false,,Generated starter lifecycle row; confirm lifecycle before promotion.,Existing Wingman product intelligence index,2026-06-28,Wingman import scaffold
NHD-400-TX-IW,review,false,,Generated starter lifecycle row; confirm lifecycle before promotion.,Existing Wingman product intelligence index,2026-06-28,Wingman import scaffold
NHD-500,review,false,,Generated starter lifecycle row; confirm lifecycle before promotion.,Existing Wingman product intelligence index,2026-06-28,Wingman import scaffold
NHD-500-DNT-TX,review,false,,Generated starter lifecycle row; confirm lifecycle before promotion.,Existing Wingman product intelligence index,2026-06-28,Wingman import scaffold
NHD-500-E,review,false,,Generated starter lifecycle row; confirm lifecycle before promotion.,Existing Wingman product intelligence index,2026-06-28,Wingman import scaffold
NHD-500-E-RX,review,false,,Generated starter lifecycle row; confirm lifecycle before promotion.,Existing Wingman product intelligence index,2026-06-28,Wingman import scaffold
NHD-500-E-TX,review,false,,Generated starter lifecycle row; confirm lifecycle before promotion.,Existing Wingman product intelligence index,2026-06-28,Wingman import scaffold
NHD-500-IW-TX,review,false,,Generated starter lifecycle row; confirm lifecycle before promotion.,Existing Wingman product intelligence index,2026-06-28,Wingman import scaffold
NHD-500-IW-TX-V2,review,false,,Generated starter lifecycle row; confirm lifecycle before promotion.,Existing Wingman product intelligence index,2026-06-28,Wingman import scaffold
NHD-500-RX,review,false,,Generated starter lifecycle row; confirm lifecycle before promotion.,Existing Wingman product intelligence index,2026-06-28,Wingman import scaffold
NHD-500-T,review,false,,Generated starter lifecycle row; confirm lifecycle before promotion.,Existing Wingman product intelligence index,2026-06-28,Wingman import scaffold
NHD-500-TX,review,false,,Generated starter lifecycle row; confirm lifecycle before promotion.,Existing Wingman product intelligence index,2026-06-28,Wingman import scaffold
NHD-500-TXRX-V2,review,false,,Generated starter lifecycle row; confirm lifecycle before promotion.,Existing Wingman product intelligence index,2026-06-28,Wingman import scaffold
NHD-510-TX,review,false,,Generated starter lifecycle row; confirm lifecycle before promotion.,Existing Wingman product intelligence index,2026-06-28,Wingman import scaffold
NHD-600-E-RX,review,false,,Generated starter lifecycle row; confirm lifecycle before promotion.,Existing Wingman product intelligence index,2026-06-28,Wingman import scaffold
NHD-600-E-TX,review,false,,Generated starter lifecycle row; confirm lifecycle before promotion.,Existing Wingman product intelligence index,2026-06-28,Wingman import scaffold
NHD-600-E-TXRX,review,false,,Generated starter lifecycle row; confirm lifecycle before promotion.,Existing Wingman product intelligence index,2026-06-28,Wingman import scaffold
NHD-600-RX,review,false,,Generated starter lifecycle row; confirm lifecycle before promotion.,Existing Wingman product intelligence index,2026-06-28,Wingman import scaffold
NHD-600-TRX,review,false,,Generated starter lifecycle row; confirm lifecycle before promotion.,Existing Wingman product intelligence index,2026-06-28,Wingman import scaffold
NHD-600-TRXF,review,false,,Generated starter lifecycle row; confirm lifecycle before promotion.,Existing Wingman product intelligence index,2026-06-28,Wingman import scaffold
NHD-600-TX,review,false,,Generated starter lifecycle row; confirm lifecycle before promotion.,Existing Wingman product intelligence index,2026-06-28,Wingman import scaffold
NHD-610,review,false,,Generated starter lifecycle row; confirm lifecycle before promotion.,Existing Wingman product intelligence index,2026-06-28,Wingman import scaffold
NHD-610-RX,review,false,,Generated starter lifecycle row; confirm lifecycle before promotion.,Existing Wingman product intelligence index,2026-06-28,Wingman import scaffold
NHD-610-TX,review,false,,Generated starter lifecycle row; confirm lifecycle before promotion.,Existing Wingman product intelligence index,2026-06-28,Wingman import scaffold
NHD-610-TX-V2,review,false,,Generated starter lifecycle row; confirm lifecycle before promotion.,Existing Wingman product intelligence index,2026-06-28,Wingman import scaffold
NHD-CTL-PRO,review,false,,Generated starter lifecycle row; confirm lifecycle before promotion.,Existing Wingman product intelligence index,2026-06-28,Wingman import scaffold
NHD-CTL-PRO-T,review,false,,Generated starter lifecycle row; confirm lifecycle before promotion.,Existing Wingman product intelligence index,2026-06-28,Wingman import scaffold
NHD-CTL-PRO-V2,review,false,,Generated starter lifecycle row; confirm lifecycle before promotion.,Existing Wingman product intelligence index,2026-06-28,Wingman import scaffold
NHD-RACK-1U,review,false,,Generated starter lifecycle row; confirm lifecycle before promotion.,Existing Wingman product intelligence index,2026-06-28,Wingman import scaffold
NHD-RACK4-BLK,review,false,,Generated starter lifecycle row; confirm lifecycle before promotion.,Existing Wingman product intelligence index,2026-06-28,Wingman import scaffold
NHD-TOUCH,review,false,,Generated starter lifecycle row; confirm lifecycle before promotion.,Existing Wingman product intelligence index,2026-06-28,Wingman import scaffold
NHD-TOUCHPLUS,review,false,,Generated starter lifecycle row; confirm lifecycle before promotion.,Existing Wingman product intelligence index,2026-06-28,Wingman import scaffold
NHD-USB-TRX,review,false,,Generated starter lifecycle row; confirm lifecycle before promotion.,Existing Wingman product intelligence index,2026-06-28,Wingman import scaffold
OFFICE-KIT,review,false,,Generated starter lifecycle row; confirm lifecycle before promotion.,Existing Wingman product intelligence index,2026-06-28,Wingman import scaffold
PSU-12V-3A,review,false,,Generated starter lifecycle row; confirm lifecycle before promotion.,Existing Wingman product intelligence index,2026-06-28,Wingman import scaffold
RX-35-POH,review,false,,Generated starter lifecycle row; confirm lifecycle before promotion.,Existing Wingman product intelligence index,2026-06-28,Wingman import scaffold
RX-500,review,false,,Generated starter lifecycle row; confirm lifecycle before promotion.,Existing Wingman product intelligence index,2026-06-28,Wingman import scaffold
RX-70-4K,review,false,,Generated starter lifecycle row; confirm lifecycle before promotion.,Existing Wingman product intelligence index,2026-06-28,Wingman import scaffold
RX-70-4K-ARC,review,false,,Generated starter lifecycle row; confirm lifecycle before promotion.,Existing Wingman product intelligence index,2026-06-28,Wingman import scaffold
RX-70-4K-SCL,review,false,,Generated starter lifecycle row; confirm lifecycle before promotion.,Existing Wingman product intelligence index,2026-06-28,Wingman import scaffold
RX-700,review,false,,Generated starter lifecycle row; confirm lifecycle before promotion.,Existing Wingman product intelligence index,2026-06-28,Wingman import scaffold
RX3-100,review,false,,Generated starter lifecycle row; confirm lifecycle before promotion.,Existing Wingman product intelligence index,2026-06-28,Wingman import scaffold
RXF-300-4K,review,false,,Generated starter lifecycle row; confirm lifecycle before promotion.,Existing Wingman product intelligence index,2026-06-28,Wingman import scaffold
RXV-35-4K,review,false,,Generated starter lifecycle row; confirm lifecycle before promotion.,Existing Wingman product intelligence index,2026-06-28,Wingman import scaffold
RXV-35-SCL,review,false,,Generated starter lifecycle row; confirm lifecycle before promotion.,Existing Wingman product intelligence index,2026-06-28,Wingman import scaffold
RXV-70-4K,review,false,,Generated starter lifecycle row; confirm lifecycle before promotion.,Existing Wingman product intelligence index,2026-06-28,Wingman import scaffold
RXV-70-4K-ARC,review,false,,Generated starter lifecycle row; confirm lifecycle before promotion.,Existing Wingman product intelligence index,2026-06-28,Wingman import scaffold
RXV-70-4K-G2,review,false,,Generated starter lifecycle row; confirm lifecycle before promotion.,Existing Wingman product intelligence index,2026-06-28,Wingman import scaffold
RXV-70-G2-SCL,review,false,,Generated starter lifecycle row; confirm lifecycle before promotion.,Existing Wingman product intelligence index,2026-06-28,Wingman import scaffold
SP-0102-H2,review,false,,Generated starter lifecycle row; confirm lifecycle before promotion.,Existing Wingman product intelligence index,2026-06-28,Wingman import scaffold
SP-0104-H2,review,false,,Generated starter lifecycle row; confirm lifecycle before promotion.,Existing Wingman product intelligence index,2026-06-28,Wingman import scaffold
SP-0108-SCL,review,false,,Generated starter lifecycle row; confirm lifecycle before promotion.,Existing Wingman product intelligence index,2026-06-28,Wingman import scaffold
SP-618,review,false,,Generated starter lifecycle row; confirm lifecycle before promotion.,Existing Wingman product intelligence index,2026-06-28,Wingman import scaffold
SR-10G-MM-SFPP,review,false,,Generated starter lifecycle row; confirm lifecycle before promotion.,Existing Wingman product intelligence index,2026-06-28,Wingman import scaffold
SR-1G-MM-SFP,review,false,,Generated starter lifecycle row; confirm lifecycle before promotion.,Existing Wingman product intelligence index,2026-06-28,Wingman import scaffold
SW-0204-VW,review,false,,Generated starter lifecycle row; confirm lifecycle before promotion.,Existing Wingman product intelligence index,2026-06-28,Wingman import scaffold
SW-0206-VW,review,false,,Generated starter lifecycle row; confirm lifecycle before promotion.,Existing Wingman product intelligence index,2026-06-28,Wingman import scaffold
SW-0401-H2,review,false,,Generated starter lifecycle row; confirm lifecycle before promotion.,Existing Wingman product intelligence index,2026-06-28,Wingman import scaffold
SW-0X01-8K,review,false,,Generated starter lifecycle row; confirm lifecycle before promotion.,Existing Wingman product intelligence index,2026-06-28,Wingman import scaffold
SW-120-TX3,review,false,,Generated starter lifecycle row; confirm lifecycle before promotion.,Existing Wingman product intelligence index,2026-06-28,Wingman import scaffold
SW-120-TX3-UK,review,false,,Generated starter lifecycle row; confirm lifecycle before promotion.,Existing Wingman product intelligence index,2026-06-28,Wingman import scaffold
SW-120-TX3-US,review,false,,Generated starter lifecycle row; confirm lifecycle before promotion.,Existing Wingman product intelligence index,2026-06-28,Wingman import scaffold
SW-130-TX,review,false,,Generated starter lifecycle row; confirm lifecycle before promotion.,Existing Wingman product intelligence index,2026-06-28,Wingman import scaffold
SW-130-TX-UK,review,false,,Generated starter lifecycle row; confirm lifecycle before promotion.,Existing Wingman product intelligence index,2026-06-28,Wingman import scaffold
SW-130-TX-US,review,false,,Generated starter lifecycle row; confirm lifecycle before promotion.,Existing Wingman product intelligence index,2026-06-28,Wingman import scaffold
SW-220-TX-W,review,false,,Generated starter lifecycle row; confirm lifecycle before promotion.,Existing Wingman product intelligence index,2026-06-28,Wingman import scaffold
SW-510-TX,review,false,,Generated starter lifecycle row; confirm lifecycle before promotion.,Existing Wingman product intelligence index,2026-06-28,Wingman import scaffold
SW-515-RX,review,false,,Generated starter lifecycle row; confirm lifecycle before promotion.,Existing Wingman product intelligence index,2026-06-28,Wingman import scaffold
SW-540-TX-W,review,false,,Generated starter lifecycle row; confirm lifecycle before promotion.,Existing Wingman product intelligence index,2026-06-28,Wingman import scaffold
SW-620-TX-W,review,false,,Generated starter lifecycle row; confirm lifecycle before promotion.,Existing Wingman product intelligence index,2026-06-28,Wingman import scaffold
SW-640L-TX-W,review,false,,Generated starter lifecycle row; confirm lifecycle before promotion.,Existing Wingman product intelligence index,2026-06-28,Wingman import scaffold
SWX-100-HDBT3,review,false,,Generated starter lifecycle row; confirm lifecycle before promotion.,Existing Wingman product intelligence index,2026-06-28,Wingman import scaffold
SWX-100-IW-UK,review,false,,Generated starter lifecycle row; confirm lifecycle before promotion.,Existing Wingman product intelligence index,2026-06-28,Wingman import scaffold
SWX-100-IW-US,review,false,,Generated starter lifecycle row; confirm lifecycle before promotion.,Existing Wingman product intelligence index,2026-06-28,Wingman import scaffold
SWX-100-IW-UX,review,false,,Generated starter lifecycle row; confirm lifecycle before promotion.,Existing Wingman product intelligence index,2026-06-28,Wingman import scaffold
SYN-CTL-HUB,review,false,,Generated starter lifecycle row; confirm lifecycle before promotion.,Existing Wingman product intelligence index,2026-06-28,Wingman import scaffold
SYN-KEY10,review,false,,Generated starter lifecycle row; confirm lifecycle before promotion.,Existing Wingman product intelligence index,2026-06-28,Wingman import scaffold
SYN-KIT-130-EU,review,false,,Generated starter lifecycle row; confirm lifecycle before promotion.,Existing Wingman product intelligence index,2026-06-28,Wingman import scaffold
SYN-KIT-130-US,review,false,,Generated starter lifecycle row; confirm lifecycle before promotion.,Existing Wingman product intelligence index,2026-06-28,Wingman import scaffold
SYN-KIT-510-EU,review,false,,Generated starter lifecycle row; confirm lifecycle before promotion.,Existing Wingman product intelligence index,2026-06-28,Wingman import scaffold
SYN-KIT-510-US,review,false,,Generated starter lifecycle row; confirm lifecycle before promotion.,Existing Wingman product intelligence index,2026-06-28,Wingman import scaffold
SYN-TOUCH10,review,false,,Generated starter lifecycle row; confirm lifecycle before promotion.,Existing Wingman product intelligence index,2026-06-28,Wingman import scaffold
SYN-TOUCH10-V2,review,false,,Generated starter lifecycle row; confirm lifecycle before promotion.,Existing Wingman product intelligence index,2026-06-28,Wingman import scaffold
TS-280-EU,review,false,,Generated starter lifecycle row; confirm lifecycle before promotion.,Existing Wingman product intelligence index,2026-06-28,Wingman import scaffold
TS-280-US,review,false,,Generated starter lifecycle row; confirm lifecycle before promotion.,Existing Wingman product intelligence index,2026-06-28,Wingman import scaffold
TX-35-IW,review,false,,Generated starter lifecycle row; confirm lifecycle before promotion.,Existing Wingman product intelligence index,2026-06-28,Wingman import scaffold
TX-35-IW-KVM,review,false,,Generated starter lifecycle row; confirm lifecycle before promotion.,Existing Wingman product intelligence index,2026-06-28,Wingman import scaffold
TX-35-IWC-KVM,review,false,,Generated starter lifecycle row; confirm lifecycle before promotion.,Existing Wingman product intelligence index,2026-06-28,Wingman import scaffold
TX-70-4K,review,false,,Generated starter lifecycle row; confirm lifecycle before promotion.,Existing Wingman product intelligence index,2026-06-28,Wingman import scaffold
TX-H2X-ADZ,review,false,,Generated starter lifecycle row; confirm lifecycle before promotion.,Existing Wingman product intelligence index,2026-06-28,Wingman import scaffold
TX-H2X-HDBT,review,false,,Generated starter lifecycle row; confirm lifecycle before promotion.,Existing Wingman product intelligence index,2026-06-28,Wingman import scaffold
TX-H2X-HDMI,review,false,,Generated starter lifecycle row; confirm lifecycle before promotion.,Existing Wingman product intelligence index,2026-06-28,Wingman import scaffold
TX-H2X-OM3,review,false,,Generated starter lifecycle row; confirm lifecycle before promotion.,Existing Wingman product intelligence index,2026-06-28,Wingman import scaffold
TX-H2X-VLC,review,false,,Generated starter lifecycle row; confirm lifecycle before promotion.,Existing Wingman product intelligence index,2026-06-28,Wingman import scaffold
TX-SCL-HDBT,review,false,,Generated starter lifecycle row; confirm lifecycle before promotion.,Existing Wingman product intelligence index,2026-06-28,Wingman import scaffold
TX-SCL-HDMI,review,false,,Generated starter lifecycle row; confirm lifecycle before promotion.,Existing Wingman product intelligence index,2026-06-28,Wingman import scaffold
USB-HUB4,review,false,,Generated starter lifecycle row; confirm lifecycle before promotion.,Existing Wingman product intelligence index,2026-06-28,Wingman import scaffold
WYRERING,review,false,,Generated starter lifecycle row; confirm lifecycle before promotion.,Existing Wingman product intelligence index,2026-06-28,Wingman import scaffold
