"ImportPath","Resolved","Exists"
"@/app/system/NotFoundPage","C:\Users\steve\wingman\src\app\system\NotFoundPage.tsx","True"
"@/features/catalog/CatalogPage","C:\Users\steve\wingman\src\features\catalog\CatalogPage.tsx","True"
"@/features/compare/CompetitorComparePage","C:\Users\steve\wingman\src\features\compare\CompetitorComparePage.tsx","True"
"@/features/dashboard/DashboardPage","C:\Users\steve\wingman\src\features\dashboard\DashboardPage.tsx","True"
"@/features/discovery/DiscoveryWizardPage","C:\Users\steve\wingman\src\features\discovery\DiscoveryWizardPage.tsx","True"
"@/features/export/ExportSnapshotPage","C:\Users\steve\wingman\src\features\export\ExportSnapshotPage.tsx","True"
"@/features/guru/GuruPage","C:\Users\steve\wingman\src\features\guru\GuruPage.tsx","True"
"@/features/import/ImportIntakePage","C:\Users\steve\wingman\src\features\import\ImportIntakePage.tsx","True"
"@/features/misc/TrainingHubPage","C:\Users\steve\wingman\src\features\misc\TrainingHubPage.tsx","True"
"@/features/misc/VideoWallPlannerPage","C:\Users\steve\wingman\src\features\misc\VideoWallPlannerPage.tsx","True"
"@/features/projects/ProjectsPage","C:\Users\steve\wingman\src\features\projects\ProjectsPage.tsx","True"
"@/features/proposals/ProposalBuilderPage","C:\Users\steve\wingman\src\features\proposals\ProposalBuilderPage.tsx","True"
"@/features/roomwizard/RoomWizardPage","C:\Users\steve\wingman\src\features\roomwizard\RoomWizardPage.tsx","True"
"@/features/tools/ToolHubPage","C:\Users\steve\wingman\src\features\tools\ToolHubPage.tsx","True"
"@/pages/AnalyticsPage","C:\Users\steve\wingman\src\pages\AnalyticsPage.tsx","True"
"@/pages/ComparisonPage","C:\Users\steve\wingman\src\pages\ComparisonPage.tsx","True"
"@/pages/GuidedProjectWizard","C:\Users\steve\wingman\src\pages\GuidedProjectWizard.tsx","True"
"@/pages/LoginPage","C:\Users\steve\wingman\src\pages\LoginPage.tsx","True"
"@/pages/ProjectOverviewPage","C:\Users\steve\wingman\src\pages\ProjectOverviewPage.tsx","True"
"@/pages/PublicLandingPage","C:\Users\steve\wingman\src\pages\PublicLandingPage.tsx","True"
"@/pages/QuickQuestionPage","C:\Users\steve\wingman\src\pages\QuickQuestionPage.tsx","True"
"@/pages/SignupPage","C:\Users\steve\wingman\src\pages\SignupPage.tsx","True"
"@/pages/TemplateBrowserScreen","C:\Users\steve\wingman\src\pages\TemplateBrowserScreen.tsx","True"
"@/pages/WorkspaceHomePage","C:\Users\steve\wingman\src\pages\WorkspaceHomePage.tsx","True"
