"Type","Relative","Bytes","Reason"
"Directory",".wingman-backups","28755151","Repository backup/archive area"
"Directory",".wingman-work\backups","55192170","Wingman work snapshots"
"Directory","_backups","3445009","Repository backup/archive area"
"Directory","archive","5038893298","Repository backup/archive area"
"Directory","backups","116004150","Repository backup/archive area"
"File","data\catalog\competitor-products.generated.json.20260722-090142.bak","685879","Backup file"
"File","data\governance\wyrestorm-technical-profiles.json.20260722-083258.bak","29649","Backup file"
"File","data\governance\wyrestorm-technical-profiles.json.20260722-083552.bak","29649","Backup file"
"File","data\governance\wyrestorm-technical-profiles.json.20260722-090142.bak","35243","Backup file"
"File","data\governance\wyrestorm-technical-profiles.json.20260722-091530.bak","40382","Backup file"
"File","data\governance\wyrestorm-technical-profiles.json.20260722-115849.bak","45509","Backup file"
"File","data-sources\competitors\atlona.csv.20260722-090142.bak","41725","Backup file"
"File","data-sources\wyrestorm\products.csv.20260722-083258.bak","83492","Backup file"
"File","data-sources\wyrestorm\products.csv.20260722-083552.bak","83492","Backup file"
"File","data-sources\wyrestorm\products.csv.20260722-091530.bak","83964","Backup file"
"File","data-sources\wyrestorm\products.csv.20260722-115849.bak","84425","Backup file"
"File","server\product-intelligence-store.mjs.20260811-132222.bak","45720","Backup file"
"File","src\main.tsx.20260712-143240.bak","1252","Backup file"
"File","src\main.tsx.20260712-143533.bak","1252","Backup file"
"File","src\main.tsx.20260712-143821.bak","1291","Backup file"
"File","src\main.tsx.20260712-145428.bak","1252","Backup file"
"File","src\main.tsx.20260720-103614.bak","1518","Backup file"
"File","src\main.tsx.20260720-104415.bak","1625","Backup file"
"File","src\main.tsx.20260720-104654.bak","1625","Backup file"
"File","src\main.tsx.20260724-085018.bak","1881","Backup file"
"File","src\main.tsx.20260811-161643.bak","1815","Backup file"
"File","src\main.tsx.20260811-161809.bak","1815","Backup file"
"File","src\wingman2\components\compare\BattleCard.tsx.20260722-083258.bak","3906","Backup file"
"File","src\wingman2\components\compare\BattleCard.tsx.20260722-083552.bak","3906","Backup file"
"File","src\wingman2\components\compare\CompareShowdown.tsx.20260722-083258.bak","12625","Backup file"
"File","src\wingman2\components\compare\CompareShowdown.tsx.20260722-083552.bak","12625","Backup file"
"File","src\wingman2\components\compare\CompareShowdown.tsx.20260722-090142.bak","13113","Backup file"
"File","src\wingman2\components\compare\CompareShowdown.tsx.20260722-091900.bak","15083","Backup file"
"File","src\wingman2\components\compare\CompareShowdown.tsx.20260722-115941.bak","15125","Backup file"
"File","src\wingman2\components\ProposalCompletionWizard.tsx.20260713-203339.bak","34287","Backup file"
"File","src\wingman2\components\VisualStudioCanvas.tsx.20260712-143240.bak","10932","Backup file"
"File","src\wingman2\components\VisualStudioCanvas.tsx.20260712-143533.bak","10932","Backup file"
"File","src\wingman2\components\VisualStudioCanvas.tsx.before-react-flow-css-fix.bak","9822","Backup file"
"File","src\wingman2\components\VisualStudioCanvas.tsx.before-visual-tidy.bak","9862","Backup file"
"File","src\wingman2\components\WingmanGuruFab.tsx.20260714-133506.bak","11943","Backup file"
"File","src\wingman2\components\WingmanGuruFab.tsx.20260714-134732.bak","9479","Backup file"
"File","src\wingman2\components\WingmanGuruFab.tsx.20260714-135046.bak","9479","Backup file"
"File","src\wingman2\layout\AppShell.tsx.20260811-131538.bak","15177","Backup file"
"File","src\wingman2\layout\AppShell.tsx.20260811-155105.bak","15211","Backup file"
"File","src\wingman2\layout\AppShell.tsx.20260811-161643.bak","15640","Backup file"
"File","src\wingman2\layout\AppShell.tsx.20260811-161809.bak","15640","Backup file"
"File","src\wingman2\lib\compareSpecEngine.ts.20260722-083258.bak","35403","Backup file"
"File","src\wingman2\lib\compareSpecEngine.ts.20260722-083552.bak","35403","Backup file"
"File","src\wingman2\lib\compareSpecEngine.ts.20260722-090142.bak","42830","Backup file"
"File","src\wingman2\lib\compareSpecEngine.ts.20260722-091530.bak","45125","Backup file"
"File","src\wingman2\lib\compareSpecEngine.ts.20260722-115849.bak","45456","Backup file"
"File","src\wingman2\lib\productToolsVisualWeight.ts.20260720-104654.bak","4720","Backup file"
"File","src\wingman2\lib\visualStudioProductConnection.ts.20260714-120057.bak","14833","Backup file"
"File","src\wingman2\lib\visualStudioProductConnection.ts.20260714-120301.bak","14835","Backup file"
"File","src\wingman2\pages\DataManagerPage.tsx.20260811-131538.bak","18600","Backup file"
"File","src\wingman2\pages\DataManagerPage.tsx.20260811-133755.bak","18693","Backup file"
"File","src\wingman2\pages\DataManagerPage.tsx.20260811-135347.bak","20042","Backup file"
"File","src\wingman2\pages\DataManagerPage.tsx.20260811-140507.bak","20276","Backup file"
"File","src\wingman2\pages\DataManagerPage.tsx.20260811-160841.bak","21431","Backup file"
"File","src\wingman2\pages\DataManagerPage.tsx.20260811-163450.bak","21428","Backup file"
"File","src\wingman2\pages\DataManagerPage.tsx.20260811-164042.bak","21428","Backup file"
"File","src\wingman2\pages\DataManagerPage.tsx.20260811-164409.bak","21428","Backup file"
"File","src\wingman2\pages\DiscoveryPage.tsx.20260713-165502.bak","78944","Backup file"
"File","src\wingman2\pages\DiscoveryPage.tsx.20260713-172017.bak","79187","Backup file"
"File","src\wingman2\pages\DiscoveryPage.tsx.20260713-172759.bak","82644","Backup file"
"File","src\wingman2\pages\DiscoveryPage.tsx.20260713-173326.bak","80953","Backup file"
"File","src\wingman2\pages\DiscoveryPage.tsx.20260717-121533.bak","96551","Backup file"
"File","src\wingman2\pages\DiscoveryPage.tsx.20260717-122217.bak","96551","Backup file"
"File","src\wingman2\pages\DiscoveryPage.tsx.20260717-122935.bak","96551","Backup file"
"File","src\wingman2\pages\DiscoveryPage.tsx.20260806-121952.bak","53899","Backup file"
"File","src\wingman2\pages\DiscoveryPage.tsx.20260806-134605.bak","60097","Backup file"
"File","src\wingman2\pages\DiscoveryPage.tsx.20260806-151607.bak","62878","Backup file"
"File","src\wingman2\pages\DiscoveryPage.tsx.20260806-152031.bak","62878","Backup file"
"File","src\wingman2\pages\DiscoveryPage.tsx.20260806-152541.bak","63358","Backup file"
"File","src\wingman2\pages\DiscoveryPage.tsx.20260806-154059.bak","63409","Backup file"
"File","src\wingman2\pages\DiscoveryPage.tsx.20260806-161150.bak","64150","Backup file"
"File","src\wingman2\pages\DiscoveryPage.tsx.20260806-162243.bak","64249","Backup file"
"File","src\wingman2\pages\NavigationHubPages.tsx.20260718-194100.bak","12969","Backup file"
"File","src\wingman2\pages\NavigationHubPages.tsx.20260718-194537.bak","13465","Backup file"
"File","src\wingman2\pages\NavigationHubPages.tsx.20260718-194713.bak","0","Backup file"
"File","src\wingman2\pages\NavigationHubPages.tsx.20260718-194923.bak","0","Backup file"
"File","src\wingman2\pages\NavigationHubPages.tsx.20260718-194936.bak","0","Backup file"
"File","src\wingman2\pages\NavigationHubPages.tsx.20260718-195020.bak","0","Backup file"
"File","src\wingman2\pages\NavigationHubPages.tsx.20260719-104349.bak","14137","Backup file"
"File","src\wingman2\pages\ProjectDetailPage.test.tsx.20260806-122503.bak","4068","Backup file"
"File","src\wingman2\pages\ProjectDetailPage.tsx.20260806-121952.bak","52812","Backup file"
"File","src\wingman2\pages\ProjectsPage.tsx.20260806-121952.bak","12661","Backup file"
"File","src\wingman2\styles\wingman-navigation-hub-cascade-lock.css.20260718-185838.bak","13990","Backup file"
"File","src\wingman2\styles\wingman-navigation-hub-cascade-lock.css.20260718-193044.bak","17757","Backup file"
"File","src\wingman2\styles\wingman-navigation-hub-cascade-lock.css.20260718-194100.bak","21945","Backup file"
"File","src\wingman2\styles\wingman-product-tools-visual-weight.css.20260720-104654.bak","4105","Backup file"
"File","src\wingman2\styles\wingman-product-tools-visual-weight.css.20260720-105533.bak","4228","Backup file"
"File","src\wingman2\styles\wingman-reference-theme.css.20260714-121100.bak","30779","Backup file"
"File","src\wingman2\styles\wingman-reference-theme.css.20260714-133506.bak","31259","Backup file"
"File","src\wingman2\styles\wingman-reference-theme.css.20260714-134732.bak","32333","Backup file"
"File","src\wingman2\styles\wingman-reference-theme.css.20260714-135046.bak","32333","Backup file"
"File","src\wingman2\styles\wingman-reference-theme.css.20260720-110423.bak","33956","Backup file"
"File","src\wingman2\styles\wingman-reference-theme.css.20260724-092644.bak","35255","Backup file"
"File","src\wingman2\styles\wingman-reference-theme.css.20260724-093153.bak","35255","Backup file"
"File","src\wingman2\styles\wingman-reference-theme.css.20260724-105435.bak","35251","Backup file"
"File","src\wingman2\styles\wingman-reference-theme.css.20260724-110046.bak","35255","Backup file"
"File","src\wingman2\styles\wingman-reference-theme.css.20260724-111028.bak","35255","Backup file"
"File","src\wingman2\styles\wingman-style-stack.css.20260712-143821.bak","1161971","Backup file"
"File","src\wingman2\styles\wingman-style-stack.css.20260712-145428.bak","1162012","Backup file"
"File","src\wingman2\styles\wingman-style-stack.css.20260714-115319.bak","600869","Backup file"
"File","src\wingman2\styles\wingman-style-stack.css.20260714-115422.bak","600869","Backup file"
"File","src\wingman2\styles\wingman-style-stack.css.20260719-104349.bak","646099","Backup file"
"File","src\wingman2\styles\wingman-style-stack.css.20260719-122221.bak","658300","Backup file"
"File","src\wingman2\styles\wingman-style-stack.css.20260719-132507.bak","665667","Backup file"
"File","src\wingman2\styles\wingman-style-stack.css.20260722-084842.bak","673904","Backup file"
"File","src\wingman2\styles\wingman-style-stack.css.20260805-162647.bak","721904","Backup file"
"File","src\wingman2\styles\wingman-style-stack.css.20260806-121952.bak","721904","Backup file"
"File","src\wingman2\styles\wingman-style-stack.css.before-marker-cleanup.bak","579563","Backup file"
"File","src\wingman2\styles\wingman-style-stack.css.before-visual-tidy.bak","1148301","Backup file"
"File","src\wingman2\styles\wingman-workflow-theme.css.20260713-161141.bak","22185","Backup file"
"File","src\wingman2\styles\wingman-workflow-theme.css.20260713-161339.bak","24345","Backup file"
"File","src\wingman2\styles\wingman-workflow-theme.css.20260713-172017.bak","24345","Backup file"
"File","src\wingman2\styles\wingman-workflow-theme.css.20260713-172759.bak","26879","Backup file"
"File","src\wingman2\styles\wingman-workflow-theme.css.20260713-173326.bak","25422","Backup file"
"File","src\wingman2\styles\wingman-workflow-theme.css.20260806-133235.bak","163542","Backup file"
"File","src\wingman2\styles\wingman-workflow-theme.css.20260806-134101.bak","166801","Backup file"
"File","src\wingman2\styles\wingman-workflow-theme.css.20260806-134605.bak","165986","Backup file"
"File","src\wingman2\styles\wingman-workflow-theme.css.20260806-152541.bak","165693","Backup file"
"File","src\wingman2\styles\wingman-workflow-theme.css.20260811-134046.bak","172792","Backup file"
"File","src\wingman2\styles\wingman-workflow-theme.css.20260811-135347.bak","172792","Backup file"
"File","src\wingman2\styles\wingman-workflow-theme.css.20260811-140507.bak","178782","Backup file"
"File","src\wingman2\styles\wingman-workflow-theme.css.20260811-140948.bak","182648","Backup file"
"File","src\wingman2\styles\wingman-workflow-theme.css.20260811-141342.bak","188006","Backup file"
"File","src\wingman2\styles\wingman-workflow-theme.css.20260811-141512.bak","186911","Backup file"
"File","src\wingman2\styles\wingman-workflow-theme.css.20260811-141905.bak","186919","Backup file"
"File","src\wingman2\styles\wingman-workflow-theme.css.20260811-142208.bak","177772","Backup file"
"File","src\wingman2\styles\wingman-workflow-theme.css.20260811-142711.bak","182832","Backup file"
"File","src\wingman2\styles\wingman-workflow-theme.css.20260811-143000.bak","180177","Backup file"
"File","src\wingman2\styles\wingman-workflow-theme.css.20260811-143412.bak","179262","Backup file"
"File","src\wingman2\styles\wingman-workflow-theme.css.20260811-155105.bak","177969","Backup file"
"File","src\wingman2\styles\wingman-workflow-theme.css.20260811-160121.bak","175934","Backup file"
"File","src\wingman2\styles\wingman-workflow-theme.css.20260811-160405.bak","183770","Backup file"
"File","src\wingman2\styles\wingman-workflow-theme.css.20260811-160841.bak","185082","Backup file"
"File","src\wingman2\styles\wingman-workflow-theme.css.20260811-162125.bak","189050","Backup file"
"File","src\wingman2\styles\wingman-workflow-theme.css.20260811-163450.bak","196320","Backup file"
"File","src\wingman2\styles\wingman-workflow-theme.css.20260811-164042.bak","205392","Backup file"
"File","src\wingman2\styles\wingman-workflow-theme.css.20260811-164409.bak","215750","Backup file"
"File","src\wingman2\styles\wingman-workflow-theme.css.20260811-165829.bak","233347","Backup file"
"File","tools\audit-wingman-route-registry-direct.mjs.20260718-190305.bak","9694","Backup file"
"File","tools\audit-wingman-route-registry-direct.mjs.20260718-190553.bak","6132","Backup file"
"File","tools\audit-wingman-route-registry-direct.mjs.20260718-190611.bak","6132","Backup file"
"File","tools\check-mx0402-mst-resolution.mjs.20260722-091900.bak","2077","Backup file"
"File","tools\check-mx0402-mst-resolution.mjs.20260722-115941.bak","2077","Backup file"
"File","tools\check-orphaned-modules.mjs.20260811-133755.bak","5250","Backup file"
"File","tools\check-wingman-runtime-wiring.mjs.20260718-190553.bak","5611","Backup file"
"File","tools\check-wingman-runtime-wiring.mjs.20260718-190611.bak","4306","Backup file"
"File","tools\dependency-audit-exceptions.json.20260725-134110.bak","1910","Backup file"
"File","tools\wingman-size-budgets.json.20260806-122837.bak","716","Backup file"
"File","tools\wingman-size-budgets.json.20260806-130904.bak","734","Backup file"
