"File","Line","Import"
".wingman-backups\visual-studio-background-20260712-112955\VisualStudioCanvas.tsx","12","@xyflow/react/dist/style.css"
".wingman-backups\visual-studio-edges-20260712-111550\VisualStudioCanvas.tsx","12","@xyflow/react/dist/style.css"
".wingman-work\backups\20260811-125215\src\main.tsx","1","@xyflow/react/dist/style.css"
".wingman-work\backups\20260811-125215\src\main.tsx","2","./wingman2/styles/wingman-style-stack.css"
".wingman-work\backups\20260811-125215\src\main.tsx","3","./wingman2/styles/wingman-reference-theme.css"
".wingman-work\backups\20260811-125215\src\main.tsx","4","./wingman2/styles/wingman-workflow-theme.css"
".wingman-work\backups\20260811-125215\src\main.tsx","5","./wingman2/styles/wingman-polish-navigation.css"
".wingman-work\backups\20260811-125215\src\main.tsx","6","./wingman2/styles/wingman-reference-global.css"
".wingman-work\backups\20260811-125215\src\main.tsx","7","./wingman2/styles/wingman-product-tools-visual-weight.css"
".wingman-work\backups\20260811-125346\src\main.tsx","1","@xyflow/react/dist/style.css"
".wingman-work\backups\20260811-125346\src\main.tsx","2","./wingman2/styles/wingman-style-stack.css"
".wingman-work\backups\20260811-125346\src\main.tsx","3","./wingman2/styles/wingman-reference-theme.css"
".wingman-work\backups\20260811-125346\src\main.tsx","4","./wingman2/styles/wingman-workflow-theme.css"
".wingman-work\backups\20260811-125346\src\main.tsx","5","./wingman2/styles/wingman-polish-navigation.css"
".wingman-work\backups\20260811-125346\src\main.tsx","6","./wingman2/styles/wingman-reference-global.css"
".wingman-work\backups\20260811-125346\src\main.tsx","7","./wingman2/styles/wingman-product-tools-visual-weight.css"
".wingman-work\backups\20260811-125821\src\main.tsx","1","@xyflow/react/dist/style.css"
".wingman-work\backups\20260811-125821\src\main.tsx","2","./wingman2/styles/wingman-style-stack.css"
".wingman-work\backups\20260811-125821\src\main.tsx","3","./wingman2/styles/wingman-reference-theme.css"
".wingman-work\backups\20260811-125821\src\main.tsx","4","./wingman2/styles/wingman-workflow-theme.css"
".wingman-work\backups\20260811-125821\src\main.tsx","5","./wingman2/styles/wingman-polish-navigation.css"
".wingman-work\backups\20260811-125821\src\main.tsx","6","./wingman2/styles/wingman-reference-global.css"
".wingman-work\backups\20260811-125821\src\main.tsx","7","./wingman2/styles/wingman-product-tools-visual-weight.css"
"archive\repo-cleanup-20260709-050830\root-backups\_wingman_backup_vite_blank_20260708-055744\src_main.tsx","1","./wingman2/styles/wingman-style-stack.css"
"archive\_wingman_backup_actual_sku_alpha_filter_20260615-122021\src\main.tsx","34","./wingman2/styles/wingman-style-stack.css"
"archive\_wingman_backup_alpha_numeric_filter_20260615-111554\src\main.tsx","34","./wingman2/styles/wingman-style-stack.css"
"archive\_wingman_backup_before_compare_restore_20260614-052137\src_main.tsx","34","./wingman2/styles/wingman-style-stack.css"
"archive\_wingman_backup_compare_decision_focus_20260615-132537\src\main.tsx","34","./wingman2/styles/wingman-style-stack.css"
"archive\_wingman_backup_compare_filter_logic_guard_20260615-123108\src\main.tsx","34","./wingman2/styles/wingman-style-stack.css"
"archive\_wingman_backup_compare_invalid_sku_guard_20260615-131124\src\main.tsx","34","./wingman2/styles/wingman-style-stack.css"
"archive\_wingman_backup_compare_match_detection_fix_20260615-125107\src\main.tsx","34","./wingman2/styles/wingman-style-stack.css"
"archive\_wingman_backup_compare_match_presentation_20260615-124852\src\main.tsx","34","./wingman2/styles/wingman-style-stack.css"
"archive\_wingman_backup_compare_more_button_20260615-203436\main.tsx","36","./wingman2/styles/wingman-style-stack.css"
"archive\_wingman_backup_compare_more_button_20260615-203726\main.tsx","38","./wingman2/styles/wingman-style-stack.css"
"archive\_wingman_backup_compare_native_cleanup_20260615-133847\src\main.tsx","34","./wingman2/styles/wingman-style-stack.css"
"archive\_wingman_backup_compare_native_ui_20260615-211613\main.tsx","38","./wingman2/styles/wingman-style-stack.css"
"archive\_wingman_backup_compare_result_layout_20260615-190524\main.tsx","35","./wingman2/styles/wingman-style-stack.css"
"archive\_wingman_backup_compare_result_styling_20260615-185918\main.tsx","35","./wingman2/styles/wingman-style-stack.css"
"archive\_wingman_backup_compare_run_action_guard_20260615-123854\src\main.tsx","34","./wingman2/styles/wingman-style-stack.css"
"archive\_wingman_backup_compare_sku_auto_advance_20260615-185550\main.tsx","34","./wingman2/styles/wingman-style-stack.css"
"archive\_wingman_backup_compare_sku_auto_run_20260615-131718\src\main.tsx","34","./wingman2/styles/wingman-style-stack.css"
"archive\_wingman_backup_compare_sku_filter_state_guard_20260615-122531\src\main.tsx","34","./wingman2/styles/wingman-style-stack.css"
"archive\_wingman_backup_compare_start_reset_20260615-124430\src\main.tsx","34","./wingman2/styles/wingman-style-stack.css"
"archive\_wingman_backup_compare_visual_route_bridge_20260615-202629\main.tsx","35","./wingman2/styles/wingman-style-stack.css"
"archive\_wingman_backup_compare_workflow_split_20260615-120833\src\main.tsx","34","./wingman2/styles/wingman-style-stack.css"
"archive\_wingman_backup_guru_20260614-050537\src\main.tsx","33","./wingman2/styles/wingman-style-stack.css"
"archive\_wingman_backup_guru_movable_20260614-050939\src\main.tsx","34","./wingman2/styles/wingman-style-stack.css"
"archive\_wingman_backup_guru_repair_20260614-051054\src\main.tsx","34","./wingman2/styles/wingman-style-stack.css"
"archive\_wingman_backup_guru_single_instance_20260614-063825\src\main.tsx","34","./wingman2/styles/wingman-style-stack.css"
"archive\_wingman_backup_product_callcards_sticky_layout_20260615-113741\src\main.tsx","34","./wingman2/styles/wingman-style-stack.css"
"archive\_wingman_backup_product_story_language_20260615-113106\src\main.tsx","34","./wingman2/styles/wingman-style-stack.css"
"archive\_wingman_backup_restore_global_guru_20260614-064442\src\main.tsx","33","./wingman2/styles/wingman-style-stack.css"
"archive\_wingman_backup_restore_sweeping_guru_20260614-064242\src\main.tsx","34","./wingman2/styles/wingman-style-stack.css"
"backups\visual-studio-connectivity-layout-fix-20260712-130000\src\wingman2\components\VisualStudioCanvas.tsx","11","@xyflow/react/dist/style.css"
"backups\visual-studio-fit-header-fix-20260712-124959\src\wingman2\components\VisualStudioCanvas.tsx","11","@xyflow/react/dist/style.css"
"backups\visual-studio-viewport-fix-20260712-123722\src\wingman2\components\VisualStudioCanvas.tsx","11","@xyflow/react/dist/style.css"
"backups\visual-studio-viewport-fix-20260712-123926\src\wingman2\components\VisualStudioCanvas.tsx","11","@xyflow/react/dist/style.css"
"backups\visual-studio-viewport-fix-20260712-124259\src\wingman2\components\VisualStudioCanvas.tsx","11","@xyflow/react/dist/style.css"
"src\main.tsx","2","@xyflow/react/dist/style.css"
"src\main.tsx","3","./wingman2/styles/wingman-style-stack.css"
"src\main.tsx","4","./wingman2/styles/wingman-reference-theme.css"
"src\main.tsx","5","./wingman2/styles/wingman-workflow-theme.css"
"src\main.tsx","6","./wingman2/styles/wingman-polish-navigation.css"
"src\main.tsx","7","./wingman2/styles/wingman-reference-global.css"
"src\main.tsx","8","./wingman2/styles/wingman-product-tools-visual-weight.css"
"tools\check-dashboard-reference-layout.mjs","83","./wingman2/styles/wingman-reference-theme.css"
"tools\check-dashboard-reference-layout.mjs","84","./wingman2/styles/wingman-workflow-theme.css"
"tools\check-discovery-reference-layout.mjs","63","./wingman2/styles/wingman-workflow-theme.css"
