"Extension","Files","MB"
".css","179","3175.21"
".bak","618","1478.16"
".json","152","296.65"
".patch","10","133.86"
".pptx","20","118.78"
".pdf","22","33.41"
".csv","54","19.48"
".ts","1161","19.43"
".png","34","15.69"
".tsx","818","15.68"
".zip","8","9.8"
".md","92","7.62"
".xlsx","4","7.49"
".jpg","35","3.12"
".txt","72","3.07"
".mjs","281","2.3"
".bak-functional-compare-20260610-210328","2","1.12"
".bak-sales-helper-pages-20260610-204722","2","1.12"
".bak-compare-no-stretch-20260610-205544","1","1.08"
".bak-compare-right-rail-compact-20260610-205812","1","1.08"
".bak-sales-helper-readable-fit-20260610-204247","1","1.07"
".bak-sales-helper-fit-viewport-20260610-203514","1","1.07"
".bak-compare-density-20260610-205338","1","1.07"
".bak-sales-helper-compact-20260610-203224","2","1.07"
".bak-sales-helper-card-shape-fonts-20260610-205106","1","1.07"
".bak-sales-helper-final-compact-20260610-204112","1","1.07"
".bak-sales-helper-safe-scope-20260610-203906","1","1.07"
".bak-sales-helper-route-fit-20260610-203713","1","1.07"
".bak-repair-current-diff-20260627-191539","2","1.03"
".bak-consolidate-live-call-cards-20260627-142107","3","1.03"
".backup-status-contrast-20260707-065600","1","1.01"
".bak-template-seed-repair-20260627-075833","3","1.01"
".bak-template-discovery-seed-20260627-075622","3","1"
".bak-before-real-compact-20260627-181521","2","0.99"
".bak-real-compact-template-jsx-20260627-182649","2","0.99"
".bak-compact-template-cards-20260627-180256","2","0.99"
".bak-template-picker-cleanup-20260627-200806","2","0.99"
".bak-prune-alpha-readout-20260627-194017","2","0.98"
".bak-hide-alpha-stray-text-20260627-194246","1","0.97"
".bak-alpha-css-clean-20260628-050052","1","0.97"
".bak-remove-alpha-css-hacks-20260628-045857","1","0.97"
".bak-discovery-25pc-compact-20260627-201757","1","0.97"
".bak-disable-alpha-readout-dom-20260627-191018","2","0.97"
".bak-disable-alpha-readout-dom-20260627-191207","2","0.97"
".bak-template-proposal-handoff-20260627-094536","2","0.97"
".bak-remove-discovery-flow-and-unanswered-20260627-090110","3","0.96"
".bak-template-proposal-handoff-20260627-094422","2","0.96"
".bak-template-library-refresh-20260627-070946","2","0.96"
".bak-collapse-product-call-card-gap-20260627-193650","1","0.96"
".bak-template-library-refresh-20260627-071138","2","0.96"
".bak-compare-manufacturer-auto-advance-20260627-110806","2","0.95"
".bak-style-drift-sweep-20260627-111512","1","0.95"
".bak-client-safe-complete-template-builder-20260627-091822","2","0.95"
".bak-template-stage-highlight-20260627-095008","2","0.95"
".bak-template-solution-builder-20260627-085516","3","0.95"
".bak-template-decision-flow-20260627-110027","1","0.94"
".bak-hide-legacy-discovery-20260627-090437","2","0.94"
".bak-compare-manufacturer-assist-20260627-110542","1","0.94"
".bak-guru-clean-final-20260622-161818","3","0.93"
".bak-guru-final-tidy-20260622-161420","2","0.93"
".bak-guru-clean-final-20260622-161750","3","0.93"
".bak-guru-final-restore-20260622-151819","3","0.93"
".bak-staged-action-container-glow-20260627-095437","1","0.93"
".bak-staged-whole-card-glow-20260627-105108","1","0.93"
".bak-template-staged-button-state-20260627-105338","1","0.93"
".bak-guru-portal-20260622-161122","2","0.92"
".bak-template-style-refresh-20260627-071725","1","0.91"
".bak-template-library-padding-20260627-072535","1","0.91"
".bak-project-heading-scroll-20260627-054828","2","0.91"
".bak-project-section-header-padding-20260627-055934","1","0.9"
".bak-remove-navhub-submodes-20260627-062801","1","0.9"
".bak-project-header-arrows-20260627-054429","1","0.9"
".bak-hide-project-details-marker-20260627-055225","1","0.9"
".bak-remove-info-pills-20260627-062457","1","0.9"
".bak-project-header-arrows-20260627-054533","1","0.9"
".bak-finder-stepper-state-20260622-202224","1","0.89"
".bak-finder-select-contrast-20260622-201559","1","0.88"
".bak-guru-message-contrast-20260622-201011","1","0.88"
".bak-guru-single-column-20260622-194236","1","0.88"
".bak-guru-single-column-20260622-194055","1","0.88"
".bak-20260622-141130","1","0.87"
".bak-final-pill-diff-tidy-20260622-142555","1","0.87"
".bak-css-encoding-final-20260622-162558","1","0.87"
".bak-encoding-repair-20260622-142147","1","0.87"
".bak-guru-visibility-fix-20260622-150850","1","0.87"
".bak-pill-cleanup-20260622-141917","1","0.87"
".bak-remove-unrelated-compare-css-20260622-142445","1","0.87"
".bak-guru-compact-20260622-162317","1","0.87"
".bak-compare-dropdown-dark-20260610-150320","1","0.85"
".diff","2","0.77"
".bak-compare-scroll-20260610-145807","1","0.76"
".backup-compare-density-20260615-121247","1","0.75"
".bak-product-discussion-fill-inner-space-20260612-122549","1","0.68"
".bak-product-call-card-fill-viewport-20260612-121742","1","0.67"
".bak-product-discussion-object-scale-20260612-122200","1","0.67"
".bak-product-call-card-layout-20260612-121431","1","0.67"
".bak-product-discussion-object-scale-20260612-121925","1","0.67"
".bak-product-discussion-object-scale-20260612-121937","1","0.67"
".bak-accessory-language-20260612-084803","2","0.6"
".backup-20260710-081932","2","0.6"
".bak-targeted-checks-20260612-085703","2","0.6"
".backup-20260710-074540","2","0.59"
".backup-20260710-094314","2","0.58"
".backup-20260710-065535","4","0.57"
".backup-20260710-073259","2","0.57"
".backup-20260710-072350","1","0.56"
".backup-20260710-062749","4","0.56"
".backup-20260710-062527","4","0.56"
".backup-20260710-071454","2","0.55"
".bak-tech-family-repair-20260612-080224","1","0.54"
".backup-20260710-063723","2","0.54"
".backup-20260710-061938","1","0.53"
".backup-20260710-055434","1","0.53"
".backup-20260710-054527","1","0.52"
".backup-20260710-054102","1","0.51"
".backup-20260710-054308","1","0.51"
".backup-20260710-053448","1","0.5"
".bak-final-mojibake-clean-20260627-190641","1","0.5"
".backup-20260710-054025","1","0.5"
".backup-20260710-053542","1","0.5"
".backup-20260710-052933","2","0.5"
".backup-20260710-053113","2","0.5"
".backup-20260710-053339","1","0.49"
".ps1","34","0.34"
".cjs","13","0.31"
".bak-before-official-copy-20260612-075106","1","0.27"
".bak-line-clean-discovery-mojibake-20260627-190549","1","0.26"
".log","40","0.23"
".bak-fix-discovery-mojibake-20260627-190448","1","0.19"
".bak-reset-visible-first-step-20260627-190148","1","0.12"
".bak-template-seed-final-repair-20260627-080035","3","0.09"
".before","3","0.08"
".bak-discovery-reset-blank-20260627-185703","1","0.08"
".bak-invalid-hook-repair-20260612-094303","1","0.07"
".bak-inline-gallery-repair-20260612-094113","1","0.07"
".bak-gallery-scope-repair-20260612-093957","1","0.07"
".svg","32","0.07"
".bak-stabilise-gallery-examples-20260612-115649","1","0.07"
".bak-product-call-card-layout-css-clean-20260612-121431","1","0.07"
".bak-discovery-reset-blank-20260627-185548","1","0.07"
".bak-fix-broken-import-block-20260627-090831","1","0.07"
".bak-add-seed-import-20260627-080212","1","0.07"
".bak-fix-broken-inline-css-20260612-120926","1","0.07"
".bak-template-panel-import-check-20260627-084250","1","0.07"
".bak-template-builder-early-return-20260627-090717","1","0.07"
".bak-template-panel-import-check-20260627-084020","1","0.07"
".bak-remove-template-seed-blank-return-20260627-201322","1","0.07"
".bak-fix-template-return-placement-20260627-090952","1","0.07"
".bak-force-discovery-import-20260627-080435","1","0.07"
".bak-compact-product-discussion-layout-20260612-120748","1","0.07"
".bak-fix-missing-product-gallery-logic-20260612-093901","1","0.07"
".bak-fix-missing-productapplicationexamples-20260612-090326","1","0.06"
".bak-product-gallery-20260612-093409","1","0.06"
".bak-guru-duplicate-attribute-fix-20260622-155517","2","0.06"
".bak-audio-amp-examples-20260612-085846","1","0.06"
".bak-simple-term-lookup-20260612-083820","3","0.06"
".bak-four-product-cards-20260612-085134","1","0.05"
".bak-forced-template-refresh-20260627-071725","1","0.05"
".discarded","3","0.05"
".bak-direct-guru-says-20260612-084116","2","0.05"
".bak-no-scroll-paged-20260612-070828","1","0.04"
".bak-scrollbars-20260612-070418","1","0.04"
".backup-20260611-101650","2","0.04"
".bak-tabbed-product-discussion-20260612-082607","1","0.04"
".bak-product-paging-20260612-070629","1","0.04"
".bak-endpoint-20260612-070057","1","0.04"
".backup-20260610-083944","2","0.04"
".bak-clean-replace-20260612-071004","1","0.04"
".backup-clean-cards-settings-v2-20260707-055248","1","0.04"
".backup-clean-dashboard-buttons-20260707-054624","1","0.03"
".backup-approved-direction-1783201149718","1","0.03"
".backup-clean-cards-settings-v2-20260707-055157","1","0.03"
".backup-approved-review-metadata-1783201961955","1","0.03"
".backup-clean-dashboard-buttons-20260707-054905","1","0.03"
".backup-before-source-schema-clean-1783201352833","1","0.03"
".bak-bom-quantity-transfer-20260627-094102","1","0.03"
".backup-20260710-080806","1","0.03"
".backup-20260611-112046","1","0.03"
".backup-candidate-gate-runtime-shim-20260615-115238","1","0.03"
".backup-candidate-gate-markers-20260615-114729","1","0.03"
".backup-candidate-gate-hard-fix-20260615-114949","1","0.03"
".backup-before-source-schema-clean-1783201352844","1","0.03"
".bak-dynamic-products-20260612-065833","1","0.03"
".bak-fix-live-call-link-20260612-072132","1","0.03"
".bak-separate-product-discussion-room-builder-20260612-073412","1","0.03"
".bak-az-quick-finder-20260612-073753","1","0.03"
".bak-compact-20260612-065002","1","0.03"
".bak-az-disable-empty-prefixes-20260612-074008","1","0.03"
".bak-fix-product-discussion-action-20260612-074225","1","0.03"
".bak-official-copy-support-20260612-075106","1","0.03"
".bak-guru-term-links-20260612-075717","1","0.03"
".bak-remove-button-description-20260612-071849","1","0.03"
".backup-before-source-schema-clean-1783201352840","1","0.02"
".bak-close-template-function-20260627-080212","1","0.02"
".backup-approved-direction-1783201149710","1","0.02"
".bak-blank-template-route-repair-20260627-081602","1","0.02"
".backup-before-blank-row-clean","1","0.02"
".backup-approved-direction-1783201149702","1","0.02"
".backup-no-equivalent-jsx-20260704-213026","1","0.02"
".backup-20260710-063043","2","0.02"
".backup-20260710-073755","1","0.02"
".bak-stable-product-update-20260628-052832","7","0.02"
".backup-filtered-20260615-134125","1","0.02"
".bak-duplicate-alpha-helper-20260628-050052","1","0.02"
".sql","6","0.02"
".backup-approved-direction-1783201149712","1","0.02"
".bak-remove-template-alpha-filter-20260627-183815","1","0.02"
".bak-template-header-cleanup-20260627-072535","1","0.02"
".backup-before-source-schema-clean-1783201352842","1","0.02"
".docx","1","0.02"
".backup-before-source-schema-clean-1783201352846","1","0.02"
".bak-three-control-room-templates-20260627-074044","1","0.02"
".bak-three-control-room-templates-clean-20260627-074146","1","0.02"
".bak-force-add-three-control-templates-20260627-074443","1","0.02"
".backup-compare-typeahead-seeds-20260615-113950","1","0.02"
".backup-hard-clean-20260704-211421","1","0.02"
".bak-full-template-page-recovery-20260627-084020","1","0.02"
".bak-force-close-template-function-20260627-080435","1","0.02"
".bak-full-template-page-recovery-20260627-084250","1","0.02"
".bak-fix-template-staged-state-20260627-095145","1","0.02"
".backup-vp551x-20260704-214915","1","0.01"
".backup-inline-layout-test-20260610-093254","2","0.01"
".example","2","0.01"
".yml","4","0.01"
".backup-20260613-082024","1","0.01"
".env","1","0.01"
".backup-20260613-090435","1","0.01"
".backup-schema-repair-20260704-211654","1","0.01"
".bak-disable-duplicate-alpha-20260628-045857","1","0.01"
".bak-final-remove-live-call-card-20260627-175027","1","0.01"
".backup-20260610-080130","1","0.01"
".bak-remove-callcoach-loop-20260627-143501","1","0.01"
".backup-simple-select-20260610-085354","1","0.01"
".bak-lazy-guru-20260622-203328","1","0.01"
".bak-remove-inbound-call-tile-20260627-174725","1","0.01"
".backup-20260710-063147","1","0.01"
".bak-fix-stale-compare-manufacturer-20260627-111058","1","0.01"
".bak-lazy-guru-tidy-20260622-203517","1","0.01"
".backup-20260710-065306","1","0.01"
".bak-remove-alpha-actual-readout-20260627-193650","1","0.01"
".bak-remove-alpha-readout-20260627-190847","1","0.01"
".bak-remove-redundant-call-buttons-20260627-153111","4","0.01"
".backup-direct-visible-layout-20260610-093028","1","0.01"
".bak-repair-callcoach-page-20260627-175237","1","0.01"
".backup-spacing-direct-20260610-092318","1","0.01"
".backup-20260611-104315","1","0.01"
".backup-hide-old-mic-20260610-103704","1","0.01"
".backup-export-fix-20260610-084033","1","0.01"
".backup-20260611-112414","1","0.01"
".bak-20260612-064745","1","0"
".backup-20260710-141236","1","0"
".bak-optional-nonblocking-20260628-063453","1","0"
".backup-20260710-141324","1","0"
".bak-no-npmcmd-spawn-20260628-064026","1","0"
".local","1","0"
".template","1","0"
".backup-20260610-083612","1","0"
".dockerignore","1","0"
".bak-20260612-064510","1","0"
".bak-sales-facing-language-20260627-142951","2","0"
".bak-20260612-063429","1","0"
".tmp","1","0"
".backup-20260610-081506","1","0"
".html","2","0"
".yaml","1","0"
".bak-compact-guru-bridge-20260612-083248","1","0"
".backup-20260610-082746","1","0"
".backup-mic-align-20260610-090057","1","0"
".backup-mic-direct-20260610-092318","1","0"
".backup-remove-marker-20260610-103704","1","0"
".backup-alpha-filter-clean-20260615-111736","1","0"
".backup-alpha-filter-duplicate-20260615-111650","1","0"
".backup-remove-mic-runtime-20260610-093028","1","0"
".bak-20260702-070134","1","0"
".bak-20260702-071939","1","0"
".bak-20260702-071205","1","0"
".bak-20260702-070829","1","0"
".bak-callcards-legacy-redirect-20260627-175426","1","0"
".bak-direct-runner-guard-20260628-063011","1","0"
".bak-20260702-063029","1","0"
"(none)","2","0"
".server","1","0"
".js","3","0"
".backup-before-schema-aware-check","1","0"
".gitattributes","1","0"
".gitignore","1","0"
