"Path","TopFolder","Extension","Bytes","KB"
"tools\enrich-wyrestorm-product-intelligence.mjs","tools",".mjs","108264","105.73"
"tools\refactor-room-templates-advisor.mjs","tools",".mjs","69201","67.58"
"tools\repair-product-call-card-practical-copy.mjs","tools",".mjs","53676","52.42"
"tools\rewrite-product-pitch-sales-desk.mjs","tools",".mjs","42516","41.52"
"tools\build-product-data-sources.mjs","tools",".mjs","37801","36.92"
"tools\import-wyrestorm-product-guide.mjs","tools",".mjs","34010","33.21"
"tools\draft-technical-profiles-batch4.mjs","tools",".mjs","27977","27.32"
"tools\generate-product-intelligence-index.mjs","tools",".mjs","26889","26.26"
"tools\build-wingman-canonical-data.mjs","tools",".mjs","24503","23.93"
"tools\repair-product-call-card-copy-technology-conflicts.mjs","tools",".mjs","24141","23.58"
"tools\import-wingman-source-pdfs.mjs","tools",".mjs","23650","23.1"
"tools\apply-avoip-data-governance.mjs","tools",".mjs","22535","22.01"
"tools\enrich-product-call-cards-from-wyrestorm.mjs","tools",".mjs","21319","20.82"
"tools\audit-product-database-quality.mjs","tools",".mjs","20125","19.65"
"tools\audit-wingman-routing-pages.mjs","tools",".mjs","19671","19.21"
"tools\draft-technical-profiles-batch3.mjs","tools",".mjs","19504","19.05"
"tools\draft-technical-profiles-batch1.mjs","tools",".mjs","19047","18.6"
"tools\repair-routed-io-evidence.mjs","tools",".mjs","18908","18.46"
"tools\draft-technical-profiles-batch2.mjs","tools",".mjs","17560","17.15"
"tools\enrich-product-technical-summary.mjs","tools",".mjs","16458","16.07"
"tools\fix-non-dashboard-stash-issues.ps1","tools",".ps1","14558","14.22"
"tools\check-product-matching-scenarios.mjs","tools",".mjs","13231","12.92"
"tools\audit-wingman-data-sources.mjs","tools",".mjs","13203","12.89"
"tools\audit-product-classifications-v2.mjs","tools",".mjs","12942","12.64"
"tools\audit-matrix-output-topology.mjs","tools",".mjs","12871","12.57"
"tools\draft-missing-technical-profiles.mjs","tools",".mjs","12574","12.28"
"tools\audit-product-story-coverage.mjs","tools",".mjs","12233","11.95"
"tools\repair-product-call-card-accessory-language.mjs","tools",".mjs","11470","11.2"
"tools\audit-wingman-engine-routing.mjs","tools",".mjs","11401","11.13"
"tools\check-wingman-recommendation-scenarios.mjs","tools",".mjs","10861","10.61"
"tools\check-wyrestorm-technical-data.mjs","tools",".mjs","10488","10.24"
"tools\repair-template-market-filters.cjs","tools",".cjs","10221","9.98"
"tools\infer-hdmi-hdbaset-versions.mjs","tools",".mjs","10062","9.83"
"tools\production-readiness-check.mjs","tools",".mjs","10012","9.78"
"tools\stabilise-product-call-cards-gallery-examples.mjs","tools",".mjs","9977","9.74"
"tools\generate-product-call-card-products.mjs","tools",".mjs","9878","9.65"
"tools\load-test.mjs","tools",".mjs","9728","9.5"
"tools\audit-wingman-route-registry-direct.mjs.20260718-190305.bak","tools",".bak","9694","9.47"
"tools\check-wyrestorm-product-updates.mjs","tools",".mjs","9437","9.22"
"tools\infer-chroma-detail.mjs","tools",".mjs","8873","8.67"
"tools\product-intelligence-audit.mjs","tools",".mjs","8682","8.48"
"tools\lib\wingman-size-budgets.mjs","tools",".mjs","8423","8.23"
"tools\repair-template-detail-horizontal-scroll.mjs","tools",".mjs","8170","7.98"
"tools\generate-product-media-index.mjs","tools",".mjs","8165","7.97"
"tools\audit-recommendation-accuracy-priority3.mjs","tools",".mjs","7931","7.75"
"tools\migrate-wingman-page-markup.mjs","tools",".mjs","7928","7.74"
"tools\repair-product-call-card-targeted-questions.mjs","tools",".mjs","7921","7.74"
"tools\audit-wingman-feature-surface.mjs","tools",".mjs","7916","7.73"
"tools\wingman-stress-check.mjs","tools",".mjs","7897","7.71"
"tools\repair-product-call-cards-invalid-hooks.mjs","tools",".mjs","7680","7.5"
"tools\check-template-signal-path.mjs","tools",".mjs","7465","7.29"
"tools\fix-product-intelligence-review-chip-contrast-hard.mjs","tools",".mjs","7373","7.2"
"tools\enforce-wingman-vertical-only-layout.mjs","tools",".mjs","7328","7.16"
"tools\check-app-page-style-consistency.mjs","tools",".mjs","7323","7.15"
"tools\audit-text-hygiene.mjs","tools",".mjs","7265","7.09"
"tools\reconcile-wyrestorm-lifecycle.mjs","tools",".mjs","7265","7.09"
"tools\infer-usb-standard.mjs","tools",".mjs","7229","7.06"
"tools\audit-wyrestorm-technical-data.mjs","tools",".mjs","7191","7.02"
"tools\audit-legacy-override-retirement.mjs","tools",".mjs","7179","7.01"
"tools\check-size-budgets.mjs","tools",".mjs","7111","6.94"
"tools\audit-competitor-technical-spec-completeness.mjs","tools",".mjs","7092","6.93"
"tools\audit-product-technical-spec-completeness.mjs","tools",".mjs","6710","6.55"
"tools\remove-room-template-blank-discovery-header.mjs","tools",".mjs","6635","6.48"
"tools\audit-room-template-advisor.mjs","tools",".mjs","6630","6.47"
"tools\check-dependency-audit.mjs","tools",".mjs","6485","6.33"
"tools\compact-room-templates-page.mjs","tools",".mjs","6389","6.24"
"tools\repair-wingman-page-scrolling.mjs","tools",".mjs","6278","6.13"
"tools\audit-wingman-route-registry-direct.mjs.20260718-190553.bak","tools",".bak","6132","5.99"
"tools\audit-wingman-route-registry-direct.mjs.20260718-190611.bak","tools",".bak","6132","5.99"
"tools\audit-wingman-route-registry-direct.mjs","tools",".mjs","6132","5.99"
"tools\force-product-intelligence-chip-dark-source.mjs","tools",".mjs","6131","5.99"
"tools\check-wingman-style-drift-baseline.mjs","tools",".mjs","6118","5.97"
"tools\fix-product-intelligence-review-status-chips.mjs","tools",".mjs","6073","5.93"
"tools\check-wingman-navigation-consolidation.mjs","tools",".mjs","6044","5.9"
"tools\migrate-wingman-page-frames.mjs","tools",".mjs","5987","5.85"
"tools\workflow-integration-check.mjs","tools",".mjs","5983","5.84"
"tools\check-vendor-refresh-sanity.mjs","tools",".mjs","5836","5.7"
"tools\browser-smoke-check.mjs","tools",".mjs","5751","5.62"
"tools\check-wingman-runtime-wiring.mjs.20260718-190553.bak","tools",".bak","5611","5.48"
"tools\compact-room-templates-page-safe.mjs","tools",".mjs","5524","5.39"
"tools\lib\wingman-size-budgets.test.mjs","tools",".mjs","5507","5.38"
"tools\check-orphaned-modules.mjs","tools",".mjs","5440","5.31"
"tools\verify-supabase-rls.mjs","tools",".mjs","5360","5.23"
"tools\fix-wingman-scroll-and-disabled-button-contrast.mjs","tools",".mjs","5320","5.2"
"tools\check-orphaned-modules.mjs.20260811-133755.bak","tools",".bak","5250","5.13"
"tools\check-room-template-sku-lifecycle.mjs","tools",".mjs","5222","5.1"
"tools\normalize-wingman-page-visual-classes.mjs","tools",".mjs","5204","5.08"
"tools\import-wyrestorm-lifecycle-lists.mjs","tools",".mjs","5129","5.01"
"tools\check-classification-consistency.mjs","tools",".mjs","5092","4.97"
"tools\audit-wingman-style-drift.mjs","tools",".mjs","5044","4.93"
"tools\check-wingman-page-markup-migration.mjs","tools",".mjs","5025","4.91"
"tools\check-retired-wingman-features.mjs","tools",".mjs","5022","4.9"
"tools\guard-wingman-css-imports.mjs","tools",".mjs","5015","4.9"
"tools\normalize-wyrestorm-catalogue-source.mjs","tools",".mjs","4926","4.81"
"tools\admin-product-db.mjs","tools",".mjs","4855","4.74"
"tools\sanitize-product-intelligence-index.mjs","tools",".mjs","4784","4.67"
"tools\product-update-utils.mjs","tools",".mjs","4767","4.66"
"tools\fix-intelligence-needs-review-pill-exact.mjs","tools",".mjs","4551","4.44"
"tools\check-wingman-data-maintenance.mjs","tools",".mjs","4541","4.43"
"tools\check-wingman-runtime-wiring.mjs.20260718-190611.bak","tools",".bak","4306","4.21"
"tools\check-wingman-runtime-wiring.mjs","tools",".mjs","4306","4.21"
"tools\repair-wingman-page-markup-migration.mjs","tools",".mjs","4282","4.18"
"tools\promote-product-source-incoming.mjs","tools",".mjs","4277","4.18"
"tools\check-compare-battle-card-alignment.mjs","tools",".mjs","4207","4.11"
"tools\audit-compare-candidate-gate.mjs","tools",".mjs","4182","4.08"
"tools\check-vendor-enrichment-freshness.mjs","tools",".mjs","4116","4.02"
"tools\check-documentation-contract.mjs","tools",".mjs","3997","3.9"
"tools\check-compare-trust-layer.mjs","tools",".mjs","3987","3.89"
"tools\check-compare-decision-workflow.mjs","tools",".mjs","3981","3.89"
"tools\dedupe-schema-drift-columns.mjs","tools",".mjs","3864","3.77"
"tools\check-wingman-migration-parity.mjs","tools",".mjs","3848","3.76"
"tools\check-hdbaset-avoip-classification.mjs","tools",".mjs","3771","3.68"
"tools\check-product-positioning-cards.mjs","tools",".mjs","3705","3.62"
"tools\check-compare-output-scenarios.mjs","tools",".mjs","3506","3.42"
"tools\repair-duplicate-jsx-classnames.mjs","tools",".mjs","3497","3.42"
"tools\check-mx0402-mst-resolution.mjs","tools",".mjs","3441","3.36"
"tools\check-short-workflow-pages.mjs","tools",".mjs","3349","3.27"
"tools\archive-wingman-stale-data.mjs","tools",".mjs","3303","3.23"
"tools\check-usb-path-validator.mjs","tools",".mjs","3246","3.17"
"tools\check-wingman-page-visual-classes.mjs","tools",".mjs","3208","3.13"
"tools\check-dashboard-reference-layout.mjs","tools",".mjs","3151","3.08"
"tools\check-focused-product-classifications.mjs","tools",".mjs","3073","3"
"tools\check-sales-facing-language.mjs","tools",".mjs","3068","3"
"tools\check-compare-source-repair.mjs","tools",".mjs","3060","2.99"
"tools\check-compare-page-candidate-gate.mjs","tools",".mjs","2982","2.91"
"tools\check-wingman-page-density.mjs","tools",".mjs","2957","2.89"
"tools\audit-competitor-intelligence.mjs","tools",".mjs","2902","2.83"
"tools\check-wyrestorm-lifecycle-manual-decisions.mjs","tools",".mjs","2793","2.73"
"tools\check-competitor-compare-decision.mjs","tools",".mjs","2775","2.71"
"tools\check-competitor-intelligence.mjs","tools",".mjs","2763","2.7"
"tools\audit-wingman-single-screen.mjs","tools",".mjs","2757","2.69"
"tools\check-visual-studio-react-flow-foundation.mjs","tools",".mjs","2746","2.68"
"tools\inspect-compare-workflow-shape.mjs","tools",".mjs","2663","2.6"
"tools\revert-unauthorized-competitor-approvals.mjs","tools",".mjs","2654","2.59"
"tools\audit-compare-output-quality.mjs","tools",".mjs","2648","2.59"
"tools\check-proposal-wizard.mjs","tools",".mjs","2629","2.57"
"tools\check-av-decision-evidence.mjs","tools",".mjs","2579","2.52"
"tools\check-sku-alias-resolver.mjs","tools",".mjs","2436","2.38"
"tools\check-trusted-tester-pack.mjs","tools",".mjs","2363","2.31"
"tools\check-discovery-topology.mjs","tools",".mjs","2345","2.29"
"tools\route-smoke-check.mjs","tools",".mjs","2327","2.27"
"tools\product-data-doctor.mjs","tools",".mjs","2323","2.27"
"tools\audit-product-pitch-tester-readiness.mjs","tools",".mjs","2289","2.24"
"tools\check-project-sync-readiness.mjs","tools",".mjs","2253","2.2"
"tools\check-compare-sku-auto-advance.mjs","tools",".mjs","2234","2.18"
"tools\check-optional-visual-support.mjs","tools",".mjs","2207","2.16"
"tools\dependency-audit-exceptions.json","tools",".json","2173","2.12"
"tools\check-discovery-reference-layout.mjs","tools",".mjs","2136","2.09"
"tools\check-mx0402-mst-resolution.mjs.20260722-091900.bak","tools",".bak","2077","2.03"
"tools\check-mx0402-mst-resolution.mjs.20260722-115941.bak","tools",".bak","2077","2.03"
"tools\check-duplicate-jsx-classnames.mjs","tools",".mjs","2060","2.01"
"tools\check-known-wyrestorm-matrix-profiles.mjs","tools",".mjs","2034","1.99"
"tools\check-finder-density.mjs.backup-20260710-141236","tools",".backup-20260710-141236","2028","1.98"
"tools\check-product-classification.mjs","tools",".mjs","1990","1.94"
"tools\check-compare-evidence-led-wording.mjs","tools",".mjs","1979","1.93"
"tools\dependency-audit-exceptions.json.20260725-134110.bak","tools",".bak","1910","1.87"
"tools\check-wingman-data-sources.mjs","tools",".mjs","1882","1.84"
"tools\check-visual-design-native-output.mjs","tools",".mjs","1865","1.82"
"tools\check-wingman-performance-guard.mjs","tools",".mjs","1848","1.8"
"tools\check-product-media-index.mjs","tools",".mjs","1832","1.79"
"tools\check-finder-density.mjs.backup-20260710-141324","tools",".backup-20260710-141324","1831","1.79"
"tools\check-matrix-output-model.mjs","tools",".mjs","1796","1.75"
"tools\check-call-cards-focused-workflow.mjs","tools",".mjs","1728","1.69"
"tools\run-trusted-tester-readiness.ps1","tools",".ps1","1655","1.62"
"tools\start-wingman-dev.mjs","tools",".mjs","1654","1.62"
"tools\check-wingman-hard-repair.mjs","tools",".mjs","1558","1.52"
"tools\check-wingman-repair-guard.mjs","tools",".mjs","1539","1.5"
"tools\check-compare-atlona-extender-gate.mjs","tools",".mjs","1480","1.45"
"tools\run-product-pitch-readiness.ps1","tools",".ps1","1358","1.33"
"tools\verify-chain.mjs","tools",".mjs","1321","1.29"
"tools\check-wingman-page-frames.mjs","tools",".mjs","1318","1.29"
"tools\check-call-coach-no-call-cards-loop.mjs","tools",".mjs","1292","1.26"
"tools\wingman-feature-surface-policy.json","tools",".json","1275","1.25"
"tools\repair-dashboard-style-drift.mjs","tools",".mjs","1155","1.13"
"tools\wingman-page-visual-classes-baseline.json","tools",".json","832","0.81"
"tools\stage-trusted-tester-pack.ps1","tools",".ps1","746","0.73"
"tools\wingman-size-budgets.json.20260806-130904.bak","tools",".bak","734","0.72"
"tools\wingman-size-budgets.json","tools",".json","734","0.72"
"tools\wingman-size-budgets.json.20260806-122837.bak","tools",".bak","716","0.7"
"tools\check-wingman-scenario-validation.mjs","tools",".mjs","652","0.64"
"tools\wingman-style-drift-baseline.json","tools",".json","321","0.31"
"tools\wyrestorm-technical-data-coverage-baseline.json","tools",".json","299","0.29"
"tools\setup-git-hooks.mjs","tools",".mjs","295","0.29"
