"Name","Path","UsedByImport","UsedByName","RefCount","State"
"AnalyticsPage.tsx","src\pages\AnalyticsPage.tsx","True","True","1","KeepNow"
"ComparisonPage.tsx","src\pages\ComparisonPage.tsx","True","True","1","KeepNow"
"GuidedProjectWizard.tsx","src\pages\GuidedProjectWizard.tsx","True","True","1","KeepNow"
"LoginPage.tsx","src\pages\LoginPage.tsx","True","True","1","KeepNow"
"ProjectOverviewPage.tsx","src\pages\ProjectOverviewPage.tsx","True","True","2","KeepNow"
"PublicLandingPage.tsx","src\pages\PublicLandingPage.tsx","True","True","2","KeepNow"
"QuickQuestionPage.tsx","src\pages\QuickQuestionPage.tsx","True","True","1","KeepNow"
"SignupPage.tsx","src\pages\SignupPage.tsx","True","True","1","KeepNow"
"TemplateBrowserScreen.tsx","src\pages\TemplateBrowserScreen.tsx","True","True","1","KeepNow"
"VideoGeneratorPage.tsx","src\pages\VideoGeneratorPage.tsx","False","False","1","MoveLater"
"WorkspaceHomePage.tsx","src\pages\WorkspaceHomePage.tsx","True","True","1","KeepNow"
