"SizeMB","FullName","Extension","LastWriteTime"
"1541.48","C:\Users\steve\wingman\src\wingman2\styles\wingman-style-stack.css",".css","07/07/2026 20:39:35"
"693.01","C:\Users\steve\wingman\src\wingman2\styles\wingman-style-stack.css.pre-bloat-clean-20260707-203929.bak",".bak","07/07/2026 20:25:52"
"311.89","C:\Users\steve\wingman\src\wingman2\styles\wingman-style-stack.css.pre-clean-20260707-202548.bak",".bak","07/07/2026 19:52:15"
"140.67","C:\Users\steve\wingman\src\wingman2\styles\wingman-style-stack.css.remove-template-library-band-20260707-195213.bak",".bak","07/07/2026 19:45:42"
"63.76","C:\Users\steve\wingman\src\wingman2\styles\wingman-style-stack.css.templates-click-expand-recovery-20260707-194541.bak",".bak","07/07/2026 19:42:36"
"32.65","C:\Users\steve\wingman\public\product-docs\Presentation and Conferencing\Product Training Brochure\Wireless Conferencing Solution Training.pptx",".pptx","26/06/2026 16:13:50"
"29.21","C:\Users\steve\wingman\src\wingman2\styles\wingman-style-stack.css.templates-click-expand-20260707-194235.bak",".bak","07/07/2026 19:35:05"
"13.83","C:\Users\steve\wingman\data\wingman-canonical-product-store.json",".json","07/07/2026 20:39:44"
"13.68","C:\Users\steve\wingman\src\wingman2\styles\wingman-style-stack.css.templates-micro-cards-20260707-193503.bak",".bak","07/07/2026 19:24:23"
"13.11","C:\Users\steve\wingman\public\product-docs\Presentation and Conferencing\Product Training Brochure\MX-0403-H3-MST Product Training Brochure_V1.0_2025.10.28.pptx",".pptx","26/06/2026 16:13:50"
"10.4","C:\Users\steve\wingman\public\product-intelligence-index.json",".json","07/07/2026 20:39:45"
"8.33","C:\Users\steve\wingman\public\product-docs\Video Processor\Product Training Brochure\Product Brochure--SW-0206-VW_V1.1_2025.3.31.pptx",".pptx","26/06/2026 16:13:50"
"7.79","C:\Users\steve\wingman\public\product-docs\Presentation and Conferencing\Product Training Brochure\SW-640L-TX-W Product Training Brochure V1.0_2024.11.25.pptx",".pptx","26/06/2026 16:13:50"
"7.42","C:\Users\steve\wingman\public\product-docs\NetworkHD AV over IP\Competitor Analysis\Wyrestorm AVoIP HDMI2.0 specs Comparison v4.0_250625.xlsx",".xlsx","26/06/2026 16:13:50"
"6.71","C:\Users\steve\wingman\src\wingman2\styles\wingman-style-stack.css.templates-compact-hover-20260707-192422.bak",".bak","07/07/2026 19:23:21"
"6.19","C:\Users\steve\wingman\public\product-docs\NetworkHD AV over IP\NHD 100s\Product Training Brochure\NHD-128-NDI-TRX Product Training Brochure_V1.0_2025.9.9.pptx",".pptx","26/06/2026 16:13:50"
"5.87","C:\Users\steve\wingman\public\product-docs\Matrix Solution\Product Training Brochure\Product Brochure -MX-0812-SCL V1.0_2025.3.13.pptx",".pptx","26/06/2026 16:13:50"
"4.97","C:\Users\steve\wingman\public\product-docs\Audio\Product Training Brochure\HALO 80 Product Training Brochure_V1.0_2025.9.25.pptx",".pptx","26/06/2026 16:13:50"
"4.96","C:\Users\steve\wingman\public\product-docs\Unified Communication\Product Training Brochure\APO-VX20-UC v2 Product Training Brochure_V1.0_2026.4.pptx",".pptx","26/06/2026 16:13:50"
"4.82","C:\Users\steve\wingman\public\product-docs\Control System\Product Training Brochure\SYN-CTL-HUB Product Training Brochure_V1.0_2025.3.5.pptx",".pptx","26/06/2026 16:13:50"
"4.53","C:\Users\steve\wingman\public\product-docs\NetworkHD AV over IP\NHD 500s\One Pager\NHD-500.pdf",".pdf","26/06/2026 16:13:50"
"4.26","C:\Users\steve\wingman\public\product-docs\NetworkHD AV over IP\NHD 600s\Product Training Brochure\NHD-600-E Product Training Brochure_V1.0_2026.4.pptx",".pptx","26/06/2026 16:13:50"
"4.25","C:\Users\steve\wingman\public\product-docs\Presentation and Conferencing\Product Training Brochure\SW-620-TX-W Product Training Brochure V1.0_2025.12.pptx",".pptx","26/06/2026 16:13:50"
"4.05","C:\Users\steve\wingman\public\product-docs\USB Extender\Product Training Brochure\NHD-USB-TRX Product Training Brochure V1.0 2024.12.13.pptx",".pptx","26/06/2026 16:13:50"
"4.05","C:\Users\steve\wingman\public\product-docs\Presentation and Conferencing\Product Training Brochure\CAM-0402-NDI-BRG PPT.pptx",".pptx","26/06/2026 16:13:50"
"3.76","C:\Users\steve\wingman\public\product-docs\Presentation and Conferencing\Product Training Brochure\CAM-0402-BRG Product Training Brochure_V1.0_2025.8.8.pptx",".pptx","26/06/2026 16:13:50"
"3.58","C:\Users\steve\wingman\src\wingman2\styles\wingman-style-stack.css.templates-compact-hover-20260707-192321.bak",".bak","07/07/2026 19:04:08"
"3.36","C:\Users\steve\wingman\public\product-docs\Audio\Product Training Brochure\Product Brochure -COM-MIC-HUB_V1.1_2025.3.31.pptx",".pptx","26/06/2026 16:13:50"
"3.33","C:\Users\steve\wingman\public\product-docs\Video Processor\Product Training Brochure\Product Brochure--SW-0206-VW_V1.1_2025.3.31.pdf",".pdf","26/06/2026 16:13:50"
"3.23","C:\Users\steve\wingman\public\product-docs\Matrix Solution\One Pager\MX-0812-SCL.pdf",".pdf","26/06/2026 16:13:50"
"2.95","C:\Users\steve\wingman\public\product-docs\NetworkHD AV over IP\NHD 100s\Product Training Brochure\NHD-128-NDI-TRX PPT.pptx",".pptx","26/06/2026 16:13:50"
"2.93","C:\Users\steve\wingman\public\product-docs\Presentation and Conferencing\Product Training Brochure\CAM-420-PTZ Product Traning Brochure_V1.0_2025.12.pptx",".pptx","26/06/2026 16:13:50"
"2.42","C:\Users\steve\wingman\public\product-docs\Presentation and Conferencing\One Pager\CAM-0402-NDI-BRG & CAM-0402-BRG.pdf",".pdf","26/06/2026 16:13:50"
"2.16","C:\Users\steve\wingman\src\wingman2\styles\wingman-style-stack.css.templates-compact-hover-20260707-190408.bak",".bak","07/07/2026 19:01:15"
"2","C:\Users\steve\wingman\public\product-docs\Presentation and Conferencing\One Pager\SW-640L-TX-W with DG2.pdf",".pdf","26/06/2026 16:13:50"
"1.77","C:\Users\steve\wingman\public\product-docs\Matrix Solution\Product Training Brochure\Product Brochure -MX-0812-SCL V1.0_2025.3.13.pdf",".pdf","26/06/2026 16:13:50"
"1.59","C:\Users\steve\wingman\public\product-docs\Unified Communication\Product Training Brochure\APO-VX20-UC v2 Product Training Brochure_V1.0_2026.4.pdf",".pdf","26/06/2026 16:13:50"
"1.55","C:\Users\steve\wingman\public\product-docs\Presentation and Conferencing\Product Training Brochure\MX-0403-H3-MST Product Training Brochure_V1.0_2025.10.28.pdf",".pdf","26/06/2026 16:13:50"
"1.53","C:\Users\steve\wingman\src\wingman2\styles\wingman-style-stack.css.templates-space-use-20260707-190115.bak",".bak","07/07/2026 18:57:26"
"1.49","C:\Users\steve\wingman\public\product-docs\USB Extender\Product Training Brochure\NHD-USB-TRX Product Training Brochure V1.0 2024.12.13.pdf",".pdf","26/06/2026 16:13:50"
"1.43","C:\Users\steve\wingman\public\product-docs\Presentation and Conferencing\One Pager\CAM-420-PTZ.pdf",".pdf","26/06/2026 16:13:50"
"1.34","C:\Users\steve\wingman\public\product-docs\Control System\Product Training Brochure\SYN-CTL-HUB Product Training Brochure_V1.0_2025.3.5.pdf",".pdf","26/06/2026 16:13:50"
"1.24","C:\Users\steve\wingman\src\wingman2\styles\wingman-style-stack.css.dashboard-no-scroll-crop-20260707-185726.bak",".bak","07/07/2026 18:57:00"
"1.19","C:\Users\steve\wingman\public\product-docs\NetworkHD AV over IP\NHD 600s\Product Training Brochure\NHD-600-E Product Training Brochure_V1.0_2026.4.pdf",".pdf","26/06/2026 16:13:50"
"1.18","C:\Users\steve\wingman\public\product-docs\Presentation and Conferencing\Product Training Brochure\SW-620-TX-W Product Training Brochure V1.0_2025.12.pdf",".pdf","26/06/2026 16:13:50"
"1.18","C:\Users\steve\wingman\public\product-docs\NetworkHD AV over IP\NHD 100s\Product Training Brochure\NHD-128-NDI-TRX Product Training Brochure_V1.0_2025.9.9.pdf",".pdf","26/06/2026 16:13:50"
"1.11","C:\Users\steve\wingman\src\wingman2\styles\wingman-style-stack.css.dashboard-no-scroll-crop-20260707-185700.bak",".bak","07/07/2026 18:54:27"
"1.08","C:\Users\steve\wingman\src\wingman2\styles\wingman-style-stack.css.bak-compare-no-stretch-20260610-205544",".bak-compare-no-stretch-20260610-205544","10/06/2026 20:53:38"
"1.08","C:\Users\steve\wingman\src\wingman2\styles\wingman-style-stack.css.bak-compare-right-rail-compact-20260610-205812",".bak-compare-right-rail-compact-20260610-205812","10/06/2026 20:55:45"
"1.08","C:\Users\steve\wingman\src\wingman2\styles\wingman-style-stack.css.bak-functional-compare-20260610-210328",".bak-functional-compare-20260610-210328","10/06/2026 20:58:12"
"1.07","C:\Users\steve\wingman\src\wingman2\styles\wingman-style-stack.css.bak-sales-helper-route-fit-20260610-203713",".bak-sales-helper-route-fit-20260610-203713","10/06/2026 20:35:14"
"1.07","C:\Users\steve\wingman\src\wingman2\styles\wingman-style-stack.css.bak-sales-helper-pages-20260610-204722",".bak-sales-helper-pages-20260610-204722","10/06/2026 20:42:48"
"1.07","C:\Users\steve\wingman\src\wingman2\styles\wingman-style-stack.css.bak-sales-helper-readable-fit-20260610-204247",".bak-sales-helper-readable-fit-20260610-204247","10/06/2026 20:41:12"
"1.07","C:\Users\steve\wingman\src\wingman2\styles\wingman-style-stack.css.bak-compare-density-20260610-205338",".bak-compare-density-20260610-205338","10/06/2026 20:51:06"
"1.07","C:\Users\steve\wingman\src\wingman2\styles\wingman-style-stack.css.bak-sales-helper-card-shape-fonts-20260610-205106",".bak-sales-helper-card-shape-fonts-20260610-205106","10/06/2026 20:47:24"
"1.07","C:\Users\steve\wingman\src\wingman2\styles\wingman-style-stack.css.bak-sales-helper-final-compact-20260610-204112",".bak-sales-helper-final-compact-20260610-204112","10/06/2026 20:39:06"
"1.07","C:\Users\steve\wingman\src\wingman2\styles\wingman-style-stack.css.bak-sales-helper-fit-viewport-20260610-203514",".bak-sales-helper-fit-viewport-20260610-203514","10/06/2026 20:32:25"
"1.07","C:\Users\steve\wingman\src\wingman2\styles\wingman-style-stack.css.bak-sales-helper-safe-scope-20260610-203906",".bak-sales-helper-safe-scope-20260610-203906","10/06/2026 20:37:13"
"1.06","C:\Users\steve\wingman\src\wingman2\styles\wingman-style-stack.css.bak-sales-helper-compact-20260610-203224",".bak-sales-helper-compact-20260610-203224","10/06/2026 15:03:20"
"1.06","C:\Users\steve\wingman\src\wingman2\styles\wingman-style-stack.css.final-dashboard-bottom-crop-20260707-185426.bak",".bak","07/07/2026 18:51:08"
"1.03","C:\Users\steve\wingman\src\wingman2\styles\wingman-style-stack.css.dashboard-route-crop-20260707-185107.bak",".bak","07/07/2026 18:46:55"
"1.02","C:\Users\steve\wingman\src\wingman2\styles\wingman-style-stack.css.dashboard-scale-15-20260707-184655.bak",".bak","07/07/2026 18:44:34"
"1.02","C:\Users\steve\wingman\src\wingman2\styles\wingman-style-stack.css.blank-space-fix-20260707-184203.bak",".bak","07/07/2026 18:41:26"
"1.01","C:\Users\steve\wingman\src\wingman2\styles\wingman-style-stack.css.blank-space-fix-20260707-184434.bak",".bak","07/07/2026 18:42:14"
"1.01","C:\Users\steve\wingman\public\product-docs\Audio\Product Training Brochure\Product Brochure -COM-MIC-HUB_V1.1_2025.3.31.pdf",".pdf","26/06/2026 16:13:50"
"1.01","C:\Users\steve\wingman\src\wingman2\styles\wingman-style-stack.css.compact-second-pass-20260707-184030.bak",".bak","07/07/2026 18:37:52"
"1.01","C:\Users\steve\wingman\src\wingman2\styles\wingman-style-stack.css.backup-status-contrast-20260707-065600",".backup-status-contrast-20260707-065600","07/07/2026 06:56:00"
"1.01","C:\Users\steve\wingman\src\wingman2\styles\wingman-style-stack.css.blank-space-fix-20260707-184214.bak",".bak","07/07/2026 18:42:04"
"1.01","C:\Users\steve\wingman\src\wingman2\styles\wingman-style-stack.css.templates-hard-compact-20260707-184126.bak",".bak","07/07/2026 18:40:30"
"1","C:\Users\steve\wingman\src\wingman2\styles\wingman-style-stack.css.compact-header-sweep-20260707-183751.bak",".bak","07/07/2026 18:35:44"
"1","C:\Users\steve\wingman\public\product-docs\Presentation and Conferencing\Product Training Brochure\CAM-420-PTZ Product Traning Brochure_V1.0_2025.12.pdf",".pdf","26/06/2026 16:13:50"
"0.99","C:\Users\steve\wingman\src\wingman2\styles\wingman-style-stack.css.compact-page-header-backup-20260707-183543.bak",".bak","07/07/2026 18:31:40"
"0.98","C:\Users\steve\wingman\public\product-call-card-products.json",".json","05/07/2026 10:30:12"
"0.98","C:\Users\steve\wingman\public\product-docs\Presentation and Conferencing\Product Training Brochure\CAM-0402-BRG Product Training Brochure_V1.0_2025.8.8.pdf",".pdf","26/06/2026 16:13:50"
"0.97","C:\Users\steve\wingman\src\wingman2\styles\wingman-style-stack.css.bak-remove-alpha-css-hacks-20260628-045857",".bak-remove-alpha-css-hacks-20260628-045857","27/06/2026 20:17:57"
"0.97","C:\Users\steve\wingman\src\wingman2\styles\wingman-style-stack.css.bak-real-compact-template-jsx-20260627-182649",".bak-real-compact-template-jsx-20260627-182649","27/06/2026 18:02:56"
"0.97","C:\Users\steve\wingman\src\wingman2\styles\wingman-style-stack.css.bak-template-picker-cleanup-20260627-200806",".bak-template-picker-cleanup-20260627-200806","27/06/2026 19:42:46"
"0.97","C:\Users\steve\wingman\src\wingman2\styles\wingman-style-stack.css.bak-alpha-css-clean-20260628-050052",".bak-alpha-css-clean-20260628-050052","28/06/2026 04:58:57"
"0.97","C:\Users\steve\wingman\src\wingman2\styles\wingman-style-stack.css.bak-discovery-25pc-compact-20260627-201757",".bak-discovery-25pc-compact-20260627-201757","27/06/2026 20:08:06"
"0.97","C:\Users\steve\wingman\src\wingman2\styles\wingman-style-stack.css.bak-before-real-compact-20260627-181521",".bak-before-real-compact-20260627-181521","27/06/2026 18:02:56"
"0.97","C:\Users\steve\wingman\src\wingman2\styles\wingman-style-stack.css.bak-prune-alpha-readout-20260627-194017",".bak-prune-alpha-readout-20260627-194017","27/06/2026 19:36:51"
"0.97","C:\Users\steve\wingman\src\wingman2\styles\wingman-style-stack.css.bak-hide-alpha-stray-text-20260627-194246",".bak-hide-alpha-stray-text-20260627-194246","27/06/2026 19:40:17"
"0.96","C:\Users\steve\wingman\src\wingman2\styles\wingman-style-stack.css.bak-compact-template-cards-20260627-180256",".bak-compact-template-cards-20260627-180256","27/06/2026 14:41:51"
"0.96","C:\Users\steve\wingman\src\wingman2\styles\wingman-style-stack.css.bak-collapse-product-call-card-gap-20260627-193650",".bak-collapse-product-call-card-gap-20260627-193650","27/06/2026 19:15:39"
"0.96","C:\Users\steve\wingman\src\wingman2\styles\wingman-style-stack.css.bak-consolidate-live-call-cards-20260627-142107",".bak-consolidate-live-call-cards-20260627-142107","27/06/2026 13:49:46"
"0.96","C:\Users\steve\wingman\src\wingman2\styles\wingman-style-stack.css.bak-repair-current-diff-20260627-191539",".bak-repair-current-diff-20260627-191539","27/06/2026 19:12:07"
"0.96","C:\Users\steve\wingman\src\wingman2\styles\wingman-style-stack.css.bak-disable-alpha-readout-dom-20260627-191207",".bak-disable-alpha-readout-dom-20260627-191207","27/06/2026 19:10:19"
"0.96","C:\Users\steve\wingman\src\wingman2\styles\wingman-style-stack.css.bak-disable-alpha-readout-dom-20260627-191018",".bak-disable-alpha-readout-dom-20260627-191018","27/06/2026 18:26:50"
"0.95","C:\Users\steve\wingman\src\wingman2\styles\wingman-style-stack.css.bak-style-drift-sweep-20260627-111512",".bak-style-drift-sweep-20260627-111512","27/06/2026 11:08:08"
"0.94","C:\Users\steve\wingman\src\wingman2\styles\wingman-style-stack.css.bak-template-decision-flow-20260627-110027",".bak-template-decision-flow-20260627-110027","27/06/2026 10:53:38"
"0.94","C:\Users\steve\wingman\src\wingman2\styles\wingman-style-stack.css.bak-compare-manufacturer-auto-advance-20260627-110806",".bak-compare-manufacturer-auto-advance-20260627-110806","27/06/2026 11:05:44"
"0.94","C:\Users\steve\wingman\src\wingman2\styles\wingman-style-stack.css.bak-compare-manufacturer-assist-20260627-110542",".bak-compare-manufacturer-assist-20260627-110542","27/06/2026 11:00:27"
"0.93","C:\Users\steve\wingman\src\wingman2\styles\wingman-style-stack.css.bak-staged-action-container-glow-20260627-095437",".bak-staged-action-container-glow-20260627-095437","27/06/2026 09:50:09"
"0.93","C:\Users\steve\wingman\src\wingman2\styles\wingman-style-stack.css.bak-staged-whole-card-glow-20260627-105108",".bak-staged-whole-card-glow-20260627-105108","27/06/2026 09:54:37"
"0.93","C:\Users\steve\wingman\src\wingman2\styles\wingman-style-stack.css.bak-template-staged-button-state-20260627-105338",".bak-template-staged-button-state-20260627-105338","27/06/2026 10:51:08"
"0.93","C:\Users\steve\wingman\src\wingman2\styles\wingman-style-stack.css.bak-template-stage-highlight-20260627-095008",".bak-template-stage-highlight-20260627-095008","27/06/2026 09:44:23"
"0.93","C:\Users\steve\wingman\src\wingman2\styles\wingman-style-stack.css.bak-template-proposal-handoff-20260627-094536",".bak-template-proposal-handoff-20260627-094536","27/06/2026 09:44:23"
"0.92","C:\Users\steve\wingman\src\wingman2\styles\wingman-style-stack.css.bak-template-proposal-handoff-20260627-094422",".bak-template-proposal-handoff-20260627-094422","27/06/2026 09:18:25"
"0.92","C:\Users\steve\wingman\src\wingman2\styles\wingman-style-stack.css.bak-template-solution-builder-20260627-085516",".bak-template-solution-builder-20260627-085516","27/06/2026 07:56:25"
"0.92","C:\Users\steve\wingman\src\wingman2\styles\wingman-style-stack.css.bak-remove-discovery-flow-and-unanswered-20260627-090110",".bak-remove-discovery-flow-and-unanswered-20260627-090110","27/06/2026 08:55:18"
"0.92","C:\Users\steve\wingman\src\wingman2\styles\wingman-style-stack.css.bak-template-seed-repair-20260627-075833",".bak-template-seed-repair-20260627-075833","27/06/2026 07:56:25"
"0.92","C:\Users\steve\wingman\src\wingman2\styles\wingman-style-stack.css.bak-client-safe-complete-template-builder-20260627-091822",".bak-client-safe-complete-template-builder-20260627-091822","27/06/2026 09:04:38"
"0.92","C:\Users\steve\wingman\src\wingman2\styles\wingman-style-stack.css.bak-hide-legacy-discovery-20260627-090437",".bak-hide-legacy-discovery-20260627-090437","27/06/2026 09:01:12"
"0.91","C:\Users\steve\wingman\src\wingman2\styles\wingman-style-stack.css.bak-template-style-refresh-20260627-071725",".bak-template-style-refresh-20260627-071725","27/06/2026 07:09:49"
"0.91","C:\Users\steve\wingman\src\wingman2\styles\wingman-style-stack.css.bak-template-library-padding-20260627-072535",".bak-template-library-padding-20260627-072535","27/06/2026 07:09:49"
"0.91","C:\Users\steve\wingman\src\wingman2\styles\wingman-style-stack.css.bak-template-library-refresh-20260627-071138",".bak-template-library-refresh-20260627-071138","27/06/2026 07:09:49"
"0.91","C:\Users\steve\wingman\src\wingman2\styles\wingman-style-stack.css.bak-template-discovery-seed-20260627-075622",".bak-template-discovery-seed-20260627-075622","27/06/2026 07:25:36"
"0.9","C:\Users\steve\wingman\src\wingman2\styles\wingman-style-stack.css.bak-project-heading-scroll-20260627-054828",".bak-project-heading-scroll-20260627-054828","27/06/2026 05:44:29"
"0.9","C:\Users\steve\wingman\src\wingman2\styles\wingman-style-stack.css.bak-template-library-refresh-20260627-070946",".bak-template-library-refresh-20260627-070946","27/06/2026 06:28:01"
"0.9","C:\Users\steve\wingman\src\wingman2\styles\wingman-style-stack.css.bak-hide-project-details-marker-20260627-055225",".bak-hide-project-details-marker-20260627-055225","27/06/2026 05:48:28"
"0.9","C:\Users\steve\wingman\src\wingman2\styles\wingman-style-stack.css.bak-project-header-arrows-20260627-054429",".bak-project-header-arrows-20260627-054429","27/06/2026 05:22:04"
"0.9","C:\Users\steve\wingman\src\wingman2\styles\wingman-style-stack.css.bak-project-header-arrows-20260627-054533",".bak-project-header-arrows-20260627-054533","27/06/2026 05:44:29"
"0.9","C:\Users\steve\wingman\src\wingman2\styles\wingman-style-stack.css.bak-project-section-header-padding-20260627-055934",".bak-project-section-header-padding-20260627-055934","27/06/2026 05:52:25"
"0.9","C:\Users\steve\wingman\src\wingman2\styles\wingman-style-stack.css.bak-remove-navhub-submodes-20260627-062801",".bak-remove-navhub-submodes-20260627-062801","27/06/2026 06:24:57"
"0.9","C:\Users\steve\wingman\src\wingman2\styles\wingman-style-stack.css.bak-remove-info-pills-20260627-062457",".bak-remove-info-pills-20260627-062457","27/06/2026 05:59:34"
"0.89","C:\Users\steve\wingman\src\wingman2\styles\wingman-style-stack.css.bak-finder-stepper-state-20260622-202224",".bak-finder-stepper-state-20260622-202224","22/06/2026 20:15:59"
"0.89","C:\Users\steve\wingman\public\product-docs\Presentation and Conferencing\Product Training Brochure\SW-640L-TX-W Product Training Brochure V1.0_2024.11.25.pdf",".pdf","26/06/2026 16:13:50"
"0.88","C:\Users\steve\wingman\src\wingman2\styles\wingman-style-stack.css.bak-guru-single-column-20260622-194236",".bak-guru-single-column-20260622-194236","22/06/2026 19:40:55"
"0.88","C:\Users\steve\wingman\src\wingman2\styles\wingman-style-stack.css.bak-finder-select-contrast-20260622-201559",".bak-finder-select-contrast-20260622-201559","22/06/2026 20:10:12"
"0.88","C:\Users\steve\wingman\src\wingman2\styles\wingman-style-stack.css.bak-guru-message-contrast-20260622-201011",".bak-guru-message-contrast-20260622-201011","22/06/2026 19:42:36"
"0.88","C:\Users\steve\wingman\src\wingman2\styles\wingman-style-stack.css.bak-guru-single-column-20260622-194055",".bak-guru-single-column-20260622-194055","22/06/2026 18:51:38"
"0.87","C:\Users\steve\wingman\src\wingman2\styles\wingman-style-stack.css.bak-guru-final-restore-20260622-151819",".bak-guru-final-restore-20260622-151819","22/06/2026 15:08:50"
"0.87","C:\Users\steve\wingman\src\wingman2\styles\wingman-style-stack.css.bak-guru-final-tidy-20260622-161420",".bak-guru-final-tidy-20260622-161420","22/06/2026 16:11:22"
"0.87","C:\Users\steve\wingman\src\wingman2\styles\wingman-style-stack.css.bak-20260622-141130",".bak-20260622-141130","22/06/2026 08:03:32"
"0.87","C:\Users\steve\wingman\src\wingman2\styles\wingman-style-stack.css.bak-guru-compact-20260622-162317",".bak-guru-compact-20260622-162317","22/06/2026 16:14:21"
"0.87","C:\Users\steve\wingman\src\wingman2\styles\wingman-style-stack.css.bak-encoding-repair-20260622-142147",".bak-encoding-repair-20260622-142147","22/06/2026 14:19:17"
"0.87","C:\Users\steve\wingman\src\wingman2\styles\wingman-style-stack.css.bak-css-encoding-final-20260622-162558",".bak-css-encoding-final-20260622-162558","22/06/2026 16:23:17"
"0.87","C:\Users\steve\wingman\src\wingman2\styles\wingman-style-stack.css.bak-final-pill-diff-tidy-20260622-142555",".bak-final-pill-diff-tidy-20260622-142555","22/06/2026 14:24:45"
"0.87","C:\Users\steve\wingman\src\wingman2\styles\wingman-style-stack.css.bak-guru-clean-final-20260622-161818",".bak-guru-clean-final-20260622-161818","22/06/2026 16:14:21"
"0.87","C:\Users\steve\wingman\src\wingman2\styles\wingman-style-stack.css.bak-guru-clean-final-20260622-161750",".bak-guru-clean-final-20260622-161750","22/06/2026 16:14:21"
"0.87","C:\Users\steve\wingman\src\wingman2\styles\wingman-style-stack.css.bak-remove-unrelated-compare-css-20260622-142445",".bak-remove-unrelated-compare-css-20260622-142445","22/06/2026 14:21:47"
"0.87","C:\Users\steve\wingman\src\wingman2\styles\wingman-style-stack.css.bak-pill-cleanup-20260622-141917",".bak-pill-cleanup-20260622-141917","22/06/2026 14:11:30"
"0.87","C:\Users\steve\wingman\src\wingman2\styles\wingman-style-stack.css.bak-guru-portal-20260622-161122",".bak-guru-portal-20260622-161122","22/06/2026 15:18:19"
"0.87","C:\Users\steve\wingman\src\wingman2\styles\wingman-style-stack.css.bak-guru-visibility-fix-20260622-150850",".bak-guru-visibility-fix-20260622-150850","22/06/2026 14:25:55"
"0.85","C:\Users\steve\wingman\src\wingman2\styles\wingman-style-stack.css.bak-compare-dropdown-dark-20260610-150320",".bak-compare-dropdown-dark-20260610-150320","10/06/2026 14:58:07"
"0.81","C:\Users\steve\wingman\public\product-docs\Audio\Product Training Brochure\HALO 80 Product Training Brochure_V1.0_2025.9.25.pdf",".pdf","26/06/2026 16:13:50"
"0.76","C:\Users\steve\wingman\src\wingman2\styles\wingman-style-stack.css.bak-compare-scroll-20260610-145807",".bak-compare-scroll-20260610-145807","10/06/2026 13:17:36"
"0.68","C:\Users\steve\wingman\src\wingman2\styles\wingman-style-stack.css.bak-product-discussion-fill-inner-space-20260612-122549",".bak-product-discussion-fill-inner-space-20260612-122549","12/06/2026 12:22:00"
"0.67","C:\Users\steve\wingman\src\wingman2\styles\wingman-style-stack.css.bak-product-discussion-object-scale-20260612-121937",".bak-product-discussion-object-scale-20260612-121937","12/06/2026 12:17:43"
"0.67","C:\Users\steve\wingman\src\wingman2\styles\wingman-style-stack.css.bak-product-discussion-object-scale-20260612-122200",".bak-product-discussion-object-scale-20260612-122200","12/06/2026 12:17:43"
"0.67","C:\Users\steve\wingman\src\wingman2\styles\wingman-style-stack.css.bak-product-discussion-object-scale-20260612-121925",".bak-product-discussion-object-scale-20260612-121925","12/06/2026 12:17:43"
"0.67","C:\Users\steve\wingman\src\wingman2\styles\wingman-style-stack.css.bak-product-call-card-layout-20260612-121431",".bak-product-call-card-layout-20260612-121431","12/06/2026 06:13:57"
"0.67","C:\Users\steve\wingman\src\wingman2\styles\wingman-style-stack.css.bak-product-call-card-fill-viewport-20260612-121742",".bak-product-call-card-fill-viewport-20260612-121742","12/06/2026 12:14:31"
"0.64","C:\Users\steve\wingman\public\product-call-card-practical-copy-audit.json",".json","05/07/2026 10:30:12"
"0.63","C:\Users\steve\wingman\src\wingman2\pages\pages.zip",".zip","15/06/2026 11:42:55"
"0.61","C:\Users\steve\wingman\public\product-media-index.json",".json","05/07/2026 10:30:12"
"0.56","C:\Users\steve\wingman\data\catalog\competitor-products.generated.json",".json","07/07/2026 20:39:44"
"0.51","C:\Users\steve\wingman\public\wingman-guru-icon.png",".png","26/04/2026 11:57:07"
"0.51","C:\Users\steve\wingman\src\assets\branding\guru-bot.png",".png","26/04/2026 11:57:07"
"0.51","C:\Users\steve\wingman\public\guru.png",".png","26/04/2026 11:57:07"
"0.5","C:\Users\steve\wingman\src\wingman2\pages\DiscoveryPage.tsx.bak-final-mojibake-clean-20260627-190641",".bak-final-mojibake-clean-20260627-190641","27/06/2026 19:05:49"
"0.4","C:\Users\steve\wingman\src\wingman2\data\productStories.ts",".ts","07/07/2026 07:57:10"
"0.38","C:\Users\steve\wingman\public\product-docs\Presentation and Conferencing\Competitor Analysis\SW-640L-TX-W Marketing FAQ 20240403.pdf",".pdf","26/06/2026 16:13:50"
"0.36","C:\Users\steve\wingman\src\wingman2\data\productStories.ts.pre-lifecycle-story-cleanup.20260628-115445.bak",".bak","27/06/2026 13:43:30"
"0.28","C:\Users\steve\wingman\src\assets\branding\wingman-brand-logo.png",".png","25/04/2026 09:14:50"
"0.28","C:\Users\steve\wingman\public\product-docs\Presentation and Conferencing\Product Training Brochure\SW-640L-TX-W_Sales_Training.pptx",".pptx","26/06/2026 16:13:50"
"0.26","C:\Users\steve\wingman\src\wingman2\pages\DiscoveryPage.tsx.bak-line-clean-discovery-mojibake-20260627-190549",".bak-line-clean-discovery-mojibake-20260627-190549","27/06/2026 19:04:48"
"0.25","C:\Users\steve\wingman\data\wingman-source-pdf-intelligence.json",".json","05/07/2026 09:53:01"
"0.23","C:\Users\steve\wingman\public\brand\techsubbies-icon.png",".png","08/06/2026 16:53:45"
"0.23","C:\Users\steve\wingman\public\brand\techsubbies-logo.png",".png","08/06/2026 16:53:45"
"0.22","C:\Users\steve\wingman\src\wingman2\pages\ComparePageNew.advanced.tsx",".tsx","07/07/2026 16:54:27"
"0.2","C:\Users\steve\wingman\public\template-photos\photo-stadium.jpg",".jpg","22/05/2026 09:12:08"
"0.2","C:\Users\steve\wingman\public\template-photos\photo-casino.jpg",".jpg","22/05/2026 09:12:08"
"0.2","C:\Users\steve\wingman\data\product-intelligence-db.json",".json","05/07/2026 10:30:12"
"0.2","C:\Users\steve\wingman\public\template-photos\photo-stadium-signage.jpg",".jpg","22/05/2026 09:12:08"
"0.19","C:\Users\steve\wingman\src\wingman2\pages\DiscoveryPage.tsx.bak-fix-discovery-mojibake-20260627-190448",".bak-fix-discovery-mojibake-20260627-190448","27/06/2026 19:01:48"
"0.18","C:\Users\steve\wingman\public\template-photos\photo-led-wall.jpg",".jpg","22/05/2026 09:12:08"
"0.17","C:\Users\steve\wingman\public\product-call-card-targeted-questions-audit.json",".json","05/07/2026 10:30:12"
"0.15","C:\Users\steve\wingman\data\catalog\competitor-catalog.phase4.json",".json","05/07/2026 10:30:12"
"0.15","C:\Users\steve\wingman\public\template-visuals\photos\room-sports.jpg",".jpg","22/05/2026 09:12:08"
"0.15","C:\Users\steve\wingman\src\wingman2\pages\FinderPage.tsx",".tsx","07/07/2026 05:36:34"
"0.15","C:\Users\steve\wingman\public\template-photos\photo-situation-room.jpg",".jpg","22/05/2026 09:12:08"
"0.14","C:\Users\steve\wingman\public\template-photos\photo-bingo.jpg",".jpg","22/05/2026 09:12:08"
"0.13","C:\Users\steve\wingman\src\wingman2\data\productPositioningCards.ts",".ts","06/07/2026 22:24:13"
"0.12","C:\Users\steve\wingman\src\wingman2\pages\DiscoveryPage.tsx.bak-reset-visible-first-step-20260627-190148",".bak-reset-visible-first-step-20260627-190148","27/06/2026 18:59:51"
"0.12","C:\Users\steve\wingman\public\template-photos\photo-huddle-room.jpg",".jpg","22/05/2026 09:12:08"
"0.12","C:\Users\steve\wingman\public\template-visuals\photos\vertical-government.jpg",".jpg","22/05/2026 09:12:08"
"0.12","C:\Users\steve\wingman\public\template-visuals\photos\room-council.jpg",".jpg","22/05/2026 09:12:08"
"0.12","C:\Users\steve\wingman\public\template-photos\photo-flexible-learning.jpg",".jpg","22/05/2026 09:12:08"
"0.11","C:\Users\steve\wingman\public\template-visuals\photos\vertical-retail.jpg",".jpg","22/05/2026 09:12:08"
"0.11","C:\Users\steve\wingman\public\template-visuals\photos\room-signage.jpg",".jpg","22/05/2026 09:12:08"
"0.1","C:\Users\steve\wingman\public\template-photos\photo-multicamera-meeting.jpg",".jpg","22/05/2026 09:12:08"
"0.1","C:\Users\steve\wingman\public\template-photos\photo-sportsbar.jpg",".jpg","22/05/2026 09:12:08"
"0.1","C:\Users\steve\wingman\public\template-visuals\room-lecture.jpg",".jpg","22/05/2026 09:12:08"
"0.1","C:\Users\steve\wingman\public\product-docs\Matrix Solution\Competitor Analysis\WyreStorm MX-1007-HYB & MX-0804-EDC.pptx",".pptx","26/06/2026 16:13:50"
"0.1","C:\Users\steve\wingman\public\template-photos\photo-pub-matrix.jpg",".jpg","22/05/2026 09:12:08"
"0.1","C:\Users\steve\wingman\data\wingman-data-maintenance-queue.json",".json","07/07/2026 20:39:44"
"0.1","C:\Users\steve\wingman\public\product-docs\NetworkHD AV over IP\NHD 500s\Competitor Analysis\WyreStorm NHD-510.pptx",".pptx","26/06/2026 16:13:50"
"0.09","C:\Users\steve\wingman\public\template-photos\photo-control-room.jpg",".jpg","22/05/2026 09:12:08"
"0.09","C:\Users\steve\wingman\public\template-visuals\photos\room-flexible-av.jpg",".jpg","22/05/2026 09:12:08"
"0.09","C:\Users\steve\wingman\src\wingman2\lib\roomTemplates.ts",".ts","06/07/2026 22:24:13"
"0.09","C:\Users\steve\wingman\public\template-visuals\photos\room-feature-wall.jpg",".jpg","22/05/2026 09:12:08"
"0.09","C:\Users\steve\wingman\public\template-visuals\photos\all-markets.jpg",".jpg","22/05/2026 09:12:08"
"0.09","C:\Users\steve\wingman\public\template-photos\photo-hybrid-teaching.jpg",".jpg","22/05/2026 09:12:08"
"0.09","C:\Users\steve\wingman\public\template-photos\photo-security-command.jpg",".jpg","22/05/2026 09:12:08"
"0.09","C:\Users\steve\wingman\public\template-photos\photo-school-hall-projector.jpg",".jpg","22/05/2026 09:12:08"
"0.09","C:\Users\steve\wingman\public\template-visuals\room-feature-wall.jpg",".jpg","22/05/2026 09:12:08"
"0.09","C:\Users\steve\wingman\public\template-visuals\room-control.jpg",".jpg","22/05/2026 09:12:08"
"0.09","C:\Users\steve\wingman\src\wingman2\pages\ProductCallCardsPage.tsx",".tsx","07/07/2026 05:36:34"
"0.09","C:\Users\steve\wingman\public\template-photos\photo-classroom.jpg",".jpg","22/05/2026 09:12:08"
"0.09","C:\Users\steve\wingman\public\product-call-card-products.official-audit.json",".json","05/07/2026 10:30:12"
"0.09","C:\Users\steve\wingman\public\template-visuals\photos\room-lecture.jpg",".jpg","22/05/2026 09:12:08"
"0.08","C:\Users\steve\wingman\src\wingman2\pages\DiscoveryPage.tsx.bak-discovery-reset-blank-20260627-185703",".bak-discovery-reset-blank-20260627-185703","27/06/2026 18:55:49"
"0.08","C:\Users\steve\wingman\public\template-visuals\photos\room-boardroom.jpg",".jpg","22/05/2026 09:12:08"
"0.08","C:\Users\steve\wingman\public\template-visuals\photos\vertical-corporate.jpg",".jpg","22/05/2026 09:12:08"
"0.08","C:\Users\steve\wingman\public\template-visuals\vertical-retail.jpg",".jpg","22/05/2026 09:12:08"
"0.08","C:\Users\steve\wingman\public\wingman-logo.png",".png","28/05/2026 05:53:17"
"0.08","C:\Users\steve\wingman\public\template-visuals\photos\vertical-education.jpg",".jpg","22/05/2026 09:12:08"
"0.08","C:\Users\steve\wingman\public\template-visuals\room-sports.jpg",".jpg","22/05/2026 09:12:08"
"0.08","C:\Users\steve\wingman\public\template-visuals\room-simulation.jpg",".jpg","22/05/2026 09:12:08"
"0.08","C:\Users\steve\wingman\public\template-visuals\photos\room-classroom.jpg",".jpg","22/05/2026 09:12:08"
"0.08","C:\Users\steve\wingman\public\template-photos\photo-signage.jpg",".jpg","22/05/2026 09:12:08"
"0.07","C:\Users\steve\wingman\src\wingman2\pages\DiscoveryPage.tsx.bak-template-seed-repair-20260627-075833",".bak-template-seed-repair-20260627-075833","27/06/2026 05:20:46"
"0.07","C:\Users\steve\wingman\src\wingman2\pages\DiscoveryPage.tsx.bak-template-seed-final-repair-20260627-080035",".bak-template-seed-final-repair-20260627-080035","27/06/2026 07:58:35"
"0.07","C:\Users\steve\wingman\src\wingman2\data\productSalesKnowledge.ts",".ts","05/07/2026 10:30:12"
"0.07","C:\Users\steve\wingman\public\template-visuals\vertical-government.jpg",".jpg","22/05/2026 09:12:08"
"0.07","C:\Users\steve\wingman\src\wingman2\pages\ProductCallCardsPage.tsx.bak-inline-gallery-repair-20260612-094113",".bak-inline-gallery-repair-20260612-094113","12/06/2026 09:39:58"
"0.07","C:\Users\steve\wingman\src\wingman2\pages\ProductCallCardsPage.tsx.bak-compact-product-discussion-layout-20260612-120748",".bak-compact-product-discussion-layout-20260612-120748","12/06/2026 11:56:49"
"0.07","C:\Users\steve\wingman\src\wingman2\pages\ProductCallCardsPage.tsx.bak-fix-broken-inline-css-20260612-120926",".bak-fix-broken-inline-css-20260612-120926","12/06/2026 12:07:48"
"0.07","C:\Users\steve\wingman\src\wingman2\pages\ProductCallCardsPage.tsx.bak-gallery-scope-repair-20260612-093957",".bak-gallery-scope-repair-20260612-093957","12/06/2026 09:39:01"
"0.07","C:\Users\steve\wingman\src\wingman2\pages\ProductCallCardsPage.tsx.bak-stabilise-gallery-examples-20260612-115649",".bak-stabilise-gallery-examples-20260612-115649","12/06/2026 09:43:04"
"0.07","C:\Users\steve\wingman\public\template-photos\photo-boardroom.jpg",".jpg","22/05/2026 09:12:08"
"0.07","C:\Users\steve\wingman\src\wingman2\pages\ProductCallCardsPage.tsx.bak-invalid-hook-repair-20260612-094303",".bak-invalid-hook-repair-20260612-094303","12/06/2026 09:41:14"
"0.07","C:\Users\steve\wingman\src\wingman2\pages\ProductCallCardsPage.tsx.bak-product-call-card-layout-css-clean-20260612-121431",".bak-product-call-card-layout-css-clean-20260612-121431","12/06/2026 12:09:27"
"0.07","C:\Users\steve\wingman\src\wingman2\pages\DiscoveryPage.tsx.bak-add-seed-import-20260627-080212",".bak-add-seed-import-20260627-080212","27/06/2026 08:00:36"
"0.07","C:\Users\steve\wingman\src\wingman2\pages\DiscoveryPage.tsx",".tsx","07/07/2026 05:36:34"
"0.07","C:\Users\steve\wingman\src\wingman2\pages\DiscoveryPage.tsx.bak-discovery-reset-blank-20260627-185548",".bak-discovery-reset-blank-20260627-185548","27/06/2026 11:59:33"
"0.07","C:\Users\steve\wingman\src\wingman2\pages\DiscoveryPage.tsx.bak-fix-template-return-placement-20260627-090952",".bak-fix-template-return-placement-20260627-090952","27/06/2026 09:08:32"
"0.07","C:\Users\steve\wingman\src\wingman2\pages\DiscoveryPage.tsx.bak-fix-broken-import-block-20260627-090831",".bak-fix-broken-import-block-20260627-090831","27/06/2026 09:07:17"
"0.07","C:\Users\steve\wingman\public\template-visuals\photos\room-training.jpg",".jpg","22/05/2026 09:12:08"
"0.07","C:\Users\steve\wingman\src\wingman2\pages\ProductCallCardsPage.tsx.bak-fix-missing-product-gallery-logic-20260612-093901",".bak-fix-missing-product-gallery-logic-20260612-093901","12/06/2026 09:34:10"
"0.07","C:\Users\steve\wingman\public\template-visuals\photos\room-huddle.jpg",".jpg","22/05/2026 09:12:08"
"0.07","C:\Users\steve\wingman\public\template-visuals\photos\room-control.jpg",".jpg","22/05/2026 09:12:08"
"0.07","C:\Users\steve\wingman\src\wingman2\pages\CallCardsPage.tsx.bak-consolidate-live-call-cards-20260627-142107",".bak-consolidate-live-call-cards-20260627-142107","26/06/2026 10:21:32"
"0.07","C:\Users\steve\wingman\src\wingman2\pages\DiscoveryPage.tsx.bak-force-discovery-import-20260627-080435",".bak-force-discovery-import-20260627-080435","27/06/2026 08:02:12"
"0.07","C:\Users\steve\wingman\src\wingman2\pages\DiscoveryPage.tsx.bak-template-builder-early-return-20260627-090717",".bak-template-builder-early-return-20260627-090717","27/06/2026 08:02:12"
"0.07","C:\Users\steve\wingman\src\wingman2\pages\DiscoveryPage.tsx.bak-repair-current-diff-20260627-191539",".bak-repair-current-diff-20260627-191539","27/06/2026 19:06:41"
"0.07","C:\Users\steve\wingman\src\wingman2\pages\DiscoveryPage.tsx.bak-template-panel-import-check-20260627-084020",".bak-template-panel-import-check-20260627-084020","27/06/2026 08:02:12"
"0.07","C:\Users\steve\wingman\src\wingman2\pages\DiscoveryPage.tsx.bak-remove-template-seed-blank-return-20260627-201322",".bak-remove-template-seed-blank-return-20260627-201322","27/06/2026 19:15:39"
"0.07","C:\Users\steve\wingman\src\wingman2\pages\DiscoveryPage.tsx.bak-template-panel-import-check-20260627-084250",".bak-template-panel-import-check-20260627-084250","27/06/2026 08:02:12"
"0.07","C:\Users\steve\wingman\src\wingman2\pages\DiscoveryPage.tsx.bak-template-discovery-seed-20260627-075622",".bak-template-discovery-seed-20260627-075622","27/06/2026 05:20:46"
"0.06","C:\Users\steve\wingman\public\template-visuals\vertical-all.jpg",".jpg","22/05/2026 09:12:08"
"0.06","C:\Users\steve\wingman\public\template-visuals\room-divisible.jpg",".jpg","22/05/2026 09:12:08"
"0.06","C:\Users\steve\wingman\src\wingman2\pages\ProductCallCardsPage.tsx.bak-fix-missing-productApplicationExamples-20260612-090326",".bak-fix-missing-productApplicationExamples-20260612-090326","12/06/2026 08:58:46"
"0.06","C:\Users\steve\wingman\public\template-visuals\photos\vertical-hospitality.jpg",".jpg","22/05/2026 09:12:08"
"0.06","C:\Users\steve\wingman\public\template-visuals\photos\room-divisible.jpg",".jpg","22/05/2026 09:12:08"
"0.06","C:\Users\steve\wingman\src\wingman2\data\projectStore.ts",".ts","06/07/2026 22:24:13"
"0.06","C:\Users\steve\wingman\public\product-docs\Presentation and Conferencing\Competitor Analysis\SW-640L-TX-W & APO-DG2 Competition Comparison Chart.pdf",".pdf","26/06/2026 16:13:50"
"0.06","C:\Users\steve\wingman\src\wingman2\lib\productStoryEngine.ts",".ts","06/07/2026 22:24:13"
"0.06","C:\Users\steve\wingman\src\wingman2\pages\ProductCallCardsPage.tsx.bak-product-gallery-20260612-093409",".bak-product-gallery-20260612-093409","12/06/2026 09:03:26"
"0.06","C:\Users\steve\wingman\public\template-visuals\room-training.jpg",".jpg","22/05/2026 09:12:08"
"0.06","C:\Users\steve\wingman\src\wingman2\pages\wingmanpages.zip",".zip","20/04/2026 20:50:17"
"0.06","C:\Users\steve\wingman\src\wingman2\pages\ProductCallCardsPage.tsx.bak-audio-amp-examples-20260612-085846",".bak-audio-amp-examples-20260612-085846","12/06/2026 08:57:03"
"0.05","C:\Users\steve\wingman\src\wingman2\components\WingmanGuruDrawer.tsx.bak-guru-duplicate-attribute-fix-20260622-155517",".bak-guru-duplicate-attribute-fix-20260622-155517","22/06/2026 15:18:19"
"0.05","C:\Users\steve\wingman\src\wingman2\components\WingmanGuruDrawer.tsx.bak-guru-clean-final-20260622-161818",".bak-guru-clean-final-20260622-161818","22/06/2026 16:17:51"
"0.05","C:\Users\steve\wingman\src\wingman2\components\WingmanGuruDrawer.tsx.bak-guru-final-tidy-20260622-161420",".bak-guru-final-tidy-20260622-161420","22/06/2026 16:11:22"
"0.05","C:\Users\steve\wingman\src\wingman2\components\WingmanGuruDrawer.tsx.bak-guru-final-restore-20260622-151819",".bak-guru-final-restore-20260622-151819","21/06/2026 07:13:18"
"0.05","C:\Users\steve\wingman\src\wingman2\components\WingmanGuruDrawer.tsx.bak-guru-clean-final-20260622-161750",".bak-guru-clean-final-20260622-161750","22/06/2026 16:14:20"
"0.05","C:\Users\steve\wingman\src\wingman2\pages\SalesHelperPage.tsx.bak-sales-helper-pages-20260610-204722",".bak-sales-helper-pages-20260610-204722","05/06/2026 17:11:34"
"0.05","C:\Users\steve\wingman\src\wingman2\pages\ProductFamilyPage.tsx",".tsx","07/07/2026 05:36:34"
"0.05","C:\Users\steve\wingman\src\wingman2\components\WingmanGuruDrawer.tsx",".tsx","05/07/2026 10:30:12"
"0.05","C:\Users\steve\wingman\src\__tests__\projectStore.test.ts",".ts","05/07/2026 10:30:12"
"0.05","C:\Users\steve\wingman\src\wingman2\components\WingmanGuruDrawer.tsx.bak-guru-portal-20260622-161122",".bak-guru-portal-20260622-161122","22/06/2026 15:55:17"
"0.05","C:\Users\steve\wingman\src\wingman2\pages\VideowallBuilderPage.tsx",".tsx","05/07/2026 10:30:12"
"0.05","C:\Users\steve\wingman\src\wingman2\pages\TemplatesPage.tsx.bak-template-library-refresh-20260627-071138",".bak-template-library-refresh-20260627-071138","26/06/2026 10:21:32"
"0.05","C:\Users\steve\wingman\src\wingman2\lib\roomTemplatesExtra.ts",".ts","05/07/2026 10:30:12"
"0.05","C:\Users\steve\wingman\public\template-visuals\room-classroom.jpg",".jpg","22/05/2026 09:12:08"
"0.05","C:\Users\steve\wingman\src\wingman2\pages\ProductCallCardsPage.tsx.bak-accessory-language-20260612-084803",".bak-accessory-language-20260612-084803","12/06/2026 08:41:17"
"0.05","C:\Users\steve\wingman\public\template-visuals\vertical-hospitality.jpg",".jpg","22/05/2026 09:12:08"
"0.05","C:\Users\steve\wingman\src\wingman2\pages\TemplatesPage.tsx.bak-forced-template-refresh-20260627-071725",".bak-forced-template-refresh-20260627-071725","26/06/2026 10:21:32"
"0.05","C:\Users\steve\wingman\public\template-visuals\vertical-corporate.jpg",".jpg","22/05/2026 09:12:08"
"0.05","C:\Users\steve\wingman\src\wingman2\pages\TemplatesPage.tsx.bak-template-library-refresh-20260627-070946",".bak-template-library-refresh-20260627-070946","26/06/2026 10:21:32"
"0.05","C:\Users\steve\wingman\src\wingman2\data\avGlossary.ts",".ts","05/07/2026 10:30:12"
"0.05","C:\Users\steve\wingman\src\wingman2\pages\ProductCallCardsPage.tsx.bak-direct-guru-says-20260612-084116",".bak-direct-guru-says-20260612-084116","12/06/2026 08:38:21"
"0.05","C:\Users\steve\wingman\src\wingman2\pages\ProductCallCardsPage.tsx.bak-simple-term-lookup-20260612-083820",".bak-simple-term-lookup-20260612-083820","12/06/2026 08:26:08"
"0.05","C:\Users\steve\wingman\public\template-visuals\photos\room-simulation.jpg",".jpg","22/05/2026 09:12:08"
"0.05","C:\Users\steve\wingman\src\wingman2\pages\ProductCallCardsPage.tsx.bak-four-product-cards-20260612-085134",".bak-four-product-cards-20260612-085134","12/06/2026 08:48:04"
"0.05","C:\Users\steve\wingman\src\wingman2\lib\__fixtures__\productIntelligenceIndexSample.json",".json","05/07/2026 11:21:50"
"0.05","C:\Users\steve\wingman\public\template-visuals\photos\vertical-healthcare.jpg",".jpg","22/05/2026 09:12:08"
"0.05","C:\Users\steve\wingman\src\wingman2\pages\ProductCallCardsPage.tsx.bak-targeted-checks-20260612-085703",".bak-targeted-checks-20260612-085703","12/06/2026 08:51:35"
"0.05","C:\Users\steve\wingman\public\template-visuals\room-boardroom.jpg",".jpg","22/05/2026 09:12:08"
"0.04","C:\Users\steve\wingman\public\template-visuals\vertical-education.jpg",".jpg","22/05/2026 09:12:08"
"0.04","C:\Users\steve\wingman\src\wingman2\pages\ProductCallCardsPage.tsx.bak-no-scroll-paged-20260612-070828",".bak-no-scroll-paged-20260612-070828","12/06/2026 07:06:29"
"0.04","C:\Users\steve\wingman\public\product-call-card-copy-repair-audit.json",".json","05/07/2026 10:30:12"
"0.04","C:\Users\steve\wingman\public\template-visuals\room-signage.jpg",".jpg","22/05/2026 09:12:08"
"0.04","C:\Users\steve\wingman\src\wingman2\lib\recommendationEvidence.ts",".ts","05/07/2026 10:30:12"
"0.04","C:\Users\steve\wingman\src\wingman2\lib\productCallCommercialOverrides.ts",".ts","06/07/2026 22:24:13"
"0.04","C:\Users\steve\wingman\src\wingman2\styles\wingman-redesign-theme.css.backup-clean-cards-settings-v2-20260707-055248",".backup-clean-cards-settings-v2-20260707-055248","07/07/2026 05:51:58"
"0.04","C:\Users\steve\wingman\src\wingman2\pages\ProductCallCardsPage.tsx.bak-endpoint-20260612-070057",".bak-endpoint-20260612-070057","12/06/2026 06:58:36"
"0.04","C:\Users\steve\wingman\public\template-visuals\room-huddle.jpg",".jpg","22/05/2026 09:12:08"
"0.04","C:\Users\steve\wingman\src\wingman2\lib\competitorProductIntelligence.ts",".ts","06/07/2026 22:24:13"
"0.04","C:\Users\steve\wingman\src\wingman2\lib\compareEligibilityEngine.ts",".ts","06/07/2026 22:24:13"
"0.04","C:\Users\steve\wingman\src\wingman2\lib\diagramTemplates.ts",".ts","05/07/2026 10:30:12"
"0.04","C:\Users\steve\wingman\src\wingman2\lib\competitorSpecRegistry.ts",".ts","07/07/2026 16:54:27"
"0.04","C:\Users\steve\wingman\src\wingman2\pages\ProposalPage.tsx.bak-template-proposal-handoff-20260627-094536",".bak-template-proposal-handoff-20260627-094536","27/06/2026 09:44:23"
"0.04","C:\Users\steve\wingman\src\wingman2\pages\ProposalPage.tsx.bak-template-proposal-handoff-20260627-094422",".bak-template-proposal-handoff-20260627-094422","26/06/2026 10:21:32"
"0.04","C:\Users\steve\wingman\src\__tests__\recommendationEvidence.test.ts",".ts","05/07/2026 10:30:12"
"0.04","C:\Users\steve\wingman\src\wingman2\pages\ProductCallCardsPage.tsx.bak-tabbed-product-discussion-20260612-082607",".bak-tabbed-product-discussion-20260612-082607","12/06/2026 07:57:18"
"0.04","C:\Users\steve\wingman\src\wingman2\pages\ProposalPage.tsx",".tsx","07/07/2026 05:36:34"
"0.04","C:\Users\steve\wingman\public\product-docs\NetworkHD AV over IP\NHD 500s\Competitor Analysis\NHD500 vs NVX363 Comparison (version 1).xlsx",".xlsx","26/06/2026 16:13:50"
"0.04","C:\Users\steve\wingman\src\wingman2\pages\ProductPitchPage.tsx",".tsx","07/07/2026 05:36:34"
"0.04","C:\Users\steve\wingman\src\wingman2\components\TemplateDiscoverySeedPanel.tsx",".tsx","05/07/2026 10:30:12"
"0.04","C:\Users\steve\wingman\src\wingman2\pages\ProjectDetailPage.tsx",".tsx","07/07/2026 07:12:50"
"0.04","C:\Users\steve\wingman\src\wingman2\pages\ProductCallCardsPage.tsx.bak-product-paging-20260612-070629",".bak-product-paging-20260612-070629","12/06/2026 07:04:18"
"0.04","C:\Users\steve\wingman\public\guru-bot.png",".png","28/05/2026 05:53:17"
"0.04","C:\Users\steve\wingman\src\wingman2\pages\ComparePage.tsx.bak-functional-compare-20260610-210328",".bak-functional-compare-20260610-210328","04/06/2026 21:59:03"
"0.04","C:\Users\steve\wingman\src\wingman2\pages\ProductCallCardsPage.tsx.bak-scrollbars-20260612-070418",".bak-scrollbars-20260612-070418","12/06/2026 07:00:57"
"0.04","C:\Users\steve\wingman\src\wingman2\pages\ProductCallCardsPage.tsx.bak-clean-replace-20260612-071004",".bak-clean-replace-20260612-071004","12/06/2026 07:08:29"
"0.04","C:\Users\steve\wingman\public\product-docs\Unified Communication\Competitor Analysis\APO-VX20 & APO-DG2 Competition Comparison Chart.pdf",".pdf","26/06/2026 16:13:50"
"0.03","C:\Users\steve\wingman\src\wingman2\styles\wingman-redesign-theme.css.backup-clean-cards-settings-v2-20260707-055157",".backup-clean-cards-settings-v2-20260707-055157","07/07/2026 05:49:05"
"0.03","C:\Users\steve\wingman\public\template-visuals\vertical-healthcare.jpg",".jpg","22/05/2026 09:12:08"
"0.03","C:\Users\steve\wingman\src\wingman2\styles\wingman-redesign-theme.css.backup-clean-dashboard-buttons-20260707-054624",".backup-clean-dashboard-buttons-20260707-054624","07/07/2026 05:36:34"
"0.03","C:\Users\steve\wingman\src\wingman2\styles\wingman-redesign-theme.css.backup-clean-dashboard-buttons-20260707-054905",".backup-clean-dashboard-buttons-20260707-054905","07/07/2026 05:46:24"
"0.03","C:\Users\steve\wingman\public\product-call-card-accessory-language-audit.json",".json","05/07/2026 10:30:12"
"0.03","C:\Users\steve\wingman\src\wingman2\components\TemplateDiscoverySeedPanel.tsx.bak-bom-quantity-transfer-20260627-094102",".bak-bom-quantity-transfer-20260627-094102","27/06/2026 09:18:25"
"0.03","C:\Users\steve\wingman\data\wingman-real-av-scenarios.json",".json","05/07/2026 10:30:12"
"0.03","C:\Users\steve\wingman\src\wingman2\lib\competitorMatchEngine.ts",".ts","05/07/2026 10:30:12"
"0.03","C:\Users\steve\wingman\data\wyrestorm-product-update-candidates.json",".json","05/07/2026 09:53:01"
"0.03","C:\Users\steve\wingman\src\wingman2\lib\avDecisionEvidence.ts",".ts","05/07/2026 10:30:12"
"0.03","C:\Users\steve\wingman\src\features\catalog\catalogIntelligence.ts",".ts","06/07/2026 11:32:11"
"0.03","C:\Users\steve\wingman\src\wingman2\lib\productClassification.ts",".ts","05/07/2026 10:30:12"
"0.03","C:\Users\steve\wingman\src\wingman2\lib\dependencyGovernance.ts",".ts","05/07/2026 10:30:12"
"0.03","C:\Users\steve\wingman\src\wingman2\pages\ProductCallCardsPage.tsx.bak-dynamic-products-20260612-065833",".bak-dynamic-products-20260612-065833","12/06/2026 06:50:03"
"0.03","C:\Users\steve\wingman\src\wingman2\pages\ProductCallCardsPage.tsx.bak-separate-product-discussion-room-builder-20260612-073412",".bak-separate-product-discussion-room-builder-20260612-073412","12/06/2026 07:21:32"
"0.03","C:\Users\steve\wingman\src\wingman2\pages\ProductCallCardsPage.tsx.bak-fix-product-discussion-action-20260612-074225",".bak-fix-product-discussion-action-20260612-074225","12/06/2026 07:40:08"
"0.03","C:\Users\steve\wingman\src\wingman2\pages\ProductCallCardsPage.tsx.bak-guru-term-links-20260612-075717",".bak-guru-term-links-20260612-075717","12/06/2026 07:51:07"
"0.03","C:\Users\steve\wingman\src\wingman2\pages\ProductCallCardsPage.tsx.bak-az-quick-finder-20260612-073753",".bak-az-quick-finder-20260612-073753","12/06/2026 07:34:12"
"0.03","C:\Users\steve\wingman\src\wingman2\pages\ProductCallCardsPage.tsx.bak-official-copy-support-20260612-075106",".bak-official-copy-support-20260612-075106","12/06/2026 07:42:25"
"0.03","C:\Users\steve\wingman\src\wingman2\pages\ProductCallCardsPage.tsx.bak-compact-20260612-065002",".bak-compact-20260612-065002","12/06/2026 06:47:46"
"0.03","C:\Users\steve\wingman\src\wingman2\pages\ProductCallCardsPage.tsx.bak-fix-live-call-link-20260612-072132",".bak-fix-live-call-link-20260612-072132","12/06/2026 07:18:50"
"0.03","C:\Users\steve\wingman\src\wingman2\pages\ProductCallCardsPage.tsx.bak-remove-button-description-20260612-071849",".bak-remove-button-description-20260612-071849","12/06/2026 07:10:05"
"0.03","C:\Users\steve\wingman\src\wingman2\pages\ProductCallCardsPage.tsx.bak-az-disable-empty-prefixes-20260612-074008",".bak-az-disable-empty-prefixes-20260612-074008","12/06/2026 07:37:53"
"0.03","C:\Users\steve\wingman\src\wingman2\pages\VisualDesignStudioPage.tsx",".tsx","05/07/2026 10:30:12"
"0.02","C:\Users\steve\wingman\src\wingman2\pages\TemplatesPage.tsx.bak-template-header-cleanup-20260627-072535",".bak-template-header-cleanup-20260627-072535","27/06/2026 07:17:27"
"0.02","C:\Users\steve\wingman\src\wingman2\data\workflowHandoff.ts",".ts","05/07/2026 10:30:12"
"0.02","C:\Users\steve\wingman\src\wingman2\pages\TemplatesPage.tsx.bak-template-discovery-seed-20260627-075622",".bak-template-discovery-seed-20260627-075622","27/06/2026 07:44:44"
"0.02","C:\Users\steve\wingman\src\wingman2\components\TemplateDiscoverySeedPanel.tsx.bak-remove-discovery-flow-and-unanswered-20260627-090110",".bak-remove-discovery-flow-and-unanswered-20260627-090110","27/06/2026 08:55:18"
"0.02","C:\Users\steve\wingman\src\wingman2\domain\productMatching\featureFilters.ts",".ts","06/07/2026 22:24:13"
"0.02","C:\Users\steve\wingman\src\wingman2\components\TemplateDiscoverySeedPanel.tsx.bak-client-safe-complete-template-builder-20260627-091822",".bak-client-safe-complete-template-builder-20260627-091822","27/06/2026 09:04:38"
"0.02","C:\Users\steve\wingman\src\wingman2\components\TemplateDiscoverySeedPanel.tsx.bak-hide-legacy-discovery-20260627-090437",".bak-hide-legacy-discovery-20260627-090437","27/06/2026 09:01:11"
"0.02","C:\Users\steve\wingman\src\wingman2\pages\ProfilePage.tsx",".tsx","07/07/2026 16:03:03"
"0.02","C:\Users\steve\wingman\src\wingman2\pages\TemplatesPage.tsx.bak-full-template-page-recovery-20260627-084020",".bak-full-template-page-recovery-20260627-084020","27/06/2026 08:04:35"
"0.02","C:\Users\steve\wingman\src\wingman2\lib\competitorCompareDecision.ts",".ts","06/07/2026 22:24:13"
"0.02","C:\Users\steve\wingman\src\wingman2\pages\compareTemplates.ts",".ts","05/07/2026 10:30:12"
"0.02","C:\Users\steve\wingman\src\wingman2\pages\TemplatesPage.tsx.bak-template-picker-cleanup-20260627-200806",".bak-template-picker-cleanup-20260627-200806","27/06/2026 18:38:16"
"0.02","C:\Users\steve\wingman\src\wingman2\lib\wingmanCoach.ts",".ts","05/07/2026 10:30:12"
"0.02","C:\Users\steve\wingman\data\product-intelligence-drafts.json",".json","05/07/2026 09:53:00"
"0.02","C:\Users\steve\wingman\src\wingman2\pages\TemplatesPage.tsx.bak-template-seed-final-repair-20260627-080035",".bak-template-seed-final-repair-20260627-080035","27/06/2026 07:58:35"
"0.02","C:\Users\steve\wingman\src\wingman2\pages\TemplatesPage.tsx.bak-remove-discovery-flow-and-unanswered-20260627-090110",".bak-remove-discovery-flow-and-unanswered-20260627-090110","27/06/2026 08:55:18"
"0.02","C:\Users\steve\wingman\src\wingman2\pages\TemplatesPage.tsx.bak-real-compact-template-jsx-20260627-182649",".bak-real-compact-template-jsx-20260627-182649","27/06/2026 18:02:56"
"0.02","C:\Users\steve\wingman\src\wingman2\components\workflow\WorkflowAlphaNumericFilter.tsx.bak-duplicate-alpha-helper-20260628-050052",".bak-duplicate-alpha-helper-20260628-050052","28/06/2026 04:58:57"
"0.02","C:\Users\steve\wingman\src\wingman2\pages\TemplatesPage.tsx.bak-force-close-template-function-20260627-080435",".bak-force-close-template-function-20260627-080435","27/06/2026 08:02:12"
"0.02","C:\Users\steve\wingman\src\wingman2\pages\TemplatesPage.tsx.bak-full-template-page-recovery-20260627-084250",".bak-full-template-page-recovery-20260627-084250","27/06/2026 08:40:22"
"0.02","C:\Users\steve\wingman\src\wingman2\components\compare\CompareCandidateShortlist.tsx",".tsx","05/07/2026 10:30:12"
"0.02","C:\Users\steve\wingman\src\wingman2\lib\visualStudioSamples.ts",".ts","05/07/2026 10:30:12"
"0.02","C:\Users\steve\wingman\src\wingman2\components\discovery\SourceDeviceCollator.css",".css","05/07/2026 10:30:12"
"0.02","C:\Users\steve\wingman\src\wingman2\components\compare\CompareCandidateShortlist.tsx.backup-no-equivalent-jsx-20260704-213026",".backup-no-equivalent-jsx-20260704-213026","04/07/2026 21:02:58"
"0.02","C:\Users\steve\wingman\src\wingman2\data\productIntelligenceAdmin.ts",".ts","05/07/2026 10:30:12"
"0.02","C:\Users\steve\wingman\src\wingman2\pages\TemplatesPage.tsx.bak-blank-template-route-repair-20260627-081602",".bak-blank-template-route-repair-20260627-081602","27/06/2026 08:04:35"
"0.02","C:\Users\steve\wingman\src\wingman2\pages\TemplateReviewPage.tsx",".tsx","05/07/2026 10:30:12"
"0.02","C:\Users\steve\wingman\src\wingman2\pages\TemplatesPage.tsx.bak-before-real-compact-20260627-181521",".bak-before-real-compact-20260627-181521","27/06/2026 18:02:56"
"0.02","C:\Users\steve\wingman\src\wingman2\pages\TemplatesPage.tsx.bak-close-template-function-20260627-080212",".bak-close-template-function-20260627-080212","27/06/2026 08:00:36"
"0.02","C:\Users\steve\wingman\src\wingman2\pages\TemplatesPage.tsx.bak-fix-template-staged-state-20260627-095145",".bak-fix-template-staged-state-20260627-095145","27/06/2026 09:50:09"
"0.02","C:\Users\steve\wingman\src\wingman2\pages\TemplatesPage.tsx.bak-force-add-three-control-templates-20260627-074443",".bak-force-add-three-control-templates-20260627-074443","27/06/2026 07:25:36"
"0.02","C:\Users\steve\wingman\src\wingman2\pages\TemplatesPage.tsx.bak-remove-template-alpha-filter-20260627-183815",".bak-remove-template-alpha-filter-20260627-183815","27/06/2026 18:26:49"
"0.02","C:\Users\steve\wingman\src\wingman2\pages\TemplatesPage.tsx.bak-compact-template-cards-20260627-180256",".bak-compact-template-cards-20260627-180256","27/06/2026 11:59:33"
"0.02","C:\Users\steve\wingman\src\wingman2\lib\wyrestormCompareProfile.ts",".ts","06/07/2026 22:24:13"
"0.02","C:\Users\steve\wingman\src\wingman2\lib\knownCompareProfiles.ts",".ts","05/07/2026 10:30:12"
"0.02","C:\Users\steve\wingman\src\wingman2\lib\knownWyrestormCompareProfiles.ts",".ts","05/07/2026 10:30:12"
"0.02","C:\Users\steve\wingman\src\wingman2\lib\documentIngest\skuTriage.ts",".ts","06/07/2026 22:24:13"
"0.02","C:\Users\steve\wingman\src\wingman2\pages\TemplatesPage.tsx.bak-three-control-room-templates-clean-20260627-074146",".bak-three-control-room-templates-clean-20260627-074146","27/06/2026 07:25:36"
"0.02","C:\Users\steve\wingman\src\wingman2\lib\schematic\wingmanSchematicEngine.ts",".ts","07/07/2026 18:27:23"
"0.02","C:\Users\steve\wingman\src\wingman2\lib\productPitchGuidance.ts",".ts","05/07/2026 10:30:12"
"0.02","C:\Users\steve\wingman\src\wingman2\productMatching\featureFilters.ts",".ts","06/07/2026 22:24:13"
"0.02","C:\Users\steve\wingman\src\wingman2\lib\networkHdAvoipEquivalence.ts",".ts","05/07/2026 10:30:12"
"0.02","C:\Users\steve\wingman\src\wingman2\pages\TemplatesPage.tsx.bak-template-solution-builder-20260627-085516",".bak-template-solution-builder-20260627-085516","27/06/2026 08:42:52"
"0.02","C:\Users\steve\wingman\public\wyrestorm-product-update-check.json",".json","05/07/2026 10:30:12"
"0.02","C:\Users\steve\wingman\src\wingman2\pages\TemplatesPage.tsx.bak-template-stage-highlight-20260627-095008",".bak-template-stage-highlight-20260627-095008","27/06/2026 09:01:11"
"0.02","C:\Users\steve\wingman\src\wingman2\pages\TemplatesPage.tsx.bak-template-seed-repair-20260627-075833",".bak-template-seed-repair-20260627-075833","27/06/2026 07:44:44"
"0.02","C:\Users\steve\wingman\src\wingman2\pages\TemplatesPage.tsx.bak-three-control-room-templates-20260627-074044",".bak-three-control-room-templates-20260627-074044","27/06/2026 07:25:36"
"0.02","C:\Users\steve\wingman\src\wingman2\lib\documentIngest\multiSkuCompetitorIngest.ts",".ts","06/07/2026 22:24:13"
"0.02","C:\Users\steve\wingman\src\wingman2\lib\situationalConstraints.ts",".ts","05/07/2026 10:30:12"
"0.01","C:\Users\steve\wingman\src\wingman2\app\route-manifest.json",".json","05/07/2026 10:30:12"
"0.01","C:\Users\steve\wingman\src\wingman2\components\WingmanGuruFab.tsx",".tsx","05/07/2026 10:30:12"
"0.01","C:\Users\steve\wingman\src\__tests__\documentExtract.test.ts",".ts","05/07/2026 10:30:12"
"0.01","C:\Users\steve\wingman\src\wingman2\components\WingmanGuruFab.tsx.bak-guru-clean-final-20260622-161750",".bak-guru-clean-final-20260622-161750","22/06/2026 15:55:17"
"0.01","C:\Users\steve\wingman\data\catalog\wyrestorm-catalog.phase1.json",".json","05/07/2026 10:30:12"
"0.01","C:\Users\steve\wingman\src\wingman2\lib\wyrestormSkuBusinessStatus.ts",".ts","07/07/2026 05:36:34"
"0.01","C:\Users\steve\wingman\src\wingman2\logic\usbPathValidator.ts",".ts","05/07/2026 10:30:12"
"0.01","C:\Users\steve\wingman\src\wingman2\logic\matrixOutputModel.ts",".ts","05/07/2026 10:30:12"
"0.01","C:\Users\steve\wingman\src\wingman2\logic\productClassifier.ts",".ts","06/07/2026 22:24:13"
"0.01","C:\Users\steve\wingman\src\wingman2\utils\installCompactGuruBridge.ts.bak-simple-term-lookup-20260612-083820",".bak-simple-term-lookup-20260612-083820","12/06/2026 08:32:48"
"0.01","C:\Users\steve\wingman\src\wingman2\components\WingmanGuruFab.tsx.bak-guru-clean-final-20260622-161818",".bak-guru-clean-final-20260622-161818","22/06/2026 16:17:51"
"0.01","C:\Users\steve\wingman\src\wingman2\components\WingmanGuruFab.tsx.bak-guru-duplicate-attribute-fix-20260622-155517",".bak-guru-duplicate-attribute-fix-20260622-155517","22/06/2026 15:18:19"
"0.01","C:\Users\steve\wingman\src\wingman2\lib\schematic\schematicProductRules.ts",".ts","07/07/2026 18:26:26"
"0.01","C:\Users\steve\wingman\src\wingman2\components\WingmanGuruFab.tsx.bak-guru-final-restore-20260622-151819",".bak-guru-final-restore-20260622-151819","21/06/2026 07:13:18"
"0.01","C:\Users\steve\wingman\src\wingman2\pages\DashboardPage.tsx.dashboard-route-crop-20260707-185107.bak",".bak","07/07/2026 06:21:49"
"0.01","C:\Users\steve\wingman\src\__tests__\discoveryWorkflowRendered.test.tsx",".tsx","05/07/2026 10:30:12"
"0.01","C:\Users\steve\wingman\src\__tests__\competitorMatchEngine.test.ts",".ts","05/07/2026 10:30:12"
"0.01","C:\Users\steve\wingman\src\wingman2\lib\schematic\wingmanSchematicEngine.test.ts",".ts","07/07/2026 18:28:00"
"0.01","C:\Users\steve\wingman\src\__tests__\compareWorkflowRendered.test.tsx",".tsx","07/07/2026 05:36:34"
"0.01","C:\Users\steve\wingman\src\wingman2\components\ProductMediaPanel.tsx",".tsx","05/07/2026 10:30:12"
"0.01","C:\Users\steve\wingman\src\wingman2\lib\wyrestormProductLifecycle.ts",".ts","07/07/2026 05:36:34"
"0.01","C:\Users\steve\wingman\src\wingman2\components\ProductSalesKnowledgePanel.tsx",".tsx","05/07/2026 10:30:12"
"0.01","C:\Users\steve\wingman\src\wingman2\components\TemplateProposalSeedPanel.tsx",".tsx","05/07/2026 10:30:12"
"0.01","C:\Users\steve\wingman\src\wingman2\components\TemplateDiscoverySeedPanel.tsx.bak-template-solution-builder-20260627-085516",".bak-template-solution-builder-20260627-085516","27/06/2026 07:58:34"
"0.01","C:\Users\steve\wingman\src\wingman2\components\TemplateDiscoverySeedPanel.tsx.bak-template-seed-final-repair-20260627-080035",".bak-template-seed-final-repair-20260627-080035","27/06/2026 07:58:34"
"0.01","C:\Users\steve\wingman\src\wingman2\pages\ProjectsPage.tsx.bak-project-heading-scroll-20260627-054828",".bak-project-heading-scroll-20260627-054828","26/06/2026 10:21:32"
"0.01","C:\Users\steve\wingman\data\wingman-product-role-overrides.json",".json","05/07/2026 09:53:01"
"0.01","C:\Users\steve\wingman\data\wyrestorm-product-role-overrides.json",".json","05/07/2026 09:53:01"
"0.01","C:\Users\steve\wingman\src\wingman2\components\ResponsePackContextPanel.tsx",".tsx","05/07/2026 10:30:12"
"0.01","C:\Users\steve\wingman\src\wingman2\pages\ProjectsPage.tsx",".tsx","07/07/2026 07:12:50"
"0.01","C:\Users\steve\wingman\src\wingman2\components\ReportProblemButton.tsx",".tsx","05/07/2026 10:30:12"
"0.01","C:\Users\steve\wingman\src\wingman2\pages\DashboardPage.tsx",".tsx","07/07/2026 18:51:07"
"0.01","C:\Users\steve\wingman\src\wingman2\pages\TemplatesPage.tsx",".tsx","07/07/2026 19:52:14"
"0.01","C:\Users\steve\wingman\src\__tests__\productPitchWorkflowRendered.test.tsx",".tsx","05/07/2026 10:30:12"
"0.01","C:\Users\steve\wingman\src\wingman2\components\VoiceAnswerCaptureOverlay.tsx",".tsx","05/07/2026 10:30:12"
"0.01","C:\Users\steve\wingman\src\wingman2\pages\CatalogBrowserPage.tsx",".tsx","07/07/2026 05:36:34"
"0.01","C:\Users\steve\wingman\data\catalog\competitor-compare.seed.json",".json","05/07/2026 10:30:12"
"0.01","C:\Users\steve\wingman\src\__tests__\productFamilyShortlistRanking.test.ts",".ts","05/07/2026 10:30:12"
"0.01","C:\Users\steve\wingman\src\__tests__\projectDetailRankingReasonRendered.test.tsx",".tsx","07/07/2026 05:36:34"
"0.01","C:\Users\steve\wingman\src\wingman2\components\TemplateSchematic.tsx",".tsx","05/07/2026 10:30:12"
"0.01","C:\Users\steve\wingman\src\wingman2\components\GuruCallNotesInterpreter.tsx",".tsx","05/07/2026 10:30:12"
"0.01","C:\Users\steve\wingman\src\wingman2\pages\ComparePageNew.advanced.realCatalog.test.ts",".ts","05/07/2026 11:21:50"
"0.01","C:\Users\steve\wingman\src\wingman2\components\AVSignalFlowDiagram.tsx",".tsx","05/07/2026 10:30:12"
"0.01","C:\Users\steve\wingman\src\wingman2\pages\SupportPage.tsx",".tsx","05/07/2026 10:30:12"
"0.01","C:\Users\steve\wingman\src\wingman2\components\VisualStudioCanvas.tsx",".tsx","05/07/2026 11:21:50"
"0.01","C:\Users\steve\wingman\src\wingman2\lib\compareCandidateGate.ts",".ts","06/07/2026 22:24:13"
"0.01","C:\Users\steve\wingman\src\wingman2\lib\proposalExport.ts",".ts","05/07/2026 10:30:12"
"0.01","C:\Users\steve\wingman\src\wingman2\layout\AppShell.tsx.bak-lazy-guru-tidy-20260622-203517",".bak-lazy-guru-tidy-20260622-203517","22/06/2026 20:33:28"
"0.01","C:\Users\steve\wingman\src\wingman2\lib\projectRequirements.ts",".ts","05/07/2026 10:30:12"
"0.01","C:\Users\steve\wingman\src\wingman2\lib\compareManufacturerAssist.ts",".ts","05/07/2026 10:30:12"
"0.01","C:\Users\steve\wingman\src\wingman2\lib\compareEquivalenceGuard.ts",".ts","05/07/2026 10:30:12"
"0.01","C:\Users\steve\wingman\src\wingman2\lib\recommendationEvidence.priority3.test.ts",".ts","05/07/2026 10:30:12"
"0.01","C:\Users\steve\wingman\src\wingman2\pages\NavigationHubPages.tsx.bak-final-remove-live-call-card-20260627-175027",".bak-final-remove-live-call-card-20260627-175027","27/06/2026 17:47:26"
"0.01","C:\Users\steve\wingman\src\wingman2\data\wingmanLanguage.ts",".ts","05/07/2026 10:30:12"
"0.01","C:\Users\steve\wingman\src\wingman2\data\usbTierRules.ts",".ts","05/07/2026 10:30:12"
"0.01","C:\Users\steve\wingman\src\wingman2\layout\AppShell.tsx.bak-lazy-guru-20260622-203328",".bak-lazy-guru-20260622-203328","21/06/2026 07:13:18"
"0.01","C:\Users\steve\wingman\src\wingman2\layout\AppShell.tsx",".tsx","05/07/2026 10:30:12"
"0.01","C:\Users\steve\wingman\src\wingman2\lib\rigorousCompare.ts",".ts","05/07/2026 10:30:12"
"0.01","C:\Users\steve\wingman\src\wingman2\lib\networkHdAvoipEquivalence.test.ts",".ts","05/07/2026 10:30:12"
"0.01","C:\Users\steve\wingman\src\wingman2\lib\microphoneSafety.ts",".ts","05/07/2026 10:30:12"
"0.01","C:\Users\steve\wingman\src\wingman2\pages\TemplatesPage.tsx.remove-template-library-band-20260707-195213.bak",".bak","07/07/2026 08:14:58"
"0.01","C:\Users\steve\wingman\src\wingman2\pages\NavigationHubPages.tsx.bak-remove-inbound-call-tile-20260627-174725",".bak-remove-inbound-call-tile-20260627-174725","27/06/2026 14:41:51"
"0.01","C:\Users\steve\wingman\src\wingman2\pages\TemplatesPage.tsx.remove-template-library-band-20260707-194956.bak",".bak","07/07/2026 08:14:58"
"0.01","C:\Users\steve\wingman\src\wingman2\lib\productCheatSheet.ts",".ts","05/07/2026 10:30:12"
"0.01","C:\Users\steve\wingman\src\wingman2\lib\documentExtract.ts",".ts","06/07/2026 22:24:13"
"0.01","C:\Users\steve\wingman\src\wingman2\pages\NavigationHubPages.tsx.bak-repair-callcoach-page-20260627-175237",".bak-repair-callcoach-page-20260627-175237","27/06/2026 17:50:27"
"0.01","C:\Users\steve\wingman\src\wingman2\lib\compareRuntimePipeline.ts",".ts","05/07/2026 10:30:12"
"0.01","C:\Users\steve\wingman\src\wingman2\lib\compareManufacturerAssist.ts.bak-fix-stale-compare-manufacturer-20260627-111058",".bak-fix-stale-compare-manufacturer-20260627-111058","27/06/2026 11:08:07"
"0.01","C:\Users\steve\wingman\src\wingman2\pages\NavigationHubPages.tsx.bak-remove-redundant-call-buttons-20260627-153111",".bak-remove-redundant-call-buttons-20260627-153111","27/06/2026 14:41:51"
"0.01","C:\Users\steve\wingman\src\wingman2\pages\NavigationHubPages.tsx.bak-remove-callcoach-loop-20260627-143501",".bak-remove-callcoach-loop-20260627-143501","26/06/2026 10:21:32"
"0.01","C:\Users\steve\wingman\src\wingman2\lib\competitorCompareBehaviour.test.ts",".ts","06/07/2026 22:24:13"
"0.01","C:\Users\steve\wingman\src\wingman2\components\workflow\WorkflowAlphaNumericFilter.tsx.bak-prune-alpha-readout-20260627-194017",".bak-prune-alpha-readout-20260627-194017","27/06/2026 19:36:51"
"0.01","C:\Users\steve\wingman\src\wingman2\components\workflow\WorkflowAlphaNumericFilter.tsx.bak-disable-duplicate-alpha-20260628-045857",".bak-disable-duplicate-alpha-20260628-045857","27/06/2026 19:40:17"
"0.01","C:\Users\steve\wingman\src\wingman2\components\workflow\WorkflowAlphaNumericFilter.tsx.bak-disable-alpha-readout-dom-20260627-191207",".bak-disable-alpha-readout-dom-20260627-191207","27/06/2026 19:10:19"
"0.01","C:\Users\steve\wingman\src\wingman2\content\feature-audit.json",".json","05/07/2026 10:30:12"
"0.01","C:\Users\steve\wingman\src\wingman2\components\workflow\WorkflowAlphaNumericFilter.tsx.bak-remove-alpha-readout-20260627-190847",".bak-remove-alpha-readout-20260627-190847","27/06/2026 13:49:46"
"0.01","C:\Users\steve\wingman\src\wingman2\components\workflow\WorkflowAlphaNumericFilter.tsx.bak-remove-alpha-actual-readout-20260627-193650",".bak-remove-alpha-actual-readout-20260627-193650","27/06/2026 19:12:07"
"0.01","C:\Users\steve\wingman\src\wingman2\lib\situationalConstraints.test.ts",".ts","05/07/2026 10:30:12"
"0.01","C:\Users\steve\wingman\src\wingman2\lib\visualStudioProductConnection.ts",".ts","05/07/2026 10:30:12"
"0.01","C:\Users\steve\wingman\src\wingman2\lib\compareManufacturerAssist.ts.bak-compare-manufacturer-auto-advance-20260627-110806",".bak-compare-manufacturer-auto-advance-20260627-110806","27/06/2026 11:05:43"
"0.01","C:\Users\steve\wingman\src\wingman2\components\workflow\WorkflowAlphaNumericFilter.tsx.bak-disable-alpha-readout-dom-20260627-191018",".bak-disable-alpha-readout-dom-20260627-191018","27/06/2026 19:08:47"
"0.01","C:\Users\steve\wingman\src\wingman2\components\visualDesign\WingmanGeneratedSchematicPanel.tsx",".tsx","07/07/2026 18:17:13"
"0.01","C:\Users\steve\wingman\src\wingman2\lib\documentIngest\multiSkuCompetitorIngest.test.ts",".ts","06/07/2026 22:24:13"
"0.01","C:\Users\steve\wingman\src\wingman2\pages\GlossaryPage.tsx",".tsx","05/07/2026 10:30:12"
"0.01","C:\Users\steve\wingman\src\wingman2\pages\VisualStudioPage.tsx",".tsx","05/07/2026 10:30:12"
"0.01","C:\Users\steve\wingman\src\wingman2\pages\IntelligencePage.tsx",".tsx","05/07/2026 10:30:12"
"0.01","C:\Users\steve\wingman\src\wingman2\pages\NavigationHubPages.tsx",".tsx","05/07/2026 10:30:12"
"0.01","C:\Users\steve\wingman\src\wingman2\lib\roomSchematic.ts",".ts","05/07/2026 10:30:12"
"0.01","C:\Users\steve\wingman\src\wingman2\lib\visualStudioDiagramFactory.ts",".ts","05/07/2026 10:30:12"
"0.01","C:\Users\steve\wingman\src\wingman2\lib\salesReadiness.ts",".ts","05/07/2026 10:30:12"
"0.01","C:\Users\steve\wingman\src\wingman2\pages\IngestPage.tsx",".tsx","07/07/2026 05:36:34"
"0.01","C:\Users\steve\wingman\src\wingman2\pages\IngestPage.multiSku.test.tsx",".tsx","06/07/2026 22:24:13"
"0.01","C:\Users\steve\wingman\src\wingman2\lib\templateDiscoverySeeds.ts",".ts","05/07/2026 10:30:12"
"0","C:\Users\steve\wingman\public\template-visuals\room-bingo-led.svg",".svg","22/05/2026 09:12:08"
"0","C:\Users\steve\wingman\public\template-visuals\vertical-all.svg",".svg","22/05/2026 09:12:08"
"0","C:\Users\steve\wingman\public\template-visuals\room-control.svg",".svg","22/05/2026 09:12:08"
"0","C:\Users\steve\wingman\src\App.tsx",".tsx","05/07/2026 10:30:12"
"0","C:\Users\steve\wingman\public\template-visuals\room-classroom.svg",".svg","22/05/2026 09:12:08"
"0","C:\Users\steve\wingman\public\template-visuals\room-council.svg",".svg","22/05/2026 09:12:08"
"0","C:\Users\steve\wingman\public\template-visuals\room-casino.svg",".svg","22/05/2026 09:12:08"
"0","C:\Users\steve\wingman\public\template-visuals\room-boardroom.svg",".svg","22/05/2026 09:12:08"
"0","C:\Users\steve\wingman\public\template-visuals\room-divisible.svg",".svg","22/05/2026 09:12:08"
"0","C:\Users\steve\wingman\public\template-visuals\room-situation-room.svg",".svg","22/05/2026 09:12:08"
"0","C:\Users\steve\wingman\public\template-visuals\vertical-retail.svg",".svg","22/05/2026 09:12:08"
"0","C:\Users\steve\wingman\public\template-visuals\room-sports.svg",".svg","22/05/2026 09:12:08"
"0","C:\Users\steve\wingman\public\template-visuals\room-security-command.svg",".svg","22/05/2026 09:12:08"
"0","C:\Users\steve\wingman\public\template-visuals\room-signage.svg",".svg","22/05/2026 09:12:08"
"0","C:\Users\steve\wingman\public\template-visuals\room-simulation.svg",".svg","22/05/2026 09:12:08"
"0","C:\Users\steve\wingman\public\template-visuals\vertical-education.svg",".svg","22/05/2026 09:12:08"
"0","C:\Users\steve\wingman\public\template-visuals\vertical-government.svg",".svg","22/05/2026 09:12:08"
"0","C:\Users\steve\wingman\public\template-visuals\vertical-healthcare.svg",".svg","22/05/2026 09:12:08"
"0","C:\Users\steve\wingman\public\template-visuals\room-stadium.svg",".svg","22/05/2026 09:12:08"
"0","C:\Users\steve\wingman\public\template-visuals\room-training.svg",".svg","22/05/2026 09:12:08"
"0","C:\Users\steve\wingman\public\template-visuals\vertical-corporate.svg",".svg","22/05/2026 09:12:08"
"0","C:\Users\steve\wingman\public\template-visuals\room-huddle.svg",".svg","22/05/2026 09:12:08"
"0","C:\Users\steve\wingman\public\template-visuals\room-hybrid-teaching.svg",".svg","22/05/2026 09:12:08"
"0","C:\Users\steve\wingman\public\template-visuals\room-lecture.svg",".svg","22/05/2026 09:12:08"
"0","C:\Users\steve\wingman\public\template-visuals\room-feature-wall.svg",".svg","22/05/2026 09:12:08"
"0","C:\Users\steve\wingman\public\template-visuals\room-flex-learning.svg",".svg","22/05/2026 09:12:08"
"0","C:\Users\steve\wingman\public\template-visuals\room-flexible-av.svg",".svg","22/05/2026 09:12:08"
"0","C:\Users\steve\wingman\public\template-visuals\room-pub-matrix.svg",".svg","22/05/2026 09:12:08"
"0","C:\Users\steve\wingman\public\template-visuals\room-school-hall.svg",".svg","22/05/2026 09:12:08"
"0","C:\Users\steve\wingman\public\template-photos\README.md",".md","05/07/2026 10:30:12"
"0","C:\Users\steve\wingman\public\template-visuals\room-multicamera.svg",".svg","22/05/2026 09:12:08"
"0","C:\Users\steve\wingman\public\template-visuals\room-nhd600-lab.svg",".svg","22/05/2026 09:12:08"
"0","C:\Users\steve\wingman\public\template-visuals\vertical-hospitality.svg",".svg","22/05/2026 09:12:08"
"0","C:\Users\steve\wingman\src\wingman2\domain\productMatching\text.ts",".ts","05/07/2026 10:30:12"
"0","C:\Users\steve\wingman\src\wingman2\domain\productMatching\types.ts",".ts","05/07/2026 10:30:12"
"0","C:\Users\steve\wingman\src\wingman2\data\wingmanProfile.ts",".ts","05/07/2026 10:30:12"
"0","C:\Users\steve\wingman\src\wingman2\domain\productMatching\index.ts",".ts","28/05/2026 05:53:17"
"0","C:\Users\steve\wingman\src\wingman2\lib\compareSkuNormalization.test.ts",".ts","05/07/2026 10:30:12"
"0","C:\Users\steve\wingman\src\wingman2\lib\competitorCompareDecision.test.ts",".ts","05/07/2026 10:30:12"
"0","C:\Users\steve\wingman\src\wingman2\lib\adminProductOverrides.test.ts",".ts","07/07/2026 05:36:34"
"0","C:\Users\steve\wingman\src\wingman2\lib\adminProductOverrides.ts",".ts","07/07/2026 05:36:34"
"0","C:\Users\steve\wingman\src\wingman2\data\New Text Document.txt",".txt","20/04/2026 10:06:33"
"0","C:\Users\steve\wingman\src\wingman2\data\productMedia.ts",".ts","05/07/2026 10:30:12"
"0","C:\Users\steve\wingman\src\wingman2\content\featureAudit.ts",".ts","05/07/2026 10:30:12"
"0","C:\Users\steve\wingman\src\wingman2\data\competitorSourceFeeds.ts",".ts","05/07/2026 10:30:12"
"0","C:\Users\steve\wingman\src\wingman2\data\schematicWorkspaceHandoff.ts",".ts","05/07/2026 10:30:12"
"0","C:\Users\steve\wingman\src\wingman2\data\ucCompetitorProducts.ts",".ts","05/07/2026 11:21:50"
"0","C:\Users\steve\wingman\src\wingman2\data\productStoriesLifecycle.test.ts",".ts","05/07/2026 10:30:12"
"0","C:\Users\steve\wingman\src\wingman2\data\productWorkspaceHandoff.ts",".ts","05/07/2026 10:30:12"
"0","C:\Users\steve\wingman\src\wingman2\lib\competitorProductIntelligence.test.ts",".ts","05/07/2026 10:30:12"
"0","C:\Users\steve\wingman\src\wingman2\lib\productStoryEngine.cameraCopy.test.ts",".ts","05/07/2026 10:30:12"
"0","C:\Users\steve\wingman\src\wingman2\lib\productStoryEngine.confidence.test.ts",".ts","05/07/2026 10:30:12"
"0","C:\Users\steve\wingman\src\wingman2\lib\productFamilyShortlistRanking.ts",".ts","05/07/2026 10:30:12"
"0","C:\Users\steve\wingman\src\wingman2\lib\productIntelligenceIndexCache.ts",".ts","05/07/2026 10:30:12"
"0","C:\Users\steve\wingman\src\wingman2\lib\salesConversationTone.ts",".ts","05/07/2026 10:30:12"
"0","C:\Users\steve\wingman\src\wingman2\lib\savedCompetitorSpecs.ts",".ts","07/07/2026 16:47:14"
"0","C:\Users\steve\wingman\src\wingman2\lib\proposalExport.test.ts",".ts","05/07/2026 10:30:12"
"0","C:\Users\steve\wingman\src\wingman2\lib\requirementsParser.ts",".ts","05/07/2026 10:30:12"
"0","C:\Users\steve\wingman\src\wingman2\lib\documentExtract.xlsx.test.ts",".ts","06/07/2026 22:24:13"
"0","C:\Users\steve\wingman\src\wingman2\lib\guruDetachedPanel.ts",".ts","05/07/2026 10:30:12"
"0","C:\Users\steve\wingman\src\wingman2\lib\competitorSpecRegistry.integrity.test.ts",".ts","05/07/2026 10:30:12"
"0","C:\Users\steve\wingman\src\wingman2\lib\diagramMermaid.ts",".ts","05/07/2026 10:30:12"
"0","C:\Users\steve\wingman\src\wingman2\lib\productCallCardClassification.test.ts",".ts","05/07/2026 10:30:12"
"0","C:\Users\steve\wingman\src\wingman2\lib\productCallCardClassification.ts",".ts","05/07/2026 10:30:12"
"0","C:\Users\steve\wingman\src\wingman2\lib\knownWyrestormMatrixProfiles.ts",".ts","05/07/2026 10:30:12"
"0","C:\Users\steve\wingman\src\wingman2\lib\networkHdAvoipRoleGate.test.ts",".ts","05/07/2026 10:30:12"
"0","C:\Users\steve\wingman\src\wingman2\app\routes.tsx",".tsx","05/07/2026 10:30:12"
"0","C:\Users\steve\wingman\src\wingman2\app\routes.tsx.bak-sales-helper-compact-20260610-203224",".bak-sales-helper-compact-20260610-203224","08/06/2026 09:12:41"
"0","C:\Users\steve\wingman\src\wingman2\api\wingmanApi.ts",".ts","05/07/2026 10:30:12"
"0","C:\Users\steve\wingman\src\wingman2\app\routeCatalog.ts",".ts","05/07/2026 10:30:12"
"0","C:\Users\steve\wingman\src\wingman2\components\PageHero.tsx",".tsx","07/07/2026 06:21:49"
"0","C:\Users\steve\wingman\src\wingman2\components\ProductInSituDiagram.tsx",".tsx","05/07/2026 10:30:12"
"0","C:\Users\steve\wingman\src\wingman2\app\WingmanApp.tsx",".tsx","05/07/2026 10:30:12"
"0","C:\Users\steve\wingman\src\wingman2\app\wingmanDisplayScaleGuard.ts",".ts","05/07/2026 10:30:12"
"0","C:\Users\steve\wingman\src\vite-env.d.ts",".ts","05/07/2026 10:30:12"
"0","C:\Users\steve\wingman\src\components\ErrorBoundary.tsx",".tsx","05/07/2026 10:30:12"
"0","C:\Users\steve\wingman\src\main.tsx",".tsx","07/07/2026 19:42:35"
"0","C:\Users\steve\wingman\src\main.tsx.templates-click-expand-20260707-194235.bak",".bak","07/07/2026 06:21:49"
"0","C:\Users\steve\wingman\src\wingman2\types.ts",".ts","05/07/2026 10:30:12"
"0","C:\Users\steve\wingman\src\wingman2\api\csrf.ts",".ts","05/07/2026 10:30:12"
"0","C:\Users\steve\wingman\src\components\index.ts",".ts","06/06/2026 19:28:49"
"0","C:\Users\steve\wingman\src\wingman2\README.md",".md","05/07/2026 10:30:12"
"0","C:\Users\steve\wingman\src\wingman2\components\ProductPositioningStatement.tsx.bak-20260612-063429",".bak-20260612-063429","07/06/2026 14:51:01"
"0","C:\Users\steve\wingman\src\wingman2\components\layout\WingmanCard.tsx",".tsx","05/07/2026 10:30:12"
"0","C:\Users\steve\wingman\src\wingman2\components\layout\WingmanFilterBar.tsx",".tsx","05/07/2026 10:30:12"
"0","C:\Users\steve\wingman\src\wingman2\components\layout\index.ts",".ts","28/05/2026 05:53:17"
"0","C:\Users\steve\wingman\src\wingman2\components\layout\WingmanActionBar.tsx",".tsx","05/07/2026 10:30:12"
"0","C:\Users\steve\wingman\src\wingman2\components\layout\WingmanPanel.tsx",".tsx","05/07/2026 10:30:12"
"0","C:\Users\steve\wingman\src\wingman2\components\layout\WingmanRouteTabs.tsx",".tsx","05/07/2026 10:30:12"
"0","C:\Users\steve\wingman\src\wingman2\components\layout\WingmanPageFrame.tsx",".tsx","05/07/2026 10:30:12"
"0","C:\Users\steve\wingman\src\wingman2\components\layout\WingmanPageHero.tsx",".tsx","05/07/2026 10:30:12"
"0","C:\Users\steve\wingman\src\wingman2\components\StatusChip.tsx",".tsx","07/07/2026 07:12:50"
"0","C:\Users\steve\wingman\src\wingman2\components\WingmanCoachPanel.tsx",".tsx","05/07/2026 10:30:12"
"0","C:\Users\steve\wingman\src\wingman2\components\RoomSchematicDiagram.tsx",".tsx","05/07/2026 10:30:12"
"0","C:\Users\steve\wingman\src\wingman2\components\SectionCard.tsx",".tsx","05/07/2026 10:30:12"
"0","C:\Users\steve\wingman\src\wingman2\components\branding\GuruAssistantAvatar.tsx",".tsx","05/07/2026 10:30:12"
"0","C:\Users\steve\wingman\src\wingman2\components\compare\CompareBackToListButton.tsx",".tsx","05/07/2026 10:30:12"
"0","C:\Users\steve\wingman\src\wingman2\components\WingmanViewportFitControl.tsx",".tsx","05/07/2026 10:30:12"
"0","C:\Users\steve\wingman\src\wingman2\components\WingmanWorkspacePage.tsx",".tsx","05/07/2026 10:30:12"
"0","C:\Users\steve\wingman\src\__tests__\visualDesignGeneratedSchematic.test.tsx",".tsx","05/07/2026 10:30:12"
"0","C:\Users\steve\wingman\src\__tests__\visualStudioLayoutGuard.test.ts",".ts","05/07/2026 10:30:12"
"0","C:\Users\steve\wingman\src\__tests__\singleGuruEntryPoint.test.ts",".ts","05/07/2026 10:30:12"
"0","C:\Users\steve\wingman\src\__tests__\templateWorkflowRendered.test.tsx",".tsx","05/07/2026 10:30:12"
"0","C:\Users\steve\wingman\src\__tests__\workflowHandoffFinder.test.ts",".ts","05/07/2026 10:30:12"
"0","C:\Users\steve\wingman\src\__tests__\wyrestormCapabilityDecision.test.ts",".ts","05/07/2026 10:30:12"
"0","C:\Users\steve\wingman\src\__tests__\visualStudioSeedAndCanvasGuard.test.ts",".ts","05/07/2026 10:30:12"
"0","C:\Users\steve\wingman\src\__tests__\wingmanCoach.test.ts",".ts","05/07/2026 10:30:12"
"0","C:\Users\steve\wingman\src\__tests__\pageHeroGuidance.test.tsx",".tsx","07/07/2026 05:36:34"
"0","C:\Users\steve\wingman\src\__tests__\productFamilyScoreSurfacing.test.ts",".ts","05/07/2026 10:30:12"
"0","C:\Users\steve\wingman\src\__tests__\finderProductFamilyRenderedFlow.test.tsx",".tsx","05/07/2026 10:30:12"
"0","C:\Users\steve\wingman\src\__tests__\ingestNextStep.test.tsx",".tsx","07/07/2026 05:36:34"
"0","C:\Users\steve\wingman\src\__tests__\productStoryLayer.test.ts",".ts","06/07/2026 22:24:13"
"0","C:\Users\steve\wingman\src\__tests__\setup.ts",".ts","06/06/2026 19:28:49"
"0","C:\Users\steve\wingman\src\__tests__\productIntelligenceIndexCacheUsage.test.ts",".ts","05/07/2026 10:30:12"
"0","C:\Users\steve\wingman\src\__tests__\productStoryCoverage.test.ts",".ts","05/07/2026 10:30:12"
"0","C:\Users\steve\wingman\src\__tests__\fixtures\documentIngest\blustreamPacific.fixture.ts",".ts","06/07/2026 22:24:13"
"0","C:\Users\steve\wingman\data\backend\wingman-users.json",".json","30/03/2026 10:10:04"
"0","C:\Users\steve\wingman\data\catalog\product-data-manifest.generated.json",".json","07/07/2026 20:39:44"
"0","C:\Users\steve\wingman\data\backend\wingman-projects.json",".json","30/03/2026 10:10:04"
"0","C:\Users\steve\wingman\data\backend\wingman-sessions.json",".json","30/03/2026 10:10:04"
"0","C:\Users\steve\wingman\public\robots.txt",".txt","28/05/2026 05:53:17"
"0","C:\Users\steve\wingman\public\wingman-logo.svg",".svg","26/04/2026 14:45:40"
"0","C:\Users\steve\wingman\data\governance\wingman-governance.json",".json","05/07/2026 10:30:12"
"0","C:\Users\steve\wingman\data\runtime\wingman-app-db.json",".json","07/07/2026 16:51:28"
"0","C:\Users\steve\wingman\data\wingman-quote-safety-rules.json",".json","05/07/2026 10:30:12"
"0","C:\Users\steve\wingman\data\wyrestorm-lifecycle-manual-decisions.json",".json","05/07/2026 10:30:12"
"0","C:\Users\steve\wingman\data\competitor-approvals.json",".json","05/07/2026 09:53:00"
"0","C:\Users\steve\wingman\data\wingman-product-suppression-list.json",".json","05/07/2026 10:30:12"
"0","C:\Users\steve\wingman\data\backend\competitor-diagnostics.json",".json","05/07/2026 10:30:12"
"0","C:\Users\steve\wingman\data\backend\product-intelligence.json",".json","05/07/2026 10:30:12"
"0","C:\Users\steve\wingman\data\admin\wingman-product-admin-db.json",".json","07/07/2026 05:36:34"
"0","C:\Users\steve\wingman\data\backend\competitor-approvals.json",".json","30/03/2026 10:10:04"
"0","C:\Users\steve\wingman\src\wingman2\lib\schematic\schematicLayoutEngine.ts",".ts","05/07/2026 10:30:12"
"0","C:\Users\steve\wingman\src\wingman2\lib\schematic\schematicTypes.ts",".ts","07/07/2026 18:25:54"
"0","C:\Users\steve\wingman\src\wingman2\lib\wyrestormSkuBusinessStatus.test.ts",".ts","07/07/2026 05:36:34"
"0","C:\Users\steve\wingman\src\wingman2\lib\schematic\index.ts",".ts","02/07/2026 08:24:40"
"0","C:\Users\steve\wingman\src\wingman2\pages\CallCardsPage.tsx.bak-sales-facing-language-20260627-142951",".bak-sales-facing-language-20260627-142951","27/06/2026 14:21:08"
"0","C:\Users\steve\wingman\src\wingman2\pages\catalogBrowserLifecycle.test.ts",".ts","07/07/2026 05:36:34"
"0","C:\Users\steve\wingman\src\wingman2\pages\CallCardsPage.tsx",".tsx","05/07/2026 10:30:12"
"0","C:\Users\steve\wingman\src\wingman2\pages\CallCardsPage.tsx.bak-remove-redundant-call-buttons-20260627-153111",".bak-remove-redundant-call-buttons-20260627-153111","27/06/2026 14:41:51"
"0","C:\Users\steve\wingman\src\wingman2\lib\visualStudioProductConnection.test.ts",".ts","05/07/2026 10:30:12"
"0","C:\Users\steve\wingman\src\wingman2\lib\visualStudioTypes.ts",".ts","05/07/2026 10:30:12"
"0","C:\Users\steve\wingman\src\wingman2\lib\skuAliasResolver.ts",".ts","05/07/2026 10:30:12"
"0","C:\Users\steve\wingman\src\wingman2\lib\templatesCardExpansion.ts",".ts","07/07/2026 19:42:35"
"0","C:\Users\steve\wingman\src\wingman2\lib\wyrestormCapabilityProfiles.ts",".ts","07/07/2026 07:57:10"
"0","C:\Users\steve\wingman\src\wingman2\lib\wyrestormProductLifecycle.test.ts",".ts","07/07/2026 05:36:34"
"0","C:\Users\steve\wingman\src\wingman2\lib\wirelessCastingRecommendationRules.test.ts",".ts","06/07/2026 22:24:13"
"0","C:\Users\steve\wingman\src\wingman2\lib\wirelessCastingRecommendationRules.ts",".ts","06/07/2026 22:24:13"
"0","C:\Users\steve\wingman\src\wingman2\pages\ComparePageNew.ingestDrill.test.tsx",".tsx","06/07/2026 22:24:13"
"0","C:\Users\steve\wingman\src\__tests__\compareCandidateProductFamilyReason.test.tsx",".tsx","05/07/2026 10:30:12"
"0","C:\Users\steve\wingman\src\__tests__\discoveryStageStates.test.tsx",".tsx","05/07/2026 10:30:12"
"0","C:\Users\steve\wingman\src\wingman2\theme\wingmanVisualRouteFlags.ts",".ts","05/07/2026 10:30:12"
"0","C:\Users\steve\wingman\src\wingman2\types\productPositioning.ts",".ts","05/07/2026 10:30:12"
"0","C:\Users\steve\wingman\src\__tests__\finderProductFamilyRanking.test.ts",".ts","05/07/2026 10:30:12"
"0","C:\Users\steve\wingman\src\__tests__\finderProductFamilyReason.test.ts",".ts","05/07/2026 10:30:12"
"0","C:\Users\steve\wingman\src\__tests__\ErrorBoundary.test.tsx",".tsx","05/07/2026 10:30:12"
"0","C:\Users\steve\wingman\src\__tests__\finderDiscoveryResults.test.tsx",".tsx","05/07/2026 10:30:12"
"0","C:\Users\steve\wingman\src\wingman2\pages\ProductCallCardsPage.tsx.bak-20260612-064745",".bak-20260612-064745","10/06/2026 13:17:03"
"0","C:\Users\steve\wingman\src\wingman2\pages\SalesHelperPage.tsx",".tsx","05/07/2026 10:30:12"
"0","C:\Users\steve\wingman\src\wingman2\pages\ComparePageNew.tsx",".tsx","05/07/2026 10:30:12"
"0","C:\Users\steve\wingman\src\wingman2\pages\ProductCallCardsPage.tsx.bak-20260612-064510",".bak-20260612-064510","10/06/2026 13:17:03"
"0","C:\Users\steve\wingman\src\wingman2\productMatching\types.ts",".ts","05/07/2026 10:30:12"
"0","C:\Users\steve\wingman\src\wingman2\styles\CSS_MIGRATION_REGISTER.md",".md","07/07/2026 06:21:49"
"0","C:\Users\steve\wingman\src\wingman2\productMatching\index.ts",".ts","28/05/2026 05:53:26"
"0","C:\Users\steve\wingman\src\wingman2\productMatching\text.ts",".ts","05/07/2026 10:30:12"
